consensus_index,share_negative,reaction_score,reaction_composition,totalReactions
0.9908148092378927,0.004592595381053662,0.9776209677419355,Mixed,59447
0.9990460704607046,0.00047696476964769645,0.9998490110221954,Mixed,47187
0.07639706045602895,0.5381985302280144,0.6299490950226244,Mixed,46463
0.9903519842939279,0.00482400785303604,0.991371116536519,Mixed,40810
0.9915973951925097,0.004201302403745161,0.9911589776563253,Mixed,39516
0.9562039235286768,0.021898038235661627,0.7116394399066511,Mixed,36786
0.995149077141505,0.0024254614292475154,1.0,Mixed,34341
0.15314766286793832,0.4234261685660308,0.6907099307636664,Mixed,33792
0.5978239169494909,0.20108804152525453,0.7670139866704215,Mixed,33425
0.7201080130620447,0.13994599346897765,0.8532044028392141,Mixed,32555
0.9830824372759857,0.00845878136200717,0.9956499299564993,Mixed,30690
0.9912571291964072,0.004371435401796387,0.9775453247832293,Mixed,30481
0.9367866549604916,0.03160667251975417,0.9962654633159573,Mixed,30215
0.9979114452798663,0.0010442773600668337,0.9948503379465723,Mixed,29511
0.9953298307063632,0.002335084646818447,0.9983972848119167,Mixed,28030
0.6847253096221022,0.15763734518894887,0.8253138075313807,Mixed,27963
0.9426219682742638,0.0286890158628681,0.959349593495935,Mixed,27665
0.9855088702147525,0.007245564892623716,0.9996233805363061,Mixed,27359
0.9788716565520341,0.010564171723982918,0.9946998437848694,Mixed,27128
0.7490445859872611,0.12547770700636943,0.9465674670273926,Mixed,26695
0.13314037626628075,0.5665701881331404,0.5027922385234264,Mixed,26601
0.9761748523547524,0.011912573822623795,0.9821976672805403,Mixed,26262
0.5875845860853357,0.20620770695733215,0.8528381730628921,Mixed,25794
0.8717559824738793,0.06412200876306033,0.7630813953488372,Mixed,24734
0.9145553437776022,0.04272232811119892,0.939515723902341,Mixed,23923
0.9771743995226018,0.01141280023869909,0.9812686030996612,Mixed,23616
0.7128749668170958,0.14356251659145208,0.8396676183806496,Mixed,23457
0.9082150101419878,0.045892494929006086,0.8383838383838383,Mixed,22894
0.9586215120438827,0.02068924397805867,0.9893920595533499,Mixed,21923
0.9686856595642805,0.015657170217859707,0.9986573176189766,Mixed,21910
0.9785773406689712,0.010711329665514387,0.9941501671380818,Mixed,21909
0.33136144680131835,0.33431927659934085,0.5956451239286542,Mixed,21636
0.8986408176166895,0.05067959119165525,0.9455662591083117,Mixed,21361
0.998767071320182,0.0006164643399089529,0.998533724340176,Mixed,21342
0.9503985828166519,0.024800708591674048,0.9782190254280215,Mixed,21084
0.9983527231545352,0.0008236384227324205,0.9812745324405449,Mixed,20683
0.3330030959752322,0.33349845201238393,0.7774670244529271,Mixed,20362
0.9857279795505378,0.007136010224731068,1.0,Mixed,20350
0.7535864104821586,0.12320679475892071,0.995049504950495,Mixed,20033
0.9583309352517986,0.02083453237410072,1.0,Mixed,19976
0.7950270959515461,0.10248645202422697,0.967704969267632,Mixed,19883
0.9985274783066,0.0007362608466999737,0.9813399823051556,Mixed,19861
0.8197812648597242,0.0901093675701379,0.8826558265582656,Mixed,19586
0.9326521133302369,0.03367394333488156,0.9301461052995591,Mixed,19548
0.5210604558969276,0.23946977205153616,0.8168947616800377,Mixed,19528
0.19087202837930853,0.5954360141896543,0.4612467333800752,Mixed,19340
0.9420122610890732,0.028993869455463398,0.9874909790714458,Mixed,19211
0.4986307453186293,0.25068462734068536,0.7898347365138759,Mixed,18923
0.682738669238187,0.15863066538090645,0.9714594964110744,Mixed,18478
0.04520881601615873,0.5226044080080794,0.5013079667063021,Mixed,18435
0.9425102660239243,0.02874486698803785,0.9861245835266332,Mixed,18345
0.9483301827347196,0.0258349086326402,0.9721682185613425,Mixed,18177
0.904294843215931,0.04785257839203448,0.9738746690203001,Mixed,18169
0.006023411751335379,0.5030117058756677,0.5378137292924816,Mixed,18060
0.9549736769188141,0.022513161540592963,0.9862660944206009,Mixed,17888
0.8509823003466942,0.07450884982665287,0.9013143652389052,Mixed,17816
0.13284671532846715,0.5664233576642336,0.40784752999237,Mixed,17804
0.950929788587994,0.02453510570600297,0.9837700551322555,Mixed,17618
0.5937112122465866,0.20314439387670666,0.8671775223499362,Mixed,17450
0.7906707228741127,0.10466463856294365,0.8514644351464435,Mixed,17323
0.9839209225700165,0.008039538714991763,1.0,Mixed,17249
0.8827671913835957,0.058616404308202155,0.9791666666666666,Mixed,17229
0.9722588251612456,0.01387058741937721,0.9808021940349674,Mixed,17157
0.14304842669047088,0.42847578665476455,0.977830368315108,Mixed,17089
0.9676335117639736,0.016183244118013196,0.7067448680351907,Mixed,17073
0.9466386278504304,0.02668068607478478,0.9990447076805502,Mixed,16951
0.9205025699600229,0.03974871501998858,0.8257142857142857,Mixed,16918
0.8675421530479897,0.06622892347600519,0.9637426900584796,Mixed,16781
0.02430667094978049,0.5121533354748903,0.5439488263178937,Mixed,16638
0.9763138415988157,0.011843079200592153,0.9691318327974277,Mixed,16581
0.9265671641791045,0.03671641791044776,0.9867806991957998,Mixed,16530
0.9675021607605877,0.016248919619706138,0.9883775930806136,Mixed,16136
0.9497536945812808,0.025123152709359605,0.9781494661921708,Mixed,16109
0.9443582960868375,0.027820851956581228,0.9860422706443468,Mixed,15997
0.9976961474465634,0.00115192627671829,0.9975754636925688,Mixed,15848
0.9383886255924171,0.030805687203791468,0.6456043956043956,Mixed,15779
0.9691939981410171,0.015403000929491435,0.9806185179970904,Mixed,15656
0.9838643511554765,0.008067824422261725,1.0,Mixed,15642
0.9842897665284748,0.0078551167357626,0.9732090856144437,Mixed,15604
0.9674993035565048,0.016250348221747608,0.9806883158916819,Mixed,15603
0.9963053374678367,0.0018473312660816784,0.9982758620689656,Mixed,15569
0.9412271878143411,0.02938640609282943,0.9894891551240369,Mixed,15515
0.874145828640084,0.06292708567995794,0.8459045071002264,Mixed,15369
0.9595314164004259,0.02023429179978701,0.9929906542056075,Mixed,15341
0.9486534632715079,0.025673268364246046,0.9248293445184637,Mixed,15144
0.8693162216242324,0.0653418891878838,0.9956217162872154,Mixed,15074
0.4476162448499117,0.27619187757504415,0.8333333333333334,Mixed,15048
0.9402478607258778,0.02987606963706108,0.9696289646918013,Mixed,15037
0.9398188723342098,0.03009056383289512,0.8,Mixed,14715
0.9478273402032139,0.026086329898393025,0.8945338860503229,Mixed,14565
0.9671746776084408,0.016412661195779603,0.9807023093957609,Mixed,14556
0.7888711644928216,0.10556441775358918,0.9220221039705281,Mixed,14387
0.9026913561736262,0.048654321913186895,0.8136249274240371,Mixed,14275
0.967436510043359,0.016281744978320502,0.981513828238719,Mixed,14259
0.991783852109338,0.004108073945331016,0.9953531598513011,Mixed,14181
0.9407002828440456,0.029649858577977178,0.9862471827422842,Mixed,14107
0.9702248484383393,0.014887575780830328,0.9924433249370277,Mixed,14094
0.891232470641888,0.05438376467905598,0.8650137741046832,Mixed,14041
0.9913405767502655,0.004329711624867249,0.9941894247530505,Mixed,14002
0.9114451285766026,0.04427743571169866,0.9811653914067098,Mixed,13992
0.9894647145402432,0.005267642729878379,0.9913861125723303,Mixed,13967
0.9428460718783299,0.028576964060835028,0.9891873908342343,Mixed,13888
0.9925925925925926,0.003703703703703704,0.9927257167308515,Mixed,13854
0.9706519124368534,0.01467404378157325,0.9217405164169589,Mixed,13852
0.9356526288255297,0.03217368558723516,0.935045532157086,Mixed,13731
0.9966934696024649,0.0016532651987675659,0.9945082376435347,Mixed,13587
0.36081362200477696,0.3195931889976115,0.701114333689513,Mixed,13549
0.962819089900111,0.018590455049944506,0.9790489883947828,Mixed,13538
0.945233612870101,0.02738319356494951,0.9679048367186623,Mixed,13533
0.9004126031507877,0.04979369842460615,0.824783644801204,Mixed,13522
0.5264306091626112,0.2367846954186944,0.793544404268454,Mixed,13475
0.5608348134991119,0.21958259325044405,0.7840393934656871,Mixed,13435
0.9632311071341414,0.01838444643292931,0.9837262057402111,Mixed,13423
0.9242089064153121,0.03789554679234394,0.9880285006760555,Mixed,13395
0.929499409466703,0.035250295266648496,0.9920835438773792,Mixed,13368
0.9563309866340169,0.02183450668299153,0.97583165497604,Mixed,13289
0.98794022546535,0.006029887267325002,0.9870786516853932,Mixed,13279
0.667406901264093,0.16629654936795354,0.8289835584621967,Mixed,13213
0.9299773558613482,0.035011322069325904,0.9420529801324503,Mixed,13139
0.013705066959041428,0.4931474665204793,0.8961263261781397,Mixed,13120
0.9040083289953149,0.04799583550234253,0.9983604407135362,Mixed,13056
0.5032936949268543,0.24835315253657284,0.772531328320802,Mixed,13046
0.4151578947368421,0.29242105263157897,0.7536231884057971,Mixed,12772
0.936064152579107,0.03196792371044647,0.9990999099909991,Mixed,12711
0.9339194280745822,0.033040285962708915,0.9580903790087464,Mixed,12582
0.7930214115781126,0.10348929421094369,0.836564295955373,Mixed,12577
0.4447329978899529,0.27763350105502355,0.6645722571290479,Mixed,12572
0.6549856102928728,0.17250719485356356,0.9231442437743655,Mixed,12445
0.9090127114594284,0.045493644270285766,0.8493943472409152,Mixed,12436
0.9469875316069405,0.026506234196529775,0.9874888790035588,Mixed,12416
0.6951817068191098,0.15240914659044508,0.6069078947368421,Mixed,12392
0.9584829443447038,0.020758527827648116,0.9931318681318682,Mixed,12359
0.9580044205873066,0.0209977897063467,0.854872280037843,Mixed,12356
0.3833492822966507,0.3083253588516746,0.7629046369203849,Mixed,12324
0.910958904109589,0.04452054794520548,0.9216676139212998,Mixed,12191
0.9708186447316882,0.014590677634155894,0.9910832232496698,Mixed,12156
0.9925988225399496,0.003700588730025231,0.9899706252622744,Mixed,12130
0.9349629465767061,0.03251852671164694,0.9344585091420534,Mixed,12112
0.8815905743740795,0.059204712812960233,0.8922108575924469,Mixed,12107
0.07013078205915914,0.5350653910295796,0.4654031722185306,Mixed,12093
0.9131642288465099,0.043417885576745044,0.996855110445526,Mixed,12060
0.0030354131534569982,0.5015177065767285,0.5205128205128206,Mixed,12037
0.706074297188755,0.14696285140562249,0.8925778900517262,Mixed,12023
0.97035127296165,0.014824363519174991,0.9848967947642222,Mixed,11959
0.5990325645676773,0.20048371771616136,0.5911441756842776,Mixed,11949
0.9439005027785128,0.028049748610743584,0.9473979520269322,Mixed,11841
0.9465779875563184,0.026711006221840805,0.9676113360323887,Mixed,11834
0.9952706253284288,0.002364687335785602,1.0,Mixed,11570
0.5955749002538991,0.20221254987305043,0.7743305587424024,Mixed,11539
0.9410374424679686,0.029481278766015674,0.9821428571428571,Mixed,11478
0.9998123651374425,0.00009381743127873159,0.9996208862512941,Mixed,11449
0.9950345805993971,0.002482709700301472,0.9532990574121679,Mixed,11448
0.9991176989588848,0.0004411505205576143,0.9876418561447438,Mixed,11419
0.9611514158670723,0.019424292066463844,0.9836407935955447,Mixed,11383
0.928937402539541,0.03553129873022945,0.9969230769230769,Mixed,11259
0.40565160810559586,0.7028258040527979,0.4788265370693801,Mixed,11254
0.9426670890085525,0.02866645549572379,0.8558823529411764,Mixed,11251
0.8998033329883035,0.050098333505848254,0.7470858353938538,Mixed,11230
0.8178324365872406,0.09108378170637971,0.9851875532821824,Mixed,11168
0.5135529798302455,0.7567764899151228,0.3427485750474984,Mixed,11166
0.934125636672326,0.03293718166383701,0.9825,Mixed,11059
0.9275793650793651,0.036210317460317464,0.943250214961307,Mixed,11014
0.15651678998292545,0.5782583949914627,0.4121615675691532,Mixed,11009
0.41779837034670075,0.2911008148266496,0.536986301369863,Mixed,10930
0.599478390461997,0.2002608047690015,0.6277602523659306,Mixed,10929
0.024113475177304965,0.4879432624113475,0.6161106233538192,Mixed,10921
0.9392331166246517,0.03038344168767414,0.9789822185849267,Mixed,10899
0.9858032106585126,0.007098394670743693,0.9194985153414714,Mixed,10782
0.9387052341597796,0.030647382920110194,0.9765454545454545,Mixed,10721
0.981415579280348,0.009292210359826018,0.9948398193936788,Mixed,10708
0.03705254343730375,0.4814737282813481,0.537758346581876,Mixed,10682
0.18032464338416135,0.40983767830791934,0.7180281690140845,Mixed,10625
0.5455352738036507,0.22723236309817466,0.7930082796688133,Mixed,10609
0.9671421544515494,0.016428922774225283,0.9999240352476451,Mixed,10557
0.9478980322003577,0.02605098389982111,0.9796014067995311,Mixed,10536
0.7984172345570455,0.10079138272147725,0.8138165007642695,Mixed,10491
0.8894529046813311,0.05527354765933446,0.8176470588235294,Mixed,10422
0.7612068965517241,0.11939655172413793,0.8978521478521478,Mixed,10394
0.3910570700137282,0.30447146499313593,0.6248730567924381,Mixed,10363
0.004457652303120356,0.49777117384843983,0.655099122773119,Mixed,10344
0.9930923892932034,0.003453805353398298,0.933663638865951,Mixed,10344
0.9388118107435076,0.030594094628246176,0.9726265479035412,Mixed,10235
0.5284719377304383,0.7642359688652192,0.33076499724821135,Mixed,10218
0.4496155402670983,0.2751922298664508,0.5491721854304635,Mixed,10177
0.7238149628783552,0.13809251856082239,0.8362284142427793,Mixed,10151
0.76171875,0.119140625,0.8881295874462162,Mixed,10101
0.9444444444444444,0.027777777777777776,0.9866141732283464,Mixed,10083
0.8215847828298241,0.08920760858508799,0.8616279069767442,Mixed,10063
0.9508413064995052,0.024579346750247442,0.9685114503816794,Mixed,10053
0.8731657260133402,0.06341713699332992,0.9983383833447366,Mixed,10051
0.39704301075268816,0.3014784946236559,0.7916102841677943,Mixed,10034
0.9551259100131281,0.022437044993435972,0.9839706892603618,Mixed,10019
0.11800610376398779,0.559003051881994,0.614938080495356,Mixed,10000
0.07855582145458329,0.5392779107272917,0.5356566327984047,Mixed,10000
0.6530051642676629,0.17349741786616854,0.8524760176302826,Mixed,10000
0.5506152414434908,0.7753076207217454,0.372849713295106,Mixed,10000
0.974663018141279,0.012668490929360494,0.9624875373878365,Mixed,10000
0.9780040733197556,0.010997963340122199,1.0,Mixed,10000
0.984375,0.0078125,0.9923835125448028,Mixed,10000
0.1781701444622793,0.5890850722311396,0.5581395348837209,Mixed,10000
0.8081574093051855,0.09592129534740726,0.8571032954860149,Mixed,10000
0.967793452222518,0.016103273888741016,0.9638467100506146,Mixed,10000
0.9920609376676323,0.003969531166183886,0.9889583610482905,Mixed,10000
0.8845834814551488,0.05770825927242564,0.9589296826384568,Mixed,10000
0.9696061201281919,0.015196939935904062,0.9613180515759312,Mixed,10000
0.9408081957882755,0.029595902105862264,0.8355815729193179,Mixed,10000
0.7714053284523084,0.11429733577384583,0.9513171759747102,Mixed,10000
0.9405413863245189,0.029729306837740572,0.9783624949913183,Mixed,9941
0.9123832974248487,0.04380835128757567,0.9913885898815931,Mixed,9929
0.008561462847479126,0.4957192685762604,0.6663188212213549,Mixed,9900
0.9652731401095231,0.01736342994523841,0.9827586206896551,Mixed,9765
0.6025701300736561,0.1987149349631719,0.8461352155560169,Mixed,9728
0.2572084715488645,0.6286042357744323,0.5719398711524696,Mixed,9723
0.9981265611990008,0.0009367194004995837,0.989734723647955,Mixed,9721
0.9523162445954293,0.023841877702285363,0.9515135279935708,Mixed,9713
0.798005249343832,0.10099737532808399,0.9180982820615262,Mixed,9699
0.9828186672858138,0.008590666357093104,0.9833333333333333,Mixed,9643
0.9538410079161557,0.023079496041922175,0.9252336448598131,Mixed,9635
0.9638741134751773,0.018062943262411348,0.9829952267303103,Mixed,9605
0.9638260097647581,0.01808699511762095,1.0,Mixed,9599
0.21365056476808458,0.3931747176159577,0.6366389099167298,Mixed,9594
0.813856529736358,0.09307173513182097,0.9490767735665695,Mixed,9592
0.955857763905919,0.022071118047040462,0.996031746031746,Mixed,9582
0.2582370560547711,0.37088147197261445,0.674749102629844,Mixed,9531
0.8762088974854932,0.061895551257253385,0.9680573663624511,Mixed,9527
0.9516919486581097,0.024154025670945156,0.9852941176470589,Mixed,9514
0.6947185142193848,0.1526407428903076,0.9471034330847415,Mixed,9492
0.7452937820878494,0.1273531089560753,0.8447971781305115,Mixed,9492
0.9984420209214333,0.0007789895392833296,1.0,Mixed,9466
0.8717825739408473,0.06410871302957634,0.9280602171767028,Mixed,9431
0.9472378216011492,0.02638108919942536,0.7230769230769231,Mixed,9404
0.8291734604289477,0.08541326978552614,0.8830214671105499,Mixed,9349
0.9285188998382115,0.03574055008089425,0.9691316146540027,Mixed,9336
0.3118632928031548,0.6559316464015774,0.4225447230404483,Mixed,9316
0.9969036560676432,0.0015481719661783971,0.9983993448481239,Mixed,9288
0.9125640015754234,0.043717999212288305,0.9677184023344885,Mixed,9237
0.9330450104116611,0.03347749479416947,0.9985113005819461,Mixed,9202
0.9984285553934223,0.0007857223032888091,0.9844018246922058,Mixed,9172
0.45604395604395603,0.27197802197802196,0.6062176165803109,Mixed,9128
0.9165361378384426,0.041731931080778696,0.9521943573667712,Mixed,9034
0.7708029197080292,0.1145985401459854,0.8944832570464948,Mixed,9010
0.9835002946375958,0.008249852681202121,0.9950201110898296,Mixed,8988
0.05686320205080401,0.471568398974598,0.478719723183391,Mixed,8982
0.9927272727272727,0.0036363636363636364,0.98989898989899,Mixed,8942
0.9216885007278021,0.03915574963609898,0.9625516240651858,Mixed,8923
0.5869597726932855,0.20652011365335726,0.902424333684686,Mixed,8920
0.9708908406524467,0.014554579673776663,0.9777244359097456,Mixed,8849
0.652672908486862,0.173663545756569,0.8375029864500495,Mixed,8830
0.901392259547835,0.04930387022608251,0.9274193548387096,Mixed,8802
0.9827673593512417,0.008616320324379118,0.9953488372093023,Mixed,8781
0.8818100625186067,0.059094968740696634,0.7946943483275664,Mixed,8778
0.9742489270386266,0.012875536480686695,0.9921228197090266,Mixed,8771
0.8865062761506276,0.05674686192468619,1.0,Mixed,8762
0.7947154471544715,0.10264227642276423,0.8845595353339787,Mixed,8761
0.883926318445622,0.058036840777189,0.8010610079575596,Mixed,8751
0.4963205233033524,0.2518397383483238,0.6500174641983933,Mixed,8724
0.859958932238193,0.07002053388090348,0.977511961722488,Mixed,8662
0.3995067817509248,0.3002466091245376,0.8122786304604487,Mixed,8656
0.9372738238841978,0.031363088057901084,0.9142199194012666,Mixed,8643
0.7269279393173198,0.13653603034134007,0.8395255147717099,Mixed,8607
0.808355243938066,0.09582237803096699,0.5378858079692066,Mixed,8600
0.8776049310243617,0.06119753448781919,0.8920308483290489,Mixed,8597
0.668806161745828,0.16559691912708602,0.8648409893992933,Mixed,8570
0.3144077377213918,0.3427961311393041,0.7154313801578063,Mixed,8476
0.999156355455568,0.000421822272215973,0.9727749281325743,Mixed,8476
0.7846556233653008,0.1076721883173496,0.8910669975186104,Mixed,8449
0.6130035775392751,0.19349821123036243,0.7400648824006488,Mixed,8445
0.9623376623376624,0.01883116883116883,0.990966459197787,Mixed,8419
0.9176987614862165,0.04115061925689173,0.9525258673158856,Mixed,8417
0.9265723743605176,0.0367138128197412,0.9527683022828654,Mixed,8404
0.9632881085395052,0.018355945730247406,0.9746998284734134,Mixed,8328
0.985756517065305,0.007121741467347487,0.981660294212948,Mixed,8251
0.9699026261434052,0.015048686928297432,0.967834772304046,Mixed,8223
0.6245794227023198,0.1877102886488401,0.8214087631724903,Mixed,8195
0.8620931046552328,0.06895344767238362,0.7658862876254181,Mixed,8189
0.876277421992097,0.06186128900395149,0.8497712073213657,Mixed,8094
0.6228783340464984,0.18856083297675083,0.837448950517618,Mixed,8068
0.9276827371695179,0.03615863141524106,0.8888888888888888,Mixed,8025
0.9597200887523468,0.020139955623826592,0.9790343074968234,Mixed,8016
0.9676172063798937,0.016191396810053167,0.9673580014140938,Mixed,8009
0.5873846577606391,0.20630767111968049,0.7943044827835126,Mixed,7987
0.9504364967614757,0.02478175161926218,0.9787234042553191,Mixed,7881
0.954328897650731,0.022835551174634466,0.9891036386944089,Mixed,7849
0.6863714122790344,0.1568142938604828,0.8875680580762251,Mixed,7847
0.7894901470128245,0.10525492649358774,0.905982905982906,Mixed,7835
0.32332632842990094,0.33833683578504953,0.8210526315789474,Mixed,7823
0.21748604112760453,0.39125697943619775,0.531351263771873,Mixed,7801
0.11369338439191866,0.44315330780404066,0.5816013012832099,Mixed,7740
0.536,0.232,0.795440414507772,Mixed,7716
0.8433718920356336,0.07831405398218322,0.9615210794757569,Mixed,7683
0.9361611576110086,0.03191942119449567,0.991166077738516,Mixed,7651
0.9454638998456526,0.027268050077173728,0.9894875164257556,Mixed,7640
0.6062608695652174,0.1968695652173913,0.9683640303358613,Mixed,7637
0.1620021528525296,0.4189989235737352,0.5027812113720643,Mixed,7636
0.9013578274760383,0.04932108626198083,0.9594313453536755,Mixed,7632
0.916952380952381,0.041523809523809525,0.9835456055691797,Mixed,7604
0.9209057566576304,0.03954712167118482,0.9826103758091006,Mixed,7597
0.4213081976578121,0.289345901171094,0.7076998528690535,Mixed,7552
0.3958600999286224,0.6979300499643112,0.39359408684939945,Mixed,7543
0.8641315111903347,0.06793424440483264,0.9659574468085106,Mixed,7542
0.9824780976220275,0.008760951188986232,1.0,Mixed,7531
0.9471683009805884,0.026415849509705824,0.9711340206185567,Mixed,7480
0.9997288135593221,0.00013559322033898305,0.9996382105336394,Mixed,7466
0.9664145234493192,0.016792738275340394,0.9333333333333333,Mixed,7451
0.9488292758567219,0.025585362071639015,0.9708980044345898,Mixed,7418
0.9464915091316886,0.026754245434155718,0.9748554913294798,Mixed,7417
0.9063967136150235,0.046801643192488265,0.9803063457330415,Mixed,7407
0.9626510435737825,0.01867447821310875,1.0,Mixed,7405
0.5374819102749638,0.23125904486251808,0.5987361769352291,Mixed,7324
0.9440453686200379,0.027977315689981096,0.976245924545878,Mixed,7321
0.9510905485789821,0.024454725710508923,0.9340243319733892,Mixed,7309
0.539543057996485,0.23022847100175747,0.758232127206711,Mixed,7306
0.9996235648409562,0.00018821757952192734,0.9626859255438054,Mixed,7231
0.952495586583213,0.023752206708393515,0.9608091024020228,Mixed,7224
0.9965748537177108,0.0017125731411445698,0.9924305935240872,Mixed,7205
0.032267838206332375,0.4838660808968338,0.5346085887685335,Mixed,7192
0.6586531702516519,0.17067341487417403,0.7088901801278327,Mixed,7166
0.18272519954389965,0.4086374002280502,0.6101525821596244,Mixed,7162
0.9159611163374098,0.04201944183129508,0.9785102517518817,Mixed,7161
0.9985889657118668,0.0007055171440666008,0.9258933618036802,Mixed,7123
0.8305084745762712,0.0847457627118644,0.9629237288135594,Mixed,7103
0.9976994967649173,0.0011502516175413372,0.9890200952972861,Mixed,7097
0.9821664464993395,0.00891677675033025,0.9854093223658441,Mixed,7095
0.9528521536670547,0.02357392316647264,0.9677504859515815,Mixed,7068
0.949936628643853,0.025031685678073512,0.9204239933248864,Mixed,7058
0.9566371681415929,0.02168141592920354,0.9803662761920475,Mixed,7049
0.8439901406408583,0.07800492967957083,0.9022511848341233,Mixed,7004
0.45290423861852436,0.2735478806907378,0.7087378640776699,Mixed,6990
0.40901152637093957,0.2954942368145302,0.8019858156028369,Mixed,6972
0.9955693398316349,0.002215330084182543,0.9917149958574979,Mixed,6910
0.2626168224299065,0.6313084112149533,0.5415778251599147,Mixed,6886
0.7642201834862385,0.11788990825688074,0.8748528834837191,Mixed,6883
0.9454094292803971,0.02729528535980149,0.9694406077348067,Mixed,6868
0.9496080627099664,0.025195968645016796,0.9940764674205708,Mixed,6859
0.9017211274632078,0.049139436268396106,1.0,Mixed,6856
0.9508315256688359,0.024584237165582067,0.9020310633213859,Mixed,6847
0.9065074135090609,0.04674629324546952,0.995224344735673,Mixed,6800
0.9655172413793104,0.017241379310344827,0.9826365700547616,Mixed,6729
0.9992551210428305,0.00037243947858472997,0.9929154335933997,Mixed,6716
0.9984898822108125,0.0007550588945937784,0.9987901451825781,Mixed,6689
0.6409032494951349,0.17954837525243253,0.8919765166340509,Mixed,6658
0.04970989493492238,0.4751450525325388,0.5738575982996812,Mixed,6657
0.24628930817610062,0.3768553459119497,0.7111650485436893,Mixed,6636
0.8981877418041132,0.05090612909794339,0.71875,Mixed,6622
0.4006713457430577,0.2996643271284712,0.8888888888888888,Mixed,6617
0.77460024600246,0.11269987699876999,0.9353817703332267,Mixed,6567
0.07493379031001714,0.46253310484499144,0.47375048851448176,Mixed,6514
0.9433681073025335,0.028315946348733235,0.8217000691085004,Mixed,6514
0.454375,0.7271875,0.4258890548089154,Mixed,6492
0.8819011041766682,0.059049447911665866,0.8419243986254296,Mixed,6472
0.7147021315357989,0.14264893423210057,0.875,Mixed,6460
0.9264776549735704,0.0367611725132148,0.9670492410218438,Mixed,6456
0.9152941176470588,0.042352941176470586,0.9696625567813109,Mixed,6455
0.9497939303109779,0.02510303484451105,0.975398378529494,Mixed,6454
0.9693812460131831,0.015309376993408463,0.9852586437952292,Mixed,6450
0.5127180996426319,0.24364095017868403,0.7038917089678511,Mixed,6426
0.4601287766220901,0.2699356116889549,0.7804718217562254,Mixed,6415
0.2589792060491493,0.3705103969754253,0.5620915032679739,Mixed,6411
0.9941910131556467,0.0029044934221766614,0.9815170627793325,Mixed,6399
0.9592827792304819,0.020358610384759057,0.9919678714859438,Mixed,6381
0.9054988475469213,0.047250576226539345,0.9349295774647888,Mixed,6361
0.8713506576836701,0.0643246711581649,0.9674371274894606,Mixed,6349
0.7497949138638228,0.1251025430680886,0.8693508627773213,Mixed,6327
0.9760416666666667,0.011979166666666667,0.9779009900990099,Mixed,6302
0.8467069782644223,0.07664651086778886,0.9985775248933144,Mixed,6291
0.9420350291909925,0.028982485404503752,0.9788610190881842,Mixed,6282
0.994041285379868,0.0029793573100659713,0.9724824933425387,Mixed,6245
0.488296488946684,0.255851755526658,0.8296089385474861,Mixed,6245
0.7314893617021276,0.13425531914893618,0.8783666377063423,Mixed,6231
0.9759444350330341,0.012027782483482975,0.9917208979937618,Mixed,6230
0.9792869269949066,0.01035653650254669,0.9850786760716224,Mixed,6223
0.8791189427312776,0.06044052863436123,0.7582938388625592,Mixed,6215
0.7756883814640698,0.11215580926796508,0.9523573200992556,Mixed,6192
0.8892797630068506,0.05536011849657471,0.8830595622696455,Mixed,6148
0.4271134546691614,0.7135567273345808,0.3028233914209115,Mixed,6145
0.21538177112220375,0.6076908855611018,0.315203955500618,Mixed,6075
0.9886558954967343,0.005672052251632863,0.875,Mixed,6056
0.3209302325581395,0.3395348837209302,0.4956482320942883,Mixed,6053
0.9019339714788045,0.04903301426059777,0.9058794768365726,Mixed,6044
0.9732252950502026,0.013387352474898714,0.9750191357595157,Mixed,6033
0.9340482573726542,0.032975871313672925,0.9108835072269551,Mixed,6027
0.9856972586412396,0.007151370679380214,1.0,Mixed,6024
0.9187782020131898,0.040610898993405066,0.9507084414288565,Mixed,5969
0.791550279329609,0.10422486033519553,0.9090909090909091,Mixed,5956
0.9253065774804905,0.037346711259754736,0.0,Mixed,5951
0.941600155732918,0.029199922133540977,1.0,Mixed,5947
0.970560834730762,0.014719582634618967,1.0,Mixed,5947
0.9326668026933279,0.03366659865333605,0.9555061179087876,Mixed,5936
0.9333099333099333,0.033345033345033345,0.9540229885057471,Mixed,5935
0.9032328053807768,0.04838359730961163,0.8816155988857939,Mixed,5913
0.9967555875991349,0.0016222062004325882,0.9984182007875341,Mixed,5879
0.9520410031118434,0.023979498444078345,0.9846796657381616,Mixed,5873
0.9781897491821155,0.010905125408942203,0.9896262967129109,Mixed,5871
0.8313106796116505,0.08434466019417476,0.8924731182795699,Mixed,5866
0.9696106362773029,0.015194681861348529,0.9755715032555486,Mixed,5860
0.9792147806004619,0.010392609699769052,1.0,Mixed,5826
0.5032234957020058,0.24838825214899712,0.885681731864793,Mixed,5818
0.057730832270988894,0.5288654161354944,0.48770491803278687,Mixed,5805
0.5434857339291853,0.22825713303540734,0.9895287958115183,Mixed,5739
0.9167321288295365,0.041633935585231735,0.8269230769230769,Mixed,5697
0.8118234804329725,0.09408825978351373,0.9477858559153999,Mixed,5697
0.8575462817696894,0.07122685911515532,0.4930555555555556,Mixed,5697
0.24089994512529725,0.3795500274373514,0.6885529656127395,Mixed,5696
0.8678616090037515,0.06606919549812422,0.9724904887328065,Mixed,5688
0.4394950405770965,0.7197475202885483,0.2868415119861727,Mixed,5662
0.21419185282522996,0.392904073587385,0.44814284139755317,Mixed,5653
0.9177991382167716,0.041100430891614186,0.9863614223088164,Mixed,5650
0.19953641104887,0.400231794475565,0.4926122055991705,Mixed,5639
0.9984879984879985,0.000756000756000756,0.9814631326892908,Mixed,5625
0.5522388059701493,0.22388059701492538,0.5570175438596491,Mixed,5620
0.20283533260632497,0.6014176663031625,0.5317589576547231,Mixed,5614
0.7054048703227084,0.1472975648386458,0.7842960288808665,Mixed,5613
0.9584007395424081,0.020799630228795933,0.9366906474820144,Mixed,5583
0.96527428283845,0.017362858580775038,1.0,Mixed,5564
0.6913892078071182,0.15430539609644087,0.9166193527455593,Mixed,5554
0.9379974863845831,0.031001256807708422,0.9936797752808989,Mixed,5541
0.9253527537551206,0.03732362312243969,0.9715384615384616,Mixed,5537
0.6654456654456654,0.16727716727716727,0.8612638095746384,Mixed,5511
0.9974203058780173,0.0012898470609913396,1.0,Mixed,5474
0.9884169884169884,0.005791505791505791,0.37662337662337664,Mixed,5459
0.9567170273581054,0.021641486320947326,0.9385798203178991,Mixed,5445
0.9332287698857271,0.033385615057136456,0.9772625947391886,Mixed,5441
0.982761923003256,0.008619038498371959,1.0,Mixed,5435
0.21757164404223228,0.39121417797888386,0.7073398387781078,Mixed,5384
0.8692686623721106,0.06536566881394468,0.9629978788592977,Mixed,5376
0.5988301242992932,0.2005849378503534,0.7573939134162023,Mixed,5374
0.7440881114350502,0.1279559442824749,0.9519943876528363,Mixed,5373
0.9588007342443402,0.0205996328778299,0.9835740583404134,Mixed,5370
0.9521396396396397,0.02393018018018018,0.9819091199318931,Mixed,5345
0.7581289218482601,0.12093553907586994,0.9142381348875936,Mixed,5333
0.9693228582117471,0.01533857089412645,0.9306049822064056,Mixed,5226
0.9566694987255735,0.021665250637213255,0.9831441348469212,Mixed,5214
0.9844928751047779,0.007753562447611065,0.988160469667319,Mixed,5211
0.9980246913580247,0.0009876543209876543,0.9769895059029297,Mixed,5179
0.8863936591809776,0.05680317040951123,0.980957612377552,Mixed,5173
0.9500325874429719,0.024983706278514012,0.9757575757575757,Mixed,5142
0.9310027598896045,0.03449862005519779,0.9707211197732105,Mixed,5139
0.9516794342958161,0.024160282852091926,0.9952675646159447,Mixed,5133
0.131786771964462,0.434106614017769,0.5108359133126935,Mixed,5133
0.6191638693927373,0.19041806530363137,0.8442823739004566,Mixed,5130
0.03240589198036006,0.48379705400982,0.7587173449938334,Mixed,5121
0.5766609880749574,0.2116695059625213,0.9653089670125445,Mixed,5112
0.8236525379382522,0.08817373103087389,1.0,Mixed,5109
0.5066250974279034,0.24668745128604833,0.7616431187859759,Mixed,5109
0.9556650246305419,0.022167487684729065,0.9623681687440077,Mixed,5071
0.9609489817342012,0.019525509132899434,0.9975513059701493,Mixed,5067
0.9976152623211447,0.0011923688394276629,0.97359477124183,Mixed,5060
0.8154561902300336,0.0922719048849832,0.8402564504920532,Mixed,5052
0.670926517571885,0.1645367412140575,0.8506900878293601,Mixed,5022
0.9675700718091267,0.016214964095436647,0.9776960493534227,Mixed,4951
0.5467106619921633,0.22664466900391833,0.8484076433121019,Mixed,4949
0.541968470387729,0.2290157648061355,0.7310035605960702,Mixed,4927
0.963319578175149,0.018340210912425492,0.9833256137100509,Mixed,4896
0.9349635796045785,0.032518210197710715,0.9276073619631902,Mixed,4885
0.9756733275412685,0.01216333622936577,1.0,Mixed,4867
0.63367069859294,0.18316465070353,0.8829945463559742,Mixed,4818
0.9666666666666667,0.016666666666666666,0.6666666666666666,Mixed,4815
0.976878612716763,0.011560693641618497,0.9982961992136304,Mixed,4805
0.8465177398160315,0.07674113009198423,0.8906747418277816,Mixed,4774
0.9728221305508372,0.013588934724581413,0.9890134457538884,Mixed,4751
0.9922604142954701,0.003869792852264967,0.8921843080880684,Mixed,4751
0.9286390906220398,0.03568045468898011,0.9803921568627451,Mixed,4750
0.8234912394548994,0.0882543802725503,0.9286,Mixed,4746
0.9679723003678857,0.01601384981605713,1.0,Mixed,4736
0.9366705471478464,0.03166472642607683,1.0,Mixed,4732
0.43142767885035926,0.28428616057482037,0.6979710144927537,Mixed,4729
0.44954128440366975,0.27522935779816515,0.6698758322836063,Mixed,4724
0.9770642201834863,0.011467889908256881,0.9898282839330635,Mixed,4722
0.9053627760252366,0.0473186119873817,0.9633248158725387,Mixed,4722
0.09464027040077258,0.4526798647996137,0.6630695443645084,Mixed,4720
0.7118063484813885,0.14409682575930577,0.8095924248662001,Mixed,4699
0.6191130972842901,0.19044345135785493,0.9556265530706425,Mixed,4698
0.35307312696276355,0.3234634365186182,0.5883253393203388,Mixed,4679
0.7703328190434208,0.11483359047828962,0.9965753424657534,Mixed,4678
0.9835138954309939,0.008243052284503062,0.9766960688228248,Mixed,4678
0.9991355089690944,0.0004322455154527772,0.9944387985546522,Mixed,4664
0.22641056422569028,0.38679471788715486,0.36281800391389435,Mixed,4654
0.9312169312169312,0.03439153439153439,0.9558086084412871,Mixed,4646
0.4767818574514039,0.26160907127429806,0.8,Mixed,4633
0.797275204359673,0.10136239782016349,0.8712728857890149,Mixed,4621
0.9342465753424658,0.03287671232876712,0.9165376011013595,Mixed,4591
0.11466260781329274,0.44266869609335363,0.5715844609340899,Mixed,4589
0.9986728599867286,0.0006635700066357001,0.9838955922186654,Mixed,4580
0.16535433070866143,0.5826771653543307,0.2294087923193532,Mixed,4561
0.5726751433557716,0.21366242832211418,0.8456149804661188,Mixed,4560
0.5578559926386013,0.22107200368069932,0.9540221767073946,Mixed,4548
0.9912583390844261,0.004370830457786979,0.9962871287128713,Mixed,4531
0.3472694016200679,0.32636529918996604,0.7398791540785499,Mixed,4529
0.41681363903586127,0.7084068195179306,0.6178695717960357,Mixed,4524
0.9494280553883203,0.025285972305839857,0.9888192365269461,Mixed,4512
0.9570990806945863,0.021450459652706845,0.8763463131731566,Mixed,4503
0.8987538940809969,0.050623052959501556,0.9530685920577617,Mixed,4496
0.8873720136518771,0.05631399317406143,0.9916092563151386,Mixed,4488
0.9679472071647419,0.016026396417629037,0.983148791723915,Mixed,4477
0.18870056497175142,0.4056497175141243,0.9280570460321943,Mixed,4473
0.7328925619834711,0.13355371900826446,0.9289940828402367,Mixed,4439
0.6112274821952242,0.19438625890238795,0.734375,Mixed,4421
0.906423034330011,0.04678848283499446,0.9750486854917235,Mixed,4408
0.9161362785473606,0.04193186072631973,0.8252788104089219,Mixed,4407
0.7811044577511643,0.10944777112441784,0.8947181850407657,Mixed,4385
0.9559244419004007,0.022037779049799658,0.9809590973201693,Mixed,4375
0.9635464936669756,0.0182267531665122,0.9795918367346939,Mixed,4371
0.922784121805329,0.03860793909733551,0.9897426880018756,Mixed,4368
0.1814690350456073,0.40926548247719635,0.42297797073484483,Mixed,4358
0.9271392262072861,0.03643038689635696,0.9749789148158561,Mixed,4354
0.9129742637304324,0.043512868134783764,0.8898242368177613,Mixed,4353
0.9498495486459378,0.025075225677031094,0.9757383966244726,Mixed,4344
0.26035727860129226,0.36982136069935384,0.8184132803747836,Mixed,4329
0.9395877754086709,0.030206112295664535,1.0,Mixed,4327
0.7259764414135151,0.1370117792932424,0.8327267166233369,Mixed,4315
0.9494418910045962,0.025279054497701903,0.9271758436944938,Mixed,4306
0.9537922987164528,0.02310385064177363,0.9936961200559822,Mixed,4297
0.975,0.0125,0.9720967313313845,Mixed,4296
0.9932885906040269,0.003355704697986577,0.9835188356164384,Mixed,4296
0.4608838869063958,0.2695580565468021,0.7358722989272699,Mixed,4265
0.99951992318771,0.00024003840614498319,0.9839320769532783,Mixed,4253
0.976303317535545,0.011848341232227487,0.9926903856194526,Mixed,4246
0.8960612691466083,0.05196936542669584,0.963216957605985,Mixed,4237
0.9656002751977985,0.01719986240110079,0.9857231963407027,Mixed,4231
0.9845073832001937,0.007746308399903171,0.9948979591836735,Mixed,4226
0.7337813388472474,0.13310933057637633,0.8998681356076397,Mixed,4196
0.9219773674806433,0.03901131625967838,0.9756224066390041,Mixed,4184
0.9963257807715861,0.001837109614206981,0.9877510414723621,Mixed,4182
0.9547534316217591,0.022623284189120487,0.9419709854927464,Mixed,4176
0.9423076923076923,0.028846153846153848,0.8922495274102079,Mixed,4173
0.458295142071494,0.270852428964253,0.8072396841948458,Mixed,4144
0.9671492204899778,0.016425389755011136,0.9887640449438202,Mixed,4135
0.8587776966155345,0.07061115169223277,0.925940490234631,Mixed,4134
0.7246737103791174,0.13766314481044126,0.8469798657718121,Mixed,4128
0.23177148584314708,0.38411425707842645,0.7043458578542326,Mixed,4125
0.3707304911493393,0.31463475442533034,0.5885258169119482,Mixed,4112
0.9980314960629921,0.000984251968503937,0.9339578454332552,Mixed,4106
0.9694952856350527,0.015252357182473655,0.983710407239819,Mixed,4104
0.8576819407008086,0.07115902964959568,0.6666666666666666,Mixed,4092
0.9974246716456349,0.0012876641771825909,0.9840157395534587,Mixed,4081
0.8660508083140878,0.06697459584295612,0.8675929709848794,Mixed,4052
0.962080173347779,0.01895991332611051,0.9334703947368421,Mixed,4045
0.9897672038884625,0.005116398055768739,0.990990990990991,Mixed,4044
0.09959758551307847,0.45020120724346074,0.40619147000588646,Mixed,4039
0.2869215291750503,0.35653923541247484,0.60398332561371,Mixed,4032
0.7789363920750783,0.1105318039624609,0.8629600626468285,Mixed,4032
0.9062798852406758,0.0468600573796621,1.0,Mixed,4029
0.9554536521454308,0.022273173927284638,0.9648268398268398,Mixed,4028
0.6981837606837606,0.15090811965811965,0.724456451820404,Mixed,4022
0.9397457158651189,0.030127142067440577,0.9948266942576306,Mixed,3992
0.9392383397518186,0.030380830124090714,0.96875,Mixed,3990
0.6025013594344752,0.19874932028276238,0.7921751615218952,Mixed,3986
0.9263285024154589,0.03683574879227053,0.9473684210526315,Mixed,3984
0.8813602659166454,0.05931986704167732,0.8696243875884594,Mixed,3978
0.93620821638173,0.031895891809134984,0.9327026062120671,Mixed,3962
0.8367488711358111,0.08162556443209448,0.9961629612910506,Mixed,3956
0.9963436928702011,0.0018281535648994515,0.9984410791550012,Mixed,3949
0.9520485584218513,0.023975720789074353,0.9745551601423488,Mixed,3948
1.0,0.0,0.9996417815398086,All-positive,3927
0.9055821371610845,0.047208931419457735,0.96,Mixed,3909
0.5010238907849829,0.24948805460750853,0.7636958299264105,Mixed,3903
0.30185676392572947,0.34907161803713527,0.8381728045325779,Mixed,3858
0.5812356979405034,0.20938215102974828,0.7945727812907121,Mixed,3829
0.902496328928047,0.04875183553597651,0.972626820693119,Mixed,3827
0.779020979020979,0.11048951048951049,0.9325067716623384,Mixed,3787
0.11149927219796216,0.5557496360989811,0.493368700265252,Mixed,3785
0.0394047947092863,0.48029760264535687,0.9172413793103448,Mixed,3761
0.966557911908646,0.016721044045676998,0.9864300626304802,Mixed,3753
0.9751972942502819,0.012401352874859075,0.9772727272727273,Mixed,3746
0.5515527950310559,0.22422360248447204,0.783847526772055,Mixed,3738
0.687041564792176,0.15647921760391198,0.8430440349607526,Mixed,3706
0.944060773480663,0.02796961325966851,0.9630710845132098,Mixed,3695
0.9815135759676488,0.00924321201617562,0.9716959598265236,Mixed,3683
0.9329177797566043,0.03354111012169783,1.0,Mixed,3677
0.6330457863304578,0.816522893165229,0.5925698225891446,Mixed,3645
0.7946370176586004,0.1026814911706998,0.7456395348837209,Mixed,3642
0.6799078871617732,0.1600460564191134,1.0,Mixed,3614
0.9786808794137242,0.010659560293137908,0.977850697292863,Mixed,3612
0.9533376539209333,0.023331173039533377,1.0,Mixed,3601
0.040059347181008904,0.47997032640949555,0.5456238361266295,Mixed,3599
0.8677354709418837,0.06613226452905811,0.953188713097374,Mixed,3588
0.6820590461771385,0.15897047691143074,0.8444686140459913,Mixed,3583
0.6546156546156546,0.17269217269217269,0.8166144200626959,Mixed,3566
0.8830985915492958,0.05845070422535211,0.9198941072654182,Mixed,3563
0.4166666666666667,0.2916666666666667,0.9359001480854665,Mixed,3548
0.9963603275705186,0.0018198362147406734,0.9934696683278914,Mixed,3546
0.9753623188405797,0.012318840579710146,1.0,Mixed,3546
0.9884493213976321,0.005775339301183945,0.9913305024769993,Mixed,3530
0.914295509084676,0.04285224545766198,0.9493670886075949,Mixed,3515
0.9473684210526315,0.02631578947368421,1.0,Mixed,3513
0.15421398684997012,0.42289300657501494,0.6252660281989891,Mixed,3507
0.9373695198329853,0.031315240083507306,0.868878718535469,Mixed,3477
0.9898921832884097,0.005053908355795148,0.9881407097092164,Mixed,3452
0.5597259457849271,0.2201370271075365,0.6666666666666666,Mixed,3444
0.9982062780269059,0.0008968609865470852,0.9840799992210397,Mixed,3432
0.8842592592592593,0.05787037037037037,1.0,Mixed,3428
0.9712804148384523,0.014359792580773833,0.9898949070331448,Mixed,3417
0.6456009913258984,0.1771995043370508,0.8404901141743247,Mixed,3415
0.6659417137886038,0.16702914310569814,0.7571728481455563,Mixed,3401
0.9957212713936431,0.002139364303178484,1.0,Mixed,3393
0.5422378068218042,0.22888109658909786,0.7325699229833806,Mixed,3391
0.956177723676202,0.021911138161898967,0.9813747228381374,Mixed,3390
0.4080047789725209,0.2959976105137396,1.0,Mixed,3386
0.9791666666666666,0.010416666666666666,0.9860519178612941,Mixed,3381
0.9928464977645306,0.0035767511177347243,0.9778322379414058,Mixed,3371
0.9224353628023353,0.03878231859883236,0.8571428571428571,Mixed,3367
0.7290184921763869,0.13549075391180654,0.8423926890058155,Mixed,3348
0.4663840096910963,0.26680799515445186,0.8594554819720382,Mixed,3346
0.6649251132009752,0.16753744339951238,0.790752741774676,Mixed,3346
0.4729309271935283,0.7364654635967641,0.3039529713230584,Mixed,3344
0.939764705882353,0.03011764705882353,0.9770391982747685,Mixed,3339
0.9742627345844505,0.012868632707774798,0.968978955572876,Mixed,3332
0.9266521423384169,0.036673928830791576,0.9728744939271255,Mixed,3327
0.486478085172521,0.2567609574137395,0.781684365902661,Mixed,3317
0.8728205128205129,0.06358974358974359,0.892062656311702,Mixed,3316
0.9588512644663524,0.020574367766823833,0.9735159817351599,Mixed,3315
0.9987488270253363,0.0006255864873318737,0.999671238641295,Mixed,3300
0.41284403669724773,0.7064220183486238,0.4186391708855727,Mixed,3298
0.9993844259772238,0.0003077870113881194,0.980556729666083,Mixed,3288
0.9942047649710238,0.0028976175144880875,0.9962894248608535,Mixed,3271
0.9410929737402413,0.029453513129879347,0.9702749140893471,Mixed,3258
0.9689084150050693,0.01554579249746536,0.9672413793103448,Mixed,3247
0.4899856938483548,0.2550071530758226,0.949773102310231,Mixed,3227
0.5876685934489403,0.20616570327552985,0.9171887769000272,Mixed,3223
0.7803946530872056,0.1098026734563972,1.0,Mixed,3218
0.8243865030674846,0.08780674846625768,1.0,Mixed,3210
0.9636591478696742,0.018170426065162906,0.9933000464468184,Mixed,3209
0.7365988909426987,0.13170055452865065,0.9107408912366247,Mixed,3204
0.9975609756097561,0.0012195121951219512,0.8786324786324786,Mixed,3195
0.5148868598650258,0.2425565700674871,0.7315789473684211,Mixed,3182
0.9640287769784173,0.017985611510791366,1.0,Mixed,3182
0.8696721311475409,0.0651639344262295,0.917312661498708,Mixed,3177
0.9616591146741025,0.01917044266294876,0.9813117699910153,Mixed,3176
0.16843118383060635,0.5842155919153031,0.41334797042601873,Mixed,3170
0.9955357142857143,0.002232142857142857,0.999284464938782,Mixed,3156
0.9934876989869754,0.003256150506512301,0.9880311007713971,Mixed,3151
0.6373488953730722,0.18132555231346395,0.849624060150376,Mixed,3143
0.9960912052117263,0.001954397394136808,0.9760515957699056,Mixed,3140
1.0,0.0,0.9916852264291017,All-positive,3138
0.31729518855656696,0.3413524057217165,0.42569242832015936,Mixed,3137
0.994475138121547,0.0027624309392265192,0.9957490314248816,Mixed,3126
0.9749679075738126,0.01251604621309371,0.9930855260104877,Mixed,3120
0.9519807923169268,0.024009603841536616,0.9342652058934643,Mixed,3108
0.667167543200601,0.16641622839969947,0.9455616494007719,Mixed,3106
0.635551948051948,0.18222402597402598,0.41007194244604317,Mixed,3092
0.998661311914324,0.0006693440428380187,0.9983267747033123,Mixed,3088
0.9439935064935064,0.028003246753246752,1.0,Mixed,3077
0.9321054532322138,0.033947273383893105,0.9608055435253356,Mixed,3071
0.9373040752351097,0.03134796238244514,1.0,Mixed,3069
0.9363106796116505,0.031844660194174756,0.9748730286019781,Mixed,3067
0.7408376963350786,0.12958115183246074,0.7063953488372093,Mixed,3056
0.848990342405619,0.07550482879719052,0.9754901960784313,Mixed,3054
0.058491895701198025,0.47075405214940097,0.630870899221147,Mixed,3043
0.7450199203187251,0.12749003984063745,0.8430043383947939,Mixed,3042
0.9457245263696876,0.02713773681515617,1.0,Mixed,3023
0.9846153846153847,0.007692307692307693,0.9952479153590962,Mixed,3018
0.9956347762822845,0.0021826118588577663,0.9842008964442336,Mixed,3004
0.9389438943894389,0.03052805280528053,0.9881840796019901,Mixed,2994
0.07661016949152542,0.5383050847457627,0.6246564957831896,Mixed,2984
0.6976568405139834,0.15117157974300832,0.7776525821596244,Mixed,2984
0.8627316403568978,0.9313658201784488,0.5494521548575603,Mixed,2981
0.9618970409404135,0.01905147952979327,0.9931002038576133,Mixed,2978
0.4208409506398538,0.28957952468007314,1.0,Mixed,2977
0.9680116321337695,0.01599418393311523,1.0,Mixed,2976
0.775623268698061,0.11218836565096953,0.8823840592488097,Mixed,2973
0.25999316706525455,0.3700034164673727,0.42819721999239513,Mixed,2972
0.9248554913294798,0.03757225433526012,1.0,Mixed,2967
0.9218019549511263,0.03909902252443689,0.9090909090909091,Mixed,2964
0.9775196702884975,0.011240164855751217,0.9779418695993716,Mixed,2948
0.9545945945945946,0.022702702702702703,0.9376505218089376,Mixed,2937
0.9341692789968652,0.032915360501567396,0.6875,Mixed,2933
0.9984859954579863,0.000757002271006813,0.9749177631578947,Mixed,2921
0.9727582292849035,0.01362088535754824,0.9372331910352187,Mixed,2921
0.29050678087080656,0.3547466095645967,0.5922444183313749,Mixed,2917
0.16543816543816545,0.41728091728091726,0.5456340809705177,Mixed,2912
0.7573283858998144,0.12133580705009277,0.8319388430747006,Mixed,2897
0.8387563268257412,0.08062183658712943,1.0,Mixed,2890
0.9324144064028457,0.03379279679857715,1.0,Mixed,2888
0.9447368421052632,0.02763157894736842,0.8728991596638656,Mixed,2882
0.964171465131158,0.017914267434420986,0.9785867237687366,Mixed,2882
0.5166077738515901,0.24169611307420494,0.8318201469952443,Mixed,2880
0.7590551181102362,0.1204724409448819,0.848717270563343,Mixed,2873
0.864687909209952,0.06765604539502401,0.9544934172867773,Mixed,2852
0.7275913870806209,0.13620430645968953,0.990909090909091,Mixed,2837
0.9663551401869159,0.016822429906542057,0.9975186104218362,Mixed,2836
0.9970326409495549,0.001483679525222552,0.9841896468311563,Mixed,2829
0.17516152189519024,0.5875807609475951,0.4134820511469883,Mixed,2812
0.9985564778058462,0.0007217610970768675,0.9665051960418996,Mixed,2795
0.29774812343619683,0.3511259382819016,0.7009196321471411,Mixed,2792
0.9545867393278837,0.022706630336058128,0.9858649315683194,Mixed,2780
0.9974271012006861,0.001286449399656947,0.9768390006939626,Mixed,2779
0.9992649761117236,0.0003675119441381845,0.9932511232195774,Mixed,2779
0.9493565794935658,0.0253217102532171,0.999249530956848,Mixed,2773
0.9502243982048144,0.024887800897592818,0.9575621364357483,Mixed,2770
0.983638488507986,0.008180755746007013,0.9738988580750407,Mixed,2768
0.9893373952779894,0.005331302361005331,0.9881401121632803,Mixed,2746
0.6890881913303438,0.1554559043348281,1.0,Mixed,2733
0.991869918699187,0.0040650406504065045,0.9882292732855681,Mixed,2731
0.09799554565701558,0.4510022271714922,0.4337726766307204,Mixed,2726
0.9554896142433235,0.02225519287833828,0.9619312906220984,Mixed,2716
0.6973894512519979,0.15130527437400107,0.895600028899646,Mixed,2716
0.9959903769045709,0.002004811547714515,0.970059456398641,Mixed,2706
0.6742596810933941,0.16287015945330297,0.8610374858008331,Mixed,2705
0.05342362678705794,0.47328818660647104,0.6421837770641251,Mixed,2704
0.9877049180327869,0.006147540983606557,0.996218487394958,Mixed,2700
0.9633418584825234,0.018329070758738276,0.9814129748263105,Mixed,2699
0.43407864302235927,0.7170393215111797,0.29054610318331503,Mixed,2695
0.9493779493779494,0.02531102531102531,0.9816464955446202,Mixed,2692
0.983739837398374,0.008130081300813009,0.9952755905511811,Mixed,2684
1.0,0.0,0.9996474965728833,All-positive,2683
0.9307396323215049,0.03463018383924754,0.7222222222222222,Mixed,2661
0.945619335347432,0.027190332326283987,1.0,Mixed,2659
0.9344827586206896,0.032758620689655175,0.9844542075025347,Mixed,2657
0.8000757288905718,0.09996213555471413,0.9790334044065387,Mixed,2655
0.9770020533880903,0.011498973305954825,0.9930440831232067,Mixed,2645
0.9855072463768116,0.007246376811594203,0.8596923076923076,Mixed,2634
0.9476343592099219,0.026182820395039046,0.985209779655901,Mixed,2626
0.8499751614505713,0.07501241927471436,0.947395042994436,Mixed,2623
0.9566591422121896,0.02167042889390519,1.0,Mixed,2621
0.026450511945392493,0.48677474402730375,0.8846153846153846,Mixed,2619
0.8215179316096747,0.08924103419516263,1.0,Mixed,2616
0.8308418568056648,0.08457907159716758,0.8277162385104878,Mixed,2614
0.939120631341601,0.030439684329199548,0.9834146341463414,Mixed,2608
0.9346186085498742,0.03269069572506287,0.8191244239631337,Mixed,2604
0.9571776155717762,0.02141119221411192,0.9907407407407407,Mixed,2590
0.9953466728711028,0.002326663564448581,0.9788143058491896,Mixed,2581
0.6642052079284881,0.16789739603575593,0.9339157566302652,Mixed,2580
0.53774385072095,0.23112807463952503,0.6458333333333334,Mixed,2577
0.7688777638715061,0.11556111806424697,0.9164292497625831,Mixed,2574
0.06949352179034157,0.4652532391048292,0.46121631882924136,Mixed,2570
0.9951495553759094,0.002425222312045271,0.9754491017964072,Mixed,2561
0.92643391521197,0.03678304239401496,0.9480306345733042,Mixed,2556
0.7715260017050298,0.11423699914748509,0.9085008706664556,Mixed,2550
0.48076144187930336,0.2596192790603483,0.9105544180818178,Mixed,2549
0.9530416221985059,0.023479188900747065,0.9801140363226806,Mixed,2531
0.9976,0.0012,0.9046373930331058,Mixed,2525
0.9884781565050408,0.005760921747479597,0.9714285714285714,Mixed,2522
0.9520191923230708,0.023990403838464614,0.9226552984165651,Mixed,2521
0.9587482219061166,0.020625889046941678,0.9818573185731857,Mixed,2518
0.968222442899702,0.015888778550148957,0.7940289505428226,Mixed,2514
0.8713513513513513,0.06432432432432432,1.0,Mixed,2511
0.45865268253327957,0.7293263412666398,0.3022147257260194,Mixed,2507
0.9836769759450171,0.00816151202749141,0.9870759289176091,Mixed,2505
0.341518872214643,0.6707594361073215,0.2835481931734687,Mixed,2504
0.6663934426229509,0.1668032786885246,0.8792718245759206,Mixed,2501
0.8933841028081866,0.053307948595906714,0.9517980107115531,Mixed,2499
0.8367346938775511,0.08163265306122448,1.0,Mixed,2491
0.5787755102040816,0.21061224489795918,0.7905308464849354,Mixed,2487
0.9780960404380792,0.010951979780960405,0.9911858431080073,Mixed,2486
0.9934826883910387,0.003258655804480652,0.9931623931623932,Mixed,2484
0.6490765171503958,0.17546174142480211,0.7816939890710383,Mixed,2484
0.9663708547407753,0.01681457262961233,0.9817351598173516,Mixed,2476
0.9948652118100129,0.0025673940949935813,0.9922480620155039,Mixed,2475
0.975973487986744,0.012013256006628004,0.98182866054175,Mixed,2474
0.06672226855713094,0.5333611342785655,0.28494132270683287,Mixed,2474
0.5369908561928513,0.2315045719035744,0.8183106575963719,Mixed,2468
0.9276517473942366,0.036174126302881665,0.9345887016848364,Mixed,2459
1.0,0.0,0.9919547936021453,All-positive,2457
0.9596330275229358,0.02018348623853211,1.0,Mixed,2452
0.6634199134199135,0.1682900432900433,0.8450146959077549,Mixed,2442
0.9772619611558503,0.011369019422074847,0.9850230414746544,Mixed,2442
0.7776659959758552,0.11116700201207244,0.9326923076923077,Mixed,2441
0.9689341189073379,0.015532940546331012,0.9926924108340037,Mixed,2437
1.0,0.0,0.9849680571213829,All-positive,2432
0.9421560035056967,0.028921998247151623,0.9976498237367802,Mixed,2432
0.9423503325942351,0.028824833702882482,0.9764102564102564,Mixed,2430
0.9921976592977894,0.0039011703511053317,0.9906308134618637,Mixed,2423
0.458,0.271,0.8191489361702128,Mixed,2421
0.06542845082313212,0.46728577458843396,0.4172438500119417,Mixed,2420
0.9991507430997877,0.0004246284501061571,0.9897123088128187,Mixed,2420
0.9982698961937716,0.0008650519031141869,0.9992286926340147,Mixed,2420
0.6816208393632417,0.15918958031837915,0.9613888888888888,Mixed,2407
0.7766871165644171,0.1116564417177914,0.899434203321774,Mixed,2402
0.8818827708703375,0.05905861456483126,0.9645964596459646,Mixed,2397
0.21612046058458814,0.6080602302922941,0.38783269961977185,Mixed,2384
0.9583135954523923,0.020843202273803884,0.9800117577895355,Mixed,2381
0.8677210639827462,0.06613946800862688,1.0,Mixed,2377
0.7556843513152028,0.12215782434239858,0.8729281767955801,Mixed,2376
0.9467084639498433,0.02664576802507837,0.9907312049433573,Mixed,2375
0.9982471516213848,0.0008764241893076249,0.994701887918812,Mixed,2367
0.9870848708487084,0.006457564575645757,0.9843662758235623,Mixed,2363
0.5223233636757694,0.23883831816211532,0.6700390973317786,Mixed,2361
0.961218836565097,0.019390581717451522,1.0,Mixed,2356
0.4696261682242991,0.2651869158878505,0.8437984288996954,Mixed,2351
0.5441619991383024,0.22791900043084878,0.7383618149675899,Mixed,2349
0.2522639068564036,0.3738680465717982,0.40698907139585105,Mixed,2346
0.39887352790578595,0.300563236047107,0.7128950338600452,Mixed,2343
0.21571428571428572,0.3921428571428571,0.7137355584082157,Mixed,2341
0.960496095544327,0.01975195222783647,0.9388665447897624,Mixed,2340
0.7643378519290928,0.11783107403545359,0.8422380414395244,Mixed,2340
0.45830639948287005,0.27084680025856495,0.7204301075268817,Mixed,2337
1.0,0.0,0.9773790522318234,All-positive,2328
0.7958579881656804,0.10207100591715976,0.8586291309669523,Mixed,2328
0.9122036874451273,0.043898156277436345,0.951545916012921,Mixed,2327
0.5909090909090909,0.20454545454545456,0.844213143793942,Mixed,2321
0.9214285714285714,0.039285714285714285,0.9956521739130435,Mixed,2312
0.9518576661433804,0.024071166928309785,0.9678832116788321,Mixed,2310
0.9405469678953626,0.029726516052318668,1.0,Mixed,2309
0.9388888888888889,0.030555555555555555,0.9403497303480961,Mixed,2309
0.9886413280908694,0.005679335954565312,0.9855897009966778,Mixed,2309
0.07329842931937172,0.46335078534031415,0.6118360595478772,Mixed,2308
0.9946236559139785,0.002688172043010753,0.9917283803153368,Mixed,2288
0.9574468085106383,0.02127659574468085,0.7954545454545454,Mixed,2284
0.976395823876532,0.011802088061733999,0.925770538554349,Mixed,2276
0.6527651858567544,0.17361740707162285,0.8434656308799419,Mixed,2270
0.8910291689598239,0.05448541552008806,1.0,Mixed,2269
0.9915966386554622,0.004201680672268907,0.9758265415961864,Mixed,2267
0.987438313144908,0.006280843427545985,0.9842142963333378,Mixed,2263
0.9653636813458684,0.017318159327065808,0.9768171127785866,Mixed,2259
0.9722684414864116,0.013865779256794232,0.9836257309941521,Mixed,2259
0.5921052631578947,0.20394736842105263,0.7722227679009921,Mixed,2257
0.4216335540838852,0.2891832229580574,0.5913978494623656,Mixed,2256
0.37480397281756406,0.31259801359121797,0.667782987273945,Mixed,2254
0.9954853273137697,0.002257336343115124,0.9747474747474747,Mixed,2252
0.037037037037037035,0.5185185185185185,0.6337171409950033,Mixed,2250
0.6829268292682927,0.15853658536585366,0.7722994173016584,Mixed,2249
0.9110122358175751,0.04449388209121246,0.9663334013466639,Mixed,2225
0.9990774907749077,0.00046125461254612545,0.9955468102734052,Mixed,2220
0.9861317483902923,0.006934125804853888,0.9884476102115943,Mixed,2215
0.9972677595628415,0.001366120218579235,0.9644544431946007,Mixed,2211
0.9902865468674114,0.0048567265662943174,0.9753086419753086,Mixed,2209
0.9800299550673989,0.00998502246630055,0.9914642731432595,Mixed,2207
0.9269406392694064,0.0365296803652968,0.9259259259259259,Mixed,2204
0.9823442864149092,0.008827856792545365,0.9829000309501702,Mixed,2201
0.8710155670867309,0.06449221645663454,0.9030303030303031,Mixed,2198
0.9932773109243698,0.0033613445378151263,0.8876190476190476,Mixed,2195
0.9744525547445255,0.012773722627737226,0.9848224771885445,Mixed,2193
0.33175355450236965,0.3341232227488152,0.45564516129032256,Mixed,2193
0.911484593837535,0.044257703081232495,0.9904597735310726,Mixed,2188
0.7606837606837606,0.11965811965811966,0.841763358491983,Mixed,2186
0.9550438596491229,0.022478070175438597,0.9900990099009901,Mixed,2185
0.997179125528914,0.0014104372355430183,0.9840875656269823,Mixed,2169
0.9272388059701493,0.036380597014925374,0.9683254146870051,Mixed,2162
0.9945533769063181,0.0027233115468409588,0.977960745176314,Mixed,2161
0.7515598411798071,0.12422007941009643,0.8424291533441374,Mixed,2152
0.9989775051124744,0.0005112474437627812,0.9671957671957672,Mixed,2148
0.9971604353999054,0.001419782300047326,0.9811615591631218,Mixed,2145
0.997148288973384,0.0014258555133079848,0.9840925036429381,Mixed,2143
0.8149518874907475,0.0925240562546262,0.967741935483871,Mixed,2139
0.9296956977964324,0.03515215110178384,0.9592760180995475,Mixed,2131
0.25736961451247165,0.6286848072562359,0.775811209439528,Mixed,2128
0.9170554691550026,0.041472265422498704,1.0,Mixed,2124
1.0,0.0,0.9809490820921372,All-positive,2123
0.9095982142857143,0.045200892857142856,1.0,Mixed,2111
0.9769192172604114,0.01154039136979428,0.9872881355932204,Mixed,2106
0.7444933920704846,0.1277533039647577,0.5776892430278885,Mixed,2085
0.9970443349753695,0.001477832512315271,0.9842812644208583,Mixed,2077
0.8564885496183207,0.0717557251908397,0.8891692546583851,Mixed,2073
0.9980535279805353,0.0009732360097323601,0.9774962236813712,Mixed,2073
0.9133858267716536,0.04330708661417323,0.9238911666045472,Mixed,2068
0.997080291970803,0.00145985401459854,0.7351611351611351,Mixed,2066
0.15519839276745354,0.5775991963837268,0.6487257798027337,Mixed,2049
0.992831541218638,0.0035842293906810036,0.9968814968814969,Mixed,2017
0.9398642095053347,0.030067895247332686,1.0,Mixed,2013
0.9989847715736041,0.0005076142131979696,0.9840942760942761,Mixed,2012
0.9477408818726184,0.0261295590636908,0.9918256130790191,Mixed,2009
0.8899941486249269,0.05500292568753657,0.9530574428659666,Mixed,2006
0.8962315674494812,0.05188421627525942,0.617872340425532,Mixed,2004
0.9947285187137586,0.002635740643120717,0.9816787388155092,Mixed,1994
0.30148619957537154,0.3492569002123142,0.6713780918727915,Mixed,1988
0.891606080634501,0.054196959682749506,0.8841490794791199,Mixed,1984
0.9821029082774049,0.008948545861297539,0.9696774831816383,Mixed,1977
0.9280575539568345,0.03597122302158273,1.0,Mixed,1972
0.8248686514886164,0.08756567425569177,0.8982565703877179,Mixed,1968
0.9896305897602073,0.005184705119896306,0.8830584707646177,Mixed,1957
0.9989561586638831,0.0005219206680584551,0.9983505772979457,Mixed,1956
0.556935817805383,0.22153209109730848,0.7835194649504701,Mixed,1949
0.7901471529110684,0.10492642354446577,0.8909029307131967,Mixed,1946
0.9968847352024922,0.001557632398753894,0.9779757085020243,Mixed,1943
0.9926393270241851,0.003680336487907466,0.9743128692525045,Mixed,1934
1.0,0.0,0.9057718980049078,All-positive,1926
0.9864406779661017,0.006779661016949152,0.9097222222222222,Mixed,1926
0.9978936282253817,0.00105318588730911,0.9969569960383533,Mixed,1924
0.9947368421052631,0.002631578947368421,0.9591488989863683,Mixed,1920
0.7654118930714675,0.11729405346426623,1.0,Mixed,1917
1.0,0.0,0.9502878074306645,All-positive,1915
0.58584686774942,0.20707656612529002,0.9500454959053685,Mixed,1915
1.0,0.0,0.9869762393891236,All-positive,1913
0.9708939708939709,0.014553014553014554,0.9638819961400606,Mixed,1911
0.8747323340471093,0.0626338329764454,0.8921207369658958,Mixed,1910
0.9465301478953356,0.026734926052332197,0.9509803921568627,Mixed,1906
0.5015051173991572,0.24924744130042142,0.7963430012610341,Mixed,1896
0.16887417218543047,0.4155629139072848,0.7094556938510125,Mixed,1895
0.9989130434782608,0.0005434782608695652,0.9983543281170522,Mixed,1892
0.7832957110609481,0.10835214446952596,0.8937360178970917,Mixed,1887
0.9978575254418853,0.0010712372790573112,0.9993416721527321,Mixed,1883
0.9989106753812637,0.0005446623093681918,0.9984999499983332,Mixed,1879
0.39888682745825604,0.300556586270872,0.7057971014492753,Mixed,1875
0.998914223669924,0.0005428881650380022,0.9989186851211073,Mixed,1855
0.3599114064230343,0.32004429678848284,0.8948201764306718,Mixed,1841
0.6099529253530599,0.19502353732347008,0.8311965811965812,Mixed,1831
0.9842696629213483,0.007865168539325843,0.9962944162436548,Mixed,1830
0.47249834327369117,0.2637508283631544,0.7988634057235641,Mixed,1824
0.9855072463768116,0.007246376811594203,0.966864165020847,Mixed,1824
0.7920560747663551,0.10397196261682243,0.8568381965526758,Mixed,1820
0.8950695322376738,0.05246523388116309,0.9376344086021505,Mixed,1820
0.9854260089686099,0.0072869955156950675,0.9777410271309167,Mixed,1816
0.012373453318335208,0.5061867266591676,0.26578742203742206,Mixed,1815
0.8529886914378029,0.07350565428109855,0.9287272727272727,Mixed,1814
0.8570540708514606,0.07147296457426973,0.9791859389454209,Mixed,1814
1.0,0.0,0.9681339019876076,All-positive,1807
0.5788288288288288,0.21058558558558557,0.6836041966673524,Mixed,1794
0.8999179655455292,0.05004101722723544,0.9441786283891547,Mixed,1786
0.9094567404426559,0.04527162977867203,0.8861335163892226,Mixed,1783
1.0,0.0,0.9901537398514424,All-positive,1777
0.7338663620788121,0.13306681896059394,0.6777642591158796,Mixed,1771
0.9964497041420118,0.0017751479289940828,0.9957554320363821,Mixed,1768
0.984375,0.0078125,1.0,Mixed,1767
0.9938080495356038,0.0030959752321981426,0.9278152069297402,Mixed,1766
0.9731870810481413,0.01340645947592931,0.9844460236795881,Mixed,1764
0.9536567704561911,0.023171614771904415,0.9084470094438615,Mixed,1760
0.4369602763385147,0.7184801381692574,0.30070678946241164,Mixed,1758
0.9827586206896551,0.008620689655172414,0.9914647814466765,Mixed,1755
0.8229166666666666,0.08854166666666667,0.9370689655172414,Mixed,1752
0.9481161210623842,0.025941939468807906,0.9650485436893204,Mixed,1751
0.7508960573476703,0.12455197132616487,0.8039629391798917,Mixed,1751
0.8580765639589168,0.07096171802054155,1.0,Mixed,1747
0.6474201474201474,0.1762899262899263,0.9583802024746907,Mixed,1746
0.9144062688366486,0.04279686558167571,0.9541518084564442,Mixed,1742
0.6568047337278107,0.17159763313609466,0.6975938009787929,Mixed,1737
0.983451536643026,0.008274231678486997,0.9454285599259229,Mixed,1728
0.7581699346405228,0.12091503267973856,0.9936753100338219,Mixed,1724
0.9959785522788204,0.0020107238605898124,0.9782706428892552,Mixed,1720
0.8429833169774289,0.07850834151128558,0.9405734370423406,Mixed,1716
0.9690210656753407,0.015489467162329617,0.9451901565995525,Mixed,1715
0.3098827470686767,0.34505862646566166,0.8648648648648649,Mixed,1713
0.15896820635872824,0.5794841031793642,0.2924084888192565,Mixed,1711
0.6084524549409571,0.19577377252952144,0.8437438509805636,Mixed,1705
0.9937460913070669,0.0031269543464665416,0.9918525248380763,Mixed,1702
0.9988165680473373,0.000591715976331361,0.9653286667395822,Mixed,1702
0.9063893016344725,0.046805349182763745,0.8571428571428571,Mixed,1701
0.8825136612021858,0.05874316939890711,0.930379746835443,Mixed,1698
0.3508667065152421,0.32456664674237895,0.6918633235004916,Mixed,1697
1.0,0.0,0.9948141971126283,All-positive,1694
0.9619306594153637,0.019034670292318152,1.0,Mixed,1694
1.0,0.0,0.8773047375160051,All-positive,1687
0.9573883161512028,0.021305841924398626,0.9842428900845503,Mixed,1680
1.0,0.0,0.9814201353881608,All-positive,1677
0.7202889034799738,0.13985554826001312,0.8759516881253239,Mixed,1676
0.8215845290081097,0.0892077354959451,0.8462172020237675,Mixed,1672
0.9789964994165694,0.010501750291715286,0.9755395683453237,Mixed,1671
0.9498861047835991,0.025056947608200455,1.0,Mixed,1669
0.9559471365638766,0.022026431718061675,0.9813646106215765,Mixed,1668
0.9596100278551533,0.0201949860724234,0.9523809523809523,Mixed,1667
0.925984251968504,0.03700787401574803,0.9774653835711484,Mixed,1665
0.9975429975429976,0.0012285012285012285,0.9777885961175683,Mixed,1665
0.9937926753569212,0.0031036623215394167,0.9446733888645331,Mixed,1663
0.9595835884874464,0.02020820575627679,0.9748973071656778,Mixed,1662
0.7925925925925926,0.1037037037037037,0.8422773799012394,Mixed,1654
0.31425091352009743,0.34287454323995126,0.6911721504112809,Mixed,1651
0.9040225829216655,0.04798870853916726,0.899284862932062,Mixed,1648
0.7024221453287197,0.14878892733564014,1.0,Mixed,1639
0.8820598006644518,0.058970099667774084,0.9858429858429858,Mixed,1636
0.7847593582887701,0.10762032085561497,0.8274940729311707,Mixed,1634
0.5396931287525016,0.23015343562374915,0.6770238850137391,Mixed,1630
0.9962429555416406,0.001878522229179712,0.9966009517335146,Mixed,1630
0.8295964125560538,0.08520179372197309,1.0,Mixed,1628
0.9376693766937669,0.03116531165311653,0.8365818742429247,Mixed,1627
0.7338501291989664,0.1330749354005168,1.0,Mixed,1624
0.8294010889292196,0.0852994555353902,0.8099688473520249,Mixed,1621
0.9467680608365019,0.026615969581749048,0.9716658524670249,Mixed,1613
0.9961389961389961,0.0019305019305019305,0.9827715068703168,Mixed,1611
0.6272401433691757,0.1863799283154122,0.9673202614379085,Mixed,1608
1.0,0.0,0.9939668174962293,All-positive,1606
0.9518845228548516,0.024057738572574178,0.9891765394178733,Mixed,1606
0.9974779319041615,0.0012610340479192938,1.0,Mixed,1605
0.3732119635890767,0.31339401820546164,0.9961159247086944,Mixed,1604
0.9873096446700508,0.006345177664974619,0.9466932478113894,Mixed,1603
0.9483870967741935,0.025806451612903226,0.9924906132665833,Mixed,1592
0.3401015228426396,0.3299492385786802,0.4896705322171876,Mixed,1588
0.8212634822804314,0.08936825885978428,0.9815384615384616,Mixed,1585
0.647675180091683,0.1761624099541585,0.8359597604233296,Mixed,1576
0.6976744186046512,0.1511627906976744,0.9441256418000604,Mixed,1575
0.989100817438692,0.005449591280653951,0.9972082635399219,Mixed,1572
0.6771589991928975,0.16142050040355124,0.8434055492208286,Mixed,1564
0.8949843260188087,0.052507836990595615,0.8939668722040865,Mixed,1564
0.9762569832402235,0.011871508379888268,1.0,Mixed,1560
0.8842504743833017,0.05787476280834915,0.9298486932599724,Mixed,1557
1.0,0.0,0.9948322426508778,All-positive,1556
0.8393207054212932,0.08033964728935336,0.8768300604607006,Mixed,1553
0.7469879518072289,0.12650602409638553,0.9939516129032258,Mixed,1552
0.6252964426877471,0.18735177865612648,0.71875,Mixed,1551
0.728414442700157,0.1357927786499215,0.9187376725838264,Mixed,1550
0.9867197875166003,0.006640106241699867,0.9684868990479188,Mixed,1546
0.983448275862069,0.008275862068965517,0.9872015751907458,Mixed,1544
0.9943181818181818,0.002840909090909091,0.9907431722689075,Mixed,1544
0.9420289855072463,0.028985507246376812,0.9705680705190989,Mixed,1538
0.06,0.47,0.6096382337293846,Mixed,1530
0.9505494505494505,0.024725274725274724,0.9834350312745079,Mixed,1527
0.9933598937583001,0.0033200531208499337,0.982925234323912,Mixed,1525
0.9693379790940767,0.015331010452961672,0.9760248901903368,Mixed,1519
0.9209039548022598,0.03954802259887006,0.9276595744680851,Mixed,1516
0.9986693280106453,0.0006653359946773121,0.977842441878088,Mixed,1516
0.9602888086642599,0.019855595667870037,0.9307568438003221,Mixed,1515
0.40346205059920104,0.7017310252996005,0.41568464945222866,Mixed,1511
0.3449899125756557,0.32750504371217215,0.7121495327102804,Mixed,1510
0.6168741355463347,0.19156293222683266,0.7328426013653038,Mixed,1509
0.9798850574712644,0.010057471264367816,0.9811227839789889,Mixed,1509
0.9915966386554622,0.004201680672268907,0.9771231588843623,Mixed,1506
0.19168900804289543,0.5958445040214477,0.4136238864719287,Mixed,1501
0.7920858484238766,0.10395707578806171,0.9277133888687673,Mixed,1501
0.668010752688172,0.16599462365591397,0.9140046541146605,Mixed,1496
0.9872701555869873,0.006364922206506365,0.9762021589793916,Mixed,1496
0.8662952646239555,0.06685236768802229,0.9715072805981897,Mixed,1494
1.0,0.0,1.0,All-positive,1487
0.5421853388658368,0.7710926694329184,0.3973483326637204,Mixed,1486
1.0,0.0,0.9956586826347306,All-positive,1484
0.9930216329378926,0.0034891835310537334,1.0,Mixed,1482
0.9986216402481047,0.0006891798759476223,0.9871829207636683,Mixed,1479
0.8455476753349094,0.07722616233254531,0.9203980099502488,Mixed,1479
0.23374827109266944,0.3831258644536653,0.45058714870035627,Mixed,1474
0.9971949509116409,0.001402524544179523,0.9957614441009275,Mixed,1469
0.7567804024496938,0.1216097987751531,0.8657604078164826,Mixed,1468
0.9985964912280701,0.0007017543859649122,0.9996658741887811,Mixed,1461
0.9913606911447084,0.004319654427645789,0.869618161259459,Mixed,1452
0.9958246346555324,0.0020876826722338203,0.9454869525163719,Mixed,1450
0.7324656543745481,0.13376717281272596,1.0,Mixed,1450
0.7279885468861846,0.13600572655690765,1.0,Mixed,1447
0.8837863167760075,0.05810684161199625,0.8875562218890555,Mixed,1447
0.43197026022304835,0.28401486988847585,0.7642600521679217,Mixed,1446
0.8444995864350703,0.07775020678246485,0.9047619047619048,Mixed,1446
0.686429512516469,0.15678524374176547,0.8999605367008682,Mixed,1445
0.9203125,0.03984375,1.0,Mixed,1445
0.9940029985007496,0.0029985007496251873,0.9883864156255499,Mixed,1442
0.4261241970021413,0.28693790149892934,0.5582681670799161,Mixed,1436
0.022598870056497175,0.4887005649717514,0.4638259699484189,Mixed,1436
0.8525206922498119,0.07373965387509406,0.9039665970772442,Mixed,1432
0.7003154574132492,0.1498422712933754,0.8368446839784419,Mixed,1429
0.6804915514592934,0.1597542242703533,0.8590409019792883,Mixed,1429
0.9443892750744787,0.027805362462760674,0.9936923644411656,Mixed,1427
0.5258092738407699,0.23709536307961504,0.6916746411483253,Mixed,1422
0.8769483182936834,0.06152584085315833,0.9325510720918454,Mixed,1422
0.8428465530022239,0.07857672349888807,0.4922020886644996,Mixed,1421
0.9726775956284153,0.01366120218579235,0.9166666666666666,Mixed,1421
0.85,0.075,0.9722850122850123,Mixed,1420
0.19968429360694553,0.5998421468034728,0.47305728871242203,Mixed,1408
0.9970523212969786,0.0014738393515106854,0.9881127287297983,Mixed,1406
0.4091238233164374,0.2954380883417813,0.7721518987341772,Mixed,1403
0.5863746958637469,0.20681265206812652,0.8437302675985804,Mixed,1402
0.00941346850108617,0.4952932657494569,0.4381188118811881,Mixed,1400
0.8414096916299559,0.07929515418502203,0.8298850574712644,Mixed,1399
1.0,0.0,0.9982363315696648,All-positive,1398
0.4104803493449782,0.29475982532751094,0.6754178990395799,Mixed,1396
0.14868804664723032,0.42565597667638483,0.3716138878290729,Mixed,1390
0.9457167090754877,0.02714164546225615,0.9636363636363636,Mixed,1386
0.9807692307692307,0.009615384615384616,0.9976619906479626,Mixed,1384
1.0,0.0,0.9923507717524929,All-positive,1381
0.9757869249394673,0.012106537530266344,0.9755149630781189,Mixed,1380
0.9304495335029687,0.03477523324851569,0.9879614767255217,Mixed,1379
0.38558986539984164,0.3072050673000792,0.9533598100065859,Mixed,1378
0.06835066864784546,0.5341753343239227,0.41253327819276797,Mixed,1376
0.8686567164179104,0.06567164179104477,0.963914373088685,Mixed,1376
0.9866071428571429,0.006696428571428571,0.9787878787878788,Mixed,1374
0.8986666666666666,0.050666666666666665,0.9156398104265403,Mixed,1373
1.0,0.0,0.6218008068249454,All-positive,1372
0.884108867427568,0.05794556628621598,0.9638756927949327,Mixed,1371
0.40106951871657753,0.2994652406417112,0.9860643693416126,Mixed,1370
0.6029277218664227,0.19853613906678866,0.8411306042884991,Mixed,1369
0.5532390171258377,0.22338049143708116,0.8019680196801968,Mixed,1368
0.4375896700143472,0.2812051649928264,0.9901662170394222,Mixed,1367
0.9911190053285968,0.004440497335701598,0.981809322722105,Mixed,1362
0.6585928489042676,0.1707035755478662,0.9209659714599341,Mixed,1361
0.9727065959059894,0.013646702047005308,0.9844594865222093,Mixed,1352
0.9379715004191115,0.03101424979044426,0.967741935483871,Mixed,1352
0.859697386519945,0.07015130674002751,0.9421252371916509,Mixed,1352
0.8575851393188855,0.07120743034055728,0.8915025528811087,Mixed,1350
0.1366120218579235,0.43169398907103823,0.5005180989223542,Mixed,1348
0.8486377396569122,0.07568113017154389,0.9969933854479855,Mixed,1346
0.12349397590361445,0.4382530120481928,0.4566640481801519,Mixed,1345
0.19155354449472098,0.5957767722473605,0.29470536499560246,Mixed,1343
0.9637023593466425,0.018148820326678767,1.0,Mixed,1341
0.9639423076923077,0.018028846153846152,1.0,Mixed,1341
0.7093358999037536,0.1453320500481232,0.842929775769164,Mixed,1338
0.762660619803477,0.11866969009826153,0.8372093023255814,Mixed,1337
0.9631255487269534,0.018437225636523266,1.0,Mixed,1330
0.6151940545004129,0.19240297274979357,1.0,Mixed,1330
0.7864923747276689,0.10675381263616558,0.9532531655650235,Mixed,1329
0.9290780141843972,0.03546099290780142,0.9623370630983966,Mixed,1324
0.8124494745351657,0.09377526273241714,0.9179864253393665,Mixed,1321
0.7860696517412935,0.10696517412935323,0.7619047619047619,Mixed,1320
0.8976034858387799,0.05119825708061002,0.8485947416137806,Mixed,1318
0.9256198347107438,0.0371900826446281,0.6796763869132291,Mixed,1316
0.9980601357904947,0.0009699321047526673,0.9796406682898161,Mixed,1311
0.81855249745158,0.09072375127421,1.0,Mixed,1309
0.8427612655800575,0.07861936720997123,0.9295471457425322,Mixed,1307
0.9967923015236567,0.0016038492381716118,0.9883574667251719,Mixed,1306
0.9984532095901005,0.0007733952049497294,0.9816409145333257,Mixed,1306
0.7181347150259068,0.14093264248704662,0.9165272355456404,Mixed,1301
0.9805825242718447,0.009708737864077669,0.9732016925246827,Mixed,1301
0.6612377850162866,0.16938110749185667,0.8178752107925801,Mixed,1299
0.8579881656804734,0.07100591715976332,0.8664462809917355,Mixed,1298
0.572139303482587,0.21393034825870647,0.7791450904723464,Mixed,1297
0.9935691318327974,0.003215434083601286,0.9762519359834796,Mixed,1297
0.6590909090909091,0.17045454545454544,0.930019910036133,Mixed,1297
1.0,0.0,0.9812184903784705,All-positive,1295
1.0,0.0,0.9660373321923303,All-positive,1295
0.9791183294663574,0.010440835266821345,0.9917981072555205,Mixed,1293
0.7782982045277127,0.11085089773614364,0.8792873710704239,Mixed,1289
0.8455598455598455,0.07722007722007722,0.8289637952559301,Mixed,1288
0.9327731092436975,0.03361344537815126,0.9663107947805457,Mixed,1284
0.32719665271966525,0.3364016736401674,0.7496151872755259,Mixed,1281
0.10641754670999187,0.44679122664500404,0.575920245398773,Mixed,1274
1.0,0.0,0.8634859349145063,All-positive,1274
0.9950657894736842,0.0024671052631578946,0.9842808383552877,Mixed,1270
0.5566218809980806,0.22168905950095968,0.8371512944751857,Mixed,1269
0.5977443609022557,0.20112781954887218,0.7337826453243471,Mixed,1266
0.6702214930270713,0.16488925348646433,0.8142119141150513,Mixed,1264
0.9033232628398792,0.04833836858006042,0.9474120082815735,Mixed,1262
0.33279871692060947,0.33360064153969526,0.4592979024019128,Mixed,1260
0.9051819184123484,0.047409040793825796,0.9444444444444444,Mixed,1256
0.9006815968841285,0.04965920155793573,0.8918083462132921,Mixed,1254
1.0,0.0,0.9070961226937075,All-positive,1254
0.6006768189509306,0.1996615905245347,0.7975589225589226,Mixed,1252
0.970074812967581,0.014962593516209476,0.9608990326131032,Mixed,1248
0.9711451758340848,0.014427412082957619,0.9888121667686391,Mixed,1247
0.2602739726027397,0.3698630136986301,1.0,Mixed,1244
0.9627815866797258,0.01860920666013712,0.9047619047619048,Mixed,1240
0.9901153212520593,0.004942339373970346,1.0,Mixed,1240
0.5704918032786885,0.21475409836065573,0.9614147909967846,Mixed,1236
1.0,0.0,0.9856796213055412,All-positive,1234
0.9957671957671957,0.0021164021164021165,0.9802345684781085,Mixed,1232
0.05236907730673317,0.47381546134663344,0.5530258805215023,Mixed,1227
0.70625,0.146875,0.974195039285164,Mixed,1225
1.0,0.0,0.9924098671726755,All-positive,1220
0.9943872778297475,0.002806361085126286,0.9829301636729579,Mixed,1219
0.968,0.016,0.9701732975347815,Mixed,1213
0.996222851746931,0.0018885741265344666,0.9684862365865038,Mixed,1212
0.9303857008466604,0.034807149576669805,0.9828950727597652,Mixed,1203
1.0,0.0,0.9797322657325159,All-positive,1203
1.0,0.0,0.9988982233852086,All-positive,1202
0.3326633165829146,0.3336683417085427,0.95527840765936,Mixed,1199
0.9975845410628019,0.0012077294685990338,0.9838759980039921,Mixed,1195
0.9892665474060823,0.005366726296958855,0.9920424403183024,Mixed,1192
0.6934156378600823,0.15329218106995884,0.7575757575757576,Mixed,1190
0.986171132238548,0.006914433880726016,0.9856716417910448,Mixed,1184
0.9644619940769991,0.017769002961500493,0.9851270957274202,Mixed,1183
0.9982949701619779,0.0008525149190110827,0.9949071454292916,Mixed,1183
0.09837467921300257,0.4508126603934987,0.3735355962751577,Mixed,1183
0.9429559204840103,0.028522039757994815,0.9539573180977987,Mixed,1182
0.7023255813953488,0.14883720930232558,0.83014744017189,Mixed,1182
0.9467680608365019,0.026615969581749048,0.9835815196639939,Mixed,1179
0.9592760180995475,0.020361990950226245,0.9963560645497137,Mixed,1178
0.9877800407331976,0.006109979633401222,0.9055070719229612,Mixed,1178
0.8711538461538462,0.06442307692307692,0.9583333333333334,Mixed,1177
0.9930735930735931,0.003463203463203463,0.9916250367322951,Mixed,1177
0.994823123382226,0.0025884383088869713,0.9880952380952381,Mixed,1174
0.5824742268041238,0.20876288659793815,0.9009422367882015,Mixed,1174
1.0,0.0,0.9934285024782342,All-positive,1173
0.9982502187226596,0.0008748906386701663,0.9891665210553905,Mixed,1171
0.8859857482185273,0.057007125890736345,0.8995433789954338,Mixed,1170
0.7435424354243543,0.1282287822878229,0.8430517910775768,Mixed,1169
0.998220640569395,0.0008896797153024911,0.9983888449482966,Mixed,1168
0.6196319018404908,0.1901840490797546,0.6137497289091304,Mixed,1167
0.9943661971830986,0.0028169014084507044,0.9844257532315371,Mixed,1164
0.9947826086956522,0.0026086956521739132,0.9752511639304092,Mixed,1162
0.7050043898156277,0.14749780509218613,0.6834255472696656,Mixed,1157
0.06333973128598848,0.5316698656429942,0.4883475322115046,Mixed,1157
0.06460674157303371,0.46769662921348315,0.708937390473156,Mixed,1156
1.0,0.0,0.9457963589790505,All-positive,1156
0.9909502262443439,0.004524886877828055,0.9893497757847534,Mixed,1155
0.960820895522388,0.01958955223880597,0.975609756097561,Mixed,1154
0.9946855624446412,0.002657218777679362,0.9928330857421499,Mixed,1152
0.9840566873339238,0.007971656333038087,0.9681222098214286,Mixed,1152
0.9191102123356926,0.04044489383215369,0.9638876504681231,Mixed,1148
0.6928508384819064,0.15357458075904679,0.8933021806853583,Mixed,1145
0.21346324180690876,0.6067316209034543,0.41373799858238286,Mixed,1143
0.9222395023328149,0.038880248833592534,0.9708799530952265,Mixed,1143
0.7749757516973812,0.11251212415130941,0.7700942072559631,Mixed,1139
0.1504424778761062,0.4247787610619469,0.5255300735612289,Mixed,1135
1.0,0.0,0.9813232594266347,All-positive,1134
1.0,0.0,1.0,All-positive,1134
0.99644128113879,0.0017793594306049821,0.9458066313736417,Mixed,1134
0.8964879852125693,0.051756007393715345,0.9123711340206185,Mixed,1133
1.0,0.0,0.8932971628800723,All-positive,1131
0.27932960893854747,0.36033519553072624,0.49624793636500075,Mixed,1127
0.2815533980582524,0.3592233009708738,0.7947876799708402,Mixed,1126
0.2652689152233364,0.3673655423883318,0.4103469153773816,Mixed,1125
0.9907578558225508,0.0046210720887245845,0.9851094890510949,Mixed,1125
0.9959798994974874,0.0020100502512562816,0.9038989566172433,Mixed,1124
0.651219512195122,0.174390243902439,0.9315738025415444,Mixed,1121
0.3323216995447648,0.3338391502276176,0.6368421052631579,Mixed,1120
0.140625,0.4296875,0.7394733678008898,Mixed,1120
0.9639126305792972,0.018043684710351376,0.9916671422863992,Mixed,1120
0.9792207792207792,0.01038961038961039,0.8857037853730246,Mixed,1119
0.6077669902912621,0.19611650485436893,0.7337117294788235,Mixed,1117
1.0,0.0,1.0,All-positive,1114
0.2890995260663507,0.35545023696682465,0.7988322717622081,Mixed,1113
0.3186046511627907,0.34069767441860466,0.4444444444444444,Mixed,1112
0.1836734693877551,0.40816326530612246,0.6593677295743807,Mixed,1109
0.9333986287952988,0.03330068560235064,0.9838890132020586,Mixed,1105
0.1736745886654479,0.5868372943327239,0.46655682223013895,Mixed,1105
0.959758551307847,0.02012072434607646,0.9485142118863049,Mixed,1105
0.9853881278538813,0.0073059360730593605,0.9186195142735407,Mixed,1105
0.9509803921568627,0.024509803921568627,0.9244951712028094,Mixed,1103
0.3010948905109489,0.3494525547445255,0.4519602785659015,Mixed,1103
0.9981006647673314,0.000949667616334283,0.9844084843751488,Mixed,1100
0.11235955056179775,0.4438202247191011,0.4588053553038105,Mixed,1097
0.0647887323943662,0.532394366197183,0.6329955251381942,Mixed,1096
0.9981600735970562,0.0009199632014719411,0.9458266213233101,Mixed,1096
0.27514231499051234,0.36242884250474383,0.6198862934124336,Mixed,1093
0.5854823304680038,0.2072588347659981,0.7339637168567441,Mixed,1092
0.8894472361809045,0.05527638190954774,0.9495596477181746,Mixed,1092
0.14206128133704735,0.5710306406685237,0.5039076842381327,Mixed,1091
1.0,0.0,0.9948927214865003,All-positive,1091
0.5390946502057613,0.23045267489711935,0.9454545454545454,Mixed,1089
0.8978723404255319,0.05106382978723404,0.9572649572649573,Mixed,1089
0.7856353591160221,0.10718232044198896,0.9095477386934674,Mixed,1088
0.7897727272727273,0.10511363636363637,0.9513991163475699,Mixed,1088
0.9961277831558567,0.001936108422071636,0.9984223442795372,Mixed,1086
0.3681159420289855,0.3159420289855073,0.9298385666134469,Mixed,1084
0.6663101604278074,0.16684491978609625,1.0,Mixed,1083
0.9905123339658444,0.004743833017077799,0.9935336841325132,Mixed,1080
0.9981167608286252,0.0009416195856873823,0.9862652763762754,Mixed,1078
0.6460431654676259,0.17697841726618704,0.9856195005268104,Mixed,1078
0.9664921465968587,0.016753926701570682,0.9736842105263158,Mixed,1078
0.9339045287637698,0.033047735618115054,0.8675,Mixed,1078
0.4118792599805258,0.2940603700097371,0.870265563778842,Mixed,1076
1.0,0.0,0.9781008795548376,All-positive,1075
0.28530259365994237,0.3573487031700288,0.5607956900124327,Mixed,1071
0.9681697612732095,0.015915119363395226,0.9940176157669836,Mixed,1070
0.9942252165543792,0.0028873917228103944,0.9962602842183994,Mixed,1069
0.9646017699115044,0.017699115044247787,0.9489929947460596,Mixed,1069
0.1051108968177435,0.4474445515911283,0.6319587136235485,Mixed,1068
0.996222851746931,0.0018885741265344666,0.9766081871345029,Mixed,1066
0.17391304347826086,0.5869565217391305,0.49041916167664673,Mixed,1066
0.9631425800193987,0.01842870999030068,0.9845323119073268,Mixed,1057
1.0,0.0,0.9027347053848322,All-positive,1057
0.7605263157894737,0.11973684210526316,0.9608108108108108,Mixed,1053
0.039014373716632446,0.4804928131416838,0.5016921200460394,Mixed,1052
0.7895927601809954,0.10520361990950226,0.9962406015037594,Mixed,1051
0.9808510638297873,0.009574468085106383,0.9820477220625746,Mixed,1050
0.6921465968586388,0.15392670157068064,0.7573518759959438,Mixed,1049
0.7299670691547749,0.1350164654226125,0.8434576888080073,Mixed,1049
0.6560999039385207,0.17195004803073968,0.671542203523534,Mixed,1049
0.9779116465863453,0.01104417670682731,0.75,Mixed,1049
0.9699421965317919,0.015028901734104046,0.988647114474929,Mixed,1046
0.8308227114716107,0.08458864426419467,0.9606490872210953,Mixed,1045
0.9391100702576113,0.03044496487119438,0.9911504424778761,Mixed,1044
0.9716859716859717,0.014157014157014158,0.9410299003322259,Mixed,1043
0.16666666666666666,0.5833333333333334,0.4667630057803468,Mixed,1039
0.3826173826173826,0.3086913086913087,0.808461631712935,Mixed,1038
0.982740021574973,0.008629989212513484,0.8926123381568926,Mixed,1037
0.9527235354573484,0.023638232271325797,0.9712007089056269,Mixed,1036
0.5269230769230769,0.23653846153846153,0.6713091922005571,Mixed,1036
0.9960591133004926,0.0019704433497536944,0.9092867400670177,Mixed,1031
0.4612868047982552,0.2693565976008724,0.8381899211518684,Mixed,1030
0.8205128205128205,0.08974358974358974,0.9852052271026424,Mixed,1029
1.0,0.0,0.7932203389830509,All-positive,1029
0.20925553319919518,0.3953722334004024,0.4109996140486299,Mixed,1028
0.9087136929460581,0.04564315352697095,1.0,Mixed,1028
0.8043478260869565,0.09782608695652174,0.7762962962962963,Mixed,1026
1.0,0.0,0.9723741240328918,All-positive,1017
0.9898373983739838,0.00508130081300813,0.9615384615384616,Mixed,1016
0.8257345491388045,0.08713272543059777,0.9184262768453347,Mixed,1015
0.16993464052287582,0.4150326797385621,0.7804561899050088,Mixed,1011
0.8146811070998796,0.09265944645006016,0.9887103476935863,Mixed,1011
0.5425641025641026,0.2287179487179487,0.7492133417243549,Mixed,1007
0.8613861386138614,0.06930693069306931,0.731638418079096,Mixed,1006
0.5523012552301255,0.22384937238493724,0.8194842406876791,Mixed,1004
0.9718706047819972,0.014064697609001406,0.9930875576036866,Mixed,1004
0.2905894519131334,0.6452947259565667,0.4718935857261623,Mixed,1000
0.7514285714285714,0.12428571428571429,0.9265138154027043,Mixed,998
0.8080697928026173,0.09596510359869138,0.9255474452554745,Mixed,996
0.8489583333333334,0.07552083333333333,0.842383474691017,Mixed,993
0.9847133757961783,0.007643312101910828,1.0,Mixed,993
0.9868421052631579,0.006578947368421052,0.988761273957159,Mixed,992
0.45934959349593496,0.2703252032520325,0.9202651134766018,Mixed,987
0.21548117154811716,0.3922594142259414,0.43669512665030724,Mixed,985
0.5288611544461779,0.23556942277691106,0.9060324825986079,Mixed,984
0.9855072463768116,0.007246376811594203,0.875478438377137,Mixed,983
1.0,0.0,0.9724243894549571,All-positive,983
1.0,0.0,0.9957618862042089,All-positive,983
0.9955604883462819,0.0022197558268590455,0.9782891880156318,Mixed,982
0.8193411264612115,0.09032943676939426,1.0,Mixed,981
0.9978969505783386,0.0010515247108307045,0.9844236167277225,Mixed,978
0.9264069264069265,0.0367965367965368,0.9828637815858263,Mixed,977
0.7575757575757576,0.12121212121212122,0.8427928220447215,Mixed,977
0.001034126163391934,0.500517063081696,0.27330164942689406,Mixed,976
0.6067415730337079,0.19662921348314608,0.7939372597353054,Mixed,976
0.5289017341040463,0.23554913294797689,0.9265106151333696,Mixed,975
0.9916839916839917,0.004158004158004158,0.9205448354143019,Mixed,974
0.14680851063829786,0.42659574468085104,0.5249294449670743,Mixed,973
0.07165775401069518,0.4641711229946524,0.40465918895599656,Mixed,969
0.9225967540574282,0.03870162297128589,0.966903073286052,Mixed,968
0.08324552160168598,0.541622760800843,0.43959364100900317,Mixed,967
0.9927095990279465,0.0036452004860267314,0.9885289953480308,Mixed,965
0.735,0.1325,0.966952264381885,Mixed,965
0.5034802784222738,0.2482598607888631,0.7952499633484826,Mixed,964
0.9809069212410502,0.00954653937947494,0.9806118653524271,Mixed,964
0.4177215189873418,0.2911392405063291,0.548051948051948,Mixed,961
0.9978947368421053,0.0010526315789473684,0.9844237649387227,Mixed,961
0.9953810623556582,0.0023094688221709007,0.9139990444338271,Mixed,957
0.9788484136310224,0.010575793184488837,0.9618940248027058,Mixed,954
0.7062750333778371,0.14686248331108145,0.8871959026888604,Mixed,953
0.5746714456391876,0.2126642771804062,0.8322928907168038,Mixed,953
0.961439588688946,0.019280205655526992,0.991304347826087,Mixed,949
0.3426183844011142,0.3286908077994429,0.7634615384615384,Mixed,948
0.9956043956043956,0.002197802197802198,0.9943486020226056,Mixed,947
0.9910313901345291,0.004484304932735426,0.9966329966329966,Mixed,946
0.8074866310160428,0.0962566844919786,0.84,Mixed,944
0.8387516254876463,0.08062418725617686,0.8505747126436781,Mixed,942
0.23010752688172043,0.6150537634408603,0.41378512481682395,Mixed,942
1.0,0.0,0.9475576096026702,All-positive,942
0.9889867841409692,0.005506607929515419,0.9730813287514318,Mixed,941
0.6083231334149327,0.19583843329253367,0.8317554674886247,Mixed,941
0.9491298527443106,0.025435073627844713,0.9740740740740741,Mixed,940
0.9931740614334471,0.0034129692832764505,0.9885104043064278,Mixed,937
0.8002171552660152,0.0998914223669924,0.9046808510638298,Mixed,937
0.9821826280623608,0.008908685968819599,0.996161694684676,Mixed,935
0.8411316648531012,0.0794341675734494,0.9222955815134586,Mixed,934
0.531317494600432,0.234341252699784,0.970970970970971,Mixed,932
0.8122905027932961,0.09385474860335195,0.90625,Mixed,931
0.4244604316546763,0.28776978417266186,0.927695970372983,Mixed,930
0.41414141414141414,0.7070707070707071,0.5524103619831875,Mixed,929
0.8991228070175439,0.05043859649122807,0.9525448733710351,Mixed,927
0.39556592765460913,0.30221703617269546,0.7965992377601876,Mixed,926
0.5351609058402861,0.232419547079857,0.794831223628692,Mixed,924
0.92018779342723,0.03990610328638498,0.9966752161109528,Mixed,924
0.9706840390879479,0.014657980456026058,0.9768339768339769,Mixed,922
0.7312775330396476,0.1343612334801762,0.8747514910536779,Mixed,921
0.8893905191873589,0.055304740406320545,0.9845869297163995,Mixed,916
0.46685472496473907,0.26657263751763044,0.8374985800295354,Mixed,915
0.9977924944812362,0.0011037527593818985,0.9949418827436454,Mixed,914
0.17229729729729729,0.41385135135135137,0.5913747521480502,Mixed,913
0.9084194977843427,0.04579025110782865,0.9153798641136504,Mixed,913
0.7795637198622273,0.11021814006888633,0.9361981302279809,Mixed,913
0.6886898096304591,0.15565509518477044,0.8141736903872826,Mixed,913
1.0,0.0,0.9667086085771207,All-positive,912
0.7617328519855595,0.11913357400722022,0.8427202566770725,Mixed,908
0.328125,0.3359375,0.6266850199354471,Mixed,907
0.6042908224076281,0.19785458879618595,0.8613840008636511,Mixed,906
0.8887171561051005,0.05564142194744977,0.9676113360323887,Mixed,901
0.44269662921348313,0.7213483146067415,0.4149857388801809,Mixed,899
0.9468791500664011,0.02656042496679947,0.9772727272727273,Mixed,897
0.9972067039106145,0.0013966480446927375,0.9795343883140597,Mixed,897
0.984779299847793,0.0076103500761035,0.976179734728864,Mixed,896
0.9726651480637813,0.01366742596810934,0.9632742344001842,Mixed,896
0.6761904761904762,0.1619047619047619,0.814356106006126,Mixed,896
0.3275862068965517,0.33620689655172414,0.6584474885844749,Mixed,895
1.0,0.0,0.9885684136475554,All-positive,894
0.806674338319908,0.09666283084004602,0.8574938574938575,Mixed,894
0.9857142857142858,0.007142857142857143,0.9766007295590023,Mixed,892
0.9549041713641488,0.02254791431792559,0.9431171786120591,Mixed,891
0.8723404255319149,0.06382978723404255,0.9692671394799054,Mixed,889
0.8450074515648286,0.07749627421758569,0.9294473684210526,Mixed,886
0.796875,0.1015625,0.893352549090254,Mixed,886
0.36310223266745006,0.318448883666275,0.6188472994135168,Mixed,885
0.8293135435992579,0.08534322820037106,0.8954337899543379,Mixed,884
0.012895662368112544,0.4935521688159437,0.2744041335629757,Mixed,882
0.9735973597359736,0.013201320132013201,0.9616021185038067,Mixed,882
1.0,0.0,0.9979473000712161,All-positive,881
0.7537091988130564,0.12314540059347182,0.8767978404825172,Mixed,879
0.08538011695906433,0.5426900584795321,0.4129627964915435,Mixed,877
0.9195979899497487,0.04020100502512563,0.9733621310295176,Mixed,874
0.9937304075235109,0.003134796238244514,0.9868144879177655,Mixed,870
0.9883177570093458,0.005841121495327103,0.9897383273473577,Mixed,870
0.7407847800237812,0.12960760998810938,0.7786352312086042,Mixed,870
0.7762237762237763,0.11188811188811189,0.8375532978891403,Mixed,869
0.9406207827260459,0.029689608636977057,1.0,Mixed,869
0.9953325554259043,0.002333722287047841,1.0,Mixed,868
0.9633802816901409,0.018309859154929577,0.99599278701663,Mixed,866
0.9974937343358395,0.0012531328320802004,0.9802695172570649,Mixed,859
0.9922630560928434,0.0038684719535783366,0.9191136732120339,Mixed,857
0.7102137767220903,0.14489311163895488,0.8883165535003512,Mixed,853
0.9290586630286494,0.03547066848567531,0.9814123562123866,Mixed,853
0.9917695473251029,0.00411522633744856,0.8713680009976307,Mixed,852
1.0,0.0,0.9867534543793537,All-positive,852
0.8048128342245989,0.09759358288770054,0.8425800582635723,Mixed,850
0.08176100628930817,0.5408805031446541,0.4653678284521475,Mixed,848
0.6144578313253012,0.1927710843373494,0.946693657219973,Mixed,847
0.9975961538461539,0.001201923076923077,0.9844412340563043,Mixed,845
0.9976133651551312,0.0011933174224343676,0.9934856425776925,Mixed,844
0.978494623655914,0.010752688172043012,0.9886992619926199,Mixed,843
0.9925742574257426,0.0037128712871287127,0.995629169542213,Mixed,842
0.854679802955665,0.07266009852216748,0.974827498083312,Mixed,842
0.5893719806763285,0.20531400966183574,0.6861227982600014,Mixed,841
0.8304172274562585,0.0847913862718708,1.0,Mixed,840
0.9950433705080545,0.0024783147459727386,0.9844544322922111,Mixed,838
0.44458281444582815,0.2777085927770859,0.5964411456846512,Mixed,837
0.5498652291105122,0.22506738544474394,0.7347075262139633,Mixed,837
0.8516746411483254,0.07416267942583732,0.9714192919779149,Mixed,836
0.8951841359773371,0.05240793201133145,0.6666666666666666,Mixed,835
0.699859747545582,0.15007012622720897,0.843007772749908,Mixed,835
0.9811066126855601,0.009446693657219974,0.9961425333911953,Mixed,834
0.9975,0.00125,0.9958413926499032,Mixed,828
0.8533834586466166,0.07330827067669173,0.8944807663068268,Mixed,827
0.4726609963547995,0.26366950182260024,0.6857142857142857,Mixed,825
0.7292682926829268,0.1353658536585366,0.8752133510335672,Mixed,823
0.926412614980289,0.03679369250985545,0.9818429414434862,Mixed,821
0.8026124818577649,0.09869375907111756,0.9543845851356665,Mixed,820
0.2506393861892583,0.37468030690537085,0.5003338869578617,Mixed,819
0.6575,0.17125,0.922854387656702,Mixed,819
0.9771428571428571,0.011428571428571429,0.9678767876787678,Mixed,819
0.5277382645803699,0.2361308677098151,0.9494937533305702,Mixed,816
0.9578606158833063,0.02106969205834684,0.9703313326501732,Mixed,815
0.9974842767295597,0.0012578616352201257,1.0,Mixed,812
0.9949937421777222,0.0025031289111389237,0.9090755068616931,Mixed,812
0.18804483188044832,0.40597758405977585,0.5587799195085786,Mixed,810
0.4884318766066838,0.25578406169665807,0.7029893924783028,Mixed,809
0.8505897771952818,0.07470511140235911,0.9388127853881278,Mixed,809
0.4451450189155107,0.27742749054224464,0.6898133502056312,Mixed,808
0.9851024208566108,0.0074487895716946,1.0,Mixed,808
0.9774718397997497,0.011264080100125156,0.9981389707881145,Mixed,808
1.0,0.0,0.9815364210673275,All-positive,807
0.9519094766619519,0.024045261669024046,0.943083525916144,Mixed,806
0.9793548387096774,0.01032258064516129,0.9858883899935856,Mixed,806
0.9427792915531336,0.02861035422343324,0.9512195121951219,Mixed,806
1.0,0.0,0.9874598790774054,All-positive,803
0.9897039897039897,0.005148005148005148,0.9953393533352752,Mixed,802
0.7996070726915521,0.10019646365422397,0.7758620689655172,Mixed,802
0.10745891276864729,0.44627054361567636,0.7089974293059126,Mixed,801
0.9771863117870723,0.011406844106463879,0.9844493643197094,Mixed,799
0.7464285714285714,0.12678571428571428,0.9534928229665072,Mixed,798
0.7040229885057471,0.14798850574712644,0.8429933651546146,Mixed,798
0.28498727735368956,0.3575063613231552,0.5936213991769548,Mixed,798
0.5788079470198676,0.21059602649006623,0.9121683440073193,Mixed,795
0.5539971949509116,0.22300140252454417,0.8435707017126031,Mixed,794
0.9890909090909091,0.005454545454545455,0.9938824101913485,Mixed,793
0.710948905109489,0.14452554744525548,0.8429687669098072,Mixed,793
0.2416452442159383,0.3791773778920309,0.9259892804196602,Mixed,792
0.4005235602094241,0.299738219895288,0.6666666666666666,Mixed,791
0.7155049786628734,0.1422475106685633,0.8349991481628712,Mixed,789
0.9792899408284024,0.010355029585798817,0.9893973649333437,Mixed,788
0.9948453608247423,0.002577319587628866,0.989983579638752,Mixed,787
0.06882591093117409,0.46558704453441296,0.43853485178903157,Mixed,787
0.832258064516129,0.08387096774193549,0.8425708631187343,Mixed,786
1.0,0.0,0.9956837800999546,All-positive,785
0.6840659340659341,0.15796703296703296,0.90625,Mixed,785
0.0873015873015873,0.45634920634920634,0.5739179314221473,Mixed,784
1.0,0.0,0.9859342033289052,All-positive,784
0.28083989501312334,0.35958005249343833,0.6300194804131812,Mixed,783
0.8190954773869347,0.09045226130653267,0.8928176795580111,Mixed,778
0.4540612516644474,0.2729693741677763,0.4355939734216585,Mixed,777
1.0,0.0,0.9983769056866268,All-positive,772
0.966824644549763,0.016587677725118485,0.9417252982563475,Mixed,772
0.8792569659442725,0.06037151702786378,0.7914396433670348,Mixed,771
0.9973118279569892,0.0013440860215053765,0.958904109589041,Mixed,770
0.9840425531914894,0.007978723404255319,0.9588342440801457,Mixed,769
0.5665294924554184,0.2167352537722908,0.8435327746378224,Mixed,767
1.0,0.0,0.999031007751938,All-positive,766
0.8231046931407943,0.08844765342960288,0.8790376369699857,Mixed,766
0.9865047233468286,0.006747638326585695,0.9354838709677419,Mixed,765
0.8869565217391304,0.05652173913043478,0.8857309713840763,Mixed,765
0.1016949152542373,0.5508474576271186,0.3413897280966767,Mixed,764
0.8513513513513513,0.07432432432432433,0.9604142089395726,Mixed,762
0.9973045822102425,0.0013477088948787063,0.9787168414558914,Mixed,762
0.994579945799458,0.0027100271002710027,0.9959020345193328,Mixed,761
0.8859470468431772,0.05702647657841141,0.8529411764705882,Mixed,760
0.9908256880733946,0.0045871559633027525,1.0,Mixed,760
1.0,0.0,0.9783040398352055,All-positive,760
0.9946018893387314,0.002699055330634278,0.995901441728145,Mixed,758
0.662847790507365,0.1685761047463175,0.8812879185974299,Mixed,757
0.9707446808510638,0.014627659574468085,0.9863762345317563,Mixed,755
0.9862448418156808,0.0068775790921595595,0.9935726256468812,Mixed,754
0.42196531791907516,0.28901734104046245,0.8438013136288999,Mixed,754
0.9964349376114082,0.0017825311942959,0.9797729152567862,Mixed,753
0.9919678714859438,0.004016064257028112,0.9783980798293181,Mixed,751
0.6230899830220713,0.18845500848896435,0.6947159437996335,Mixed,748
0.9967373572593801,0.0016313213703099511,0.9839833947767899,Mixed,748
1.0,0.0,0.9925614345804737,All-positive,747
0.7099447513812155,0.14502762430939226,0.835042759326079,Mixed,747
0.9779917469050894,0.011004126547455296,0.9728900255754476,Mixed,746
0.8535714285714285,0.07321428571428572,0.8274924471299093,Mixed,746
1.0,0.0,0.9844500560101768,All-positive,745
0.41609822646657574,0.29195088676671216,0.6759729272419628,Mixed,744
0.6537102473498233,0.17314487632508835,0.9320416013677162,Mixed,743
0.9775700934579439,0.011214953271028037,0.97687269750307,Mixed,743
1.0,0.0,0.999656208617704,All-positive,742
0.3587994542974079,0.32060027285129605,0.6894921999928929,Mixed,741
0.03561643835616438,0.4821917808219178,0.41246762571479856,Mixed,740
0.984,0.008,0.9949807295868065,Mixed,739
0.9972413793103448,0.001379310344827586,0.9714964370546318,Mixed,739
1.0,0.0,0.9990601503759399,All-positive,736
0.97953216374269,0.01023391812865497,0.9689466206616603,Mixed,736
0.6625766871165644,0.1687116564417178,0.8431438308000216,Mixed,734
0.9943977591036415,0.0028011204481792717,0.9840895698291102,Mixed,733
0.4347202295552367,0.28263988522238165,0.7167960768287699,Mixed,733
0.6199376947040498,0.19003115264797507,0.9147005444646098,Mixed,731
0.9414990859232175,0.029250457038391225,0.9692805173807599,Mixed,731
0.684053651266766,0.15797317436661698,0.8353191489361702,Mixed,730
0.22052704576976423,0.3897364771151179,0.6912584804461336,Mixed,730
0.26795580110497236,0.6339779005524862,0.47050754458161864,Mixed,729
0.5491009681881052,0.22544951590594745,0.6682144364710848,Mixed,727
0.8370786516853933,0.08146067415730338,0.8566176470588235,Mixed,727
0.9971988795518207,0.0014005602240896359,0.9956076134699854,Mixed,726
0.2846153846153846,0.3576923076923077,0.9604487902720321,Mixed,726
1.0,0.0,0.9979540282678135,All-positive,726
1.0,0.0,0.9781940769821627,All-positive,726
1.0,0.0,0.9897560975609756,All-positive,725
1.0,0.0,0.9002381953201626,All-positive,723
0.09348441926345609,0.546742209631728,0.43975867148247544,Mixed,723
0.9967585089141004,0.0016207455429497568,0.9376613795647363,Mixed,722
0.6050420168067226,0.19747899159663865,0.7789824691406174,Mixed,722
0.9877300613496932,0.006134969325153374,0.9935631000110347,Mixed,722
0.47770700636942676,0.2611464968152866,0.7951891435394158,Mixed,721
0.6096866096866097,0.19515669515669515,0.8360544024532213,Mixed,721
1.0,0.0,0.9843470660680942,All-positive,719
1.0,0.0,0.9819109852202933,All-positive,718
0.646875,0.1765625,0.893329658213892,Mixed,717
0.9854862119013063,0.00725689404934688,0.9688007579859231,Mixed,716
0.9547511312217195,0.02262443438914027,0.9157963061308786,Mixed,716
0.93713163064833,0.03143418467583497,0.996415770609319,Mixed,715
0.5960591133004927,0.2019704433497537,0.8433573390427994,Mixed,714
0.04992867332382311,0.47503566333808844,0.4387458639335001,Mixed,714
1.0,0.0,0.9690635132557696,All-positive,712
0.34281650071123754,0.3285917496443812,0.69945583926329,Mixed,711
0.9971509971509972,0.0014245014245014246,0.9764230380599529,Mixed,710
0.2198581560283688,0.3900709219858156,0.566815144766147,Mixed,708
0.9593114241001565,0.02034428794992175,0.9815480844409695,Mixed,706
0.9971098265895953,0.001445086705202312,0.9971005154639175,Mixed,705
1.0,0.0,0.8966038071122365,All-positive,704
0.0029069767441860465,0.498546511627907,0.4126685119688349,Mixed,704
1.0,0.0,0.9979549675507606,All-positive,704
0.7068403908794788,0.1465798045602606,0.8717542748575048,Mixed,704
0.9913419913419913,0.004329004329004329,0.9691967519347338,Mixed,702
1.0,0.0,0.9945887445887446,All-positive,699
0.9409020217729394,0.029548989113530325,0.8991655687307861,Mixed,698
0.7247386759581882,0.13763066202090593,0.8803528850739151,Mixed,698
0.9941605839416059,0.00291970802919708,0.9891509433962264,Mixed,697
0.8728323699421965,0.06358381502890173,0.9792147806004619,Mixed,697
0.9851632047477745,0.00741839762611276,0.9955530850472485,Mixed,696
0.6441717791411042,0.17791411042944785,0.7922009253139458,Mixed,696
0.9721254355400697,0.013937282229965157,0.9691114245416079,Mixed,696
0.9595375722543352,0.02023121387283237,0.9800374298190893,Mixed,696
0.712166172106825,0.14391691394658754,0.6722689075630253,Mixed,695
1.0,0.0,0.998380754105945,All-positive,695
0.9602977667493796,0.019851116625310174,0.9376484560570071,Mixed,694
0.5359765051395007,0.23201174743024963,0.7794558989749386,Mixed,692
0.8664596273291926,0.06677018633540373,0.8866749688667497,Mixed,692
1.0,0.0,0.9996563355183606,All-positive,691
0.8070500927643784,0.09647495361781076,1.0,Mixed,691
0.9876796714579056,0.006160164271047228,0.9766802443991853,Mixed,690
0.9907834101382489,0.004608294930875576,0.9733892680483376,Mixed,689
0.9536679536679536,0.023166023166023165,0.9853420195439739,Mixed,686
0.39104477611940297,0.3044776119402985,0.8621103117505995,Mixed,684
0.4861788617886179,0.25691056910569104,0.7352955184073915,Mixed,684
0.997037037037037,0.0014814814814814814,0.9691416815878701,Mixed,684
0.7964071856287425,0.10179640718562874,0.8679421371908539,Mixed,681
0.9435364041604755,0.02823179791976226,0.874103753690426,Mixed,679
1.0,0.0,0.8966703662597114,All-positive,679
0.30618401206636503,0.3469079939668175,0.5002734014558627,Mixed,679
0.7357910906298003,0.13210445468509985,0.8139608840833201,Mixed,679
0.9936808846761453,0.00315955766192733,0.9963776318768395,Mixed,675
0.9741219963031423,0.012939001848428836,1.0,Mixed,674
0.8484848484848485,0.07575757575757576,0.9401260504201681,Mixed,674
1.0,0.0,0.999656422981485,All-positive,674
0.7089552238805971,0.1455223880597015,0.8429946732072047,Mixed,674
0.7470355731225297,0.12648221343873517,0.9558282208588957,Mixed,673
0.215311004784689,0.3923444976076555,0.9295766354589884,Mixed,673
0.9848484848484849,0.007575757575757576,0.9633872416891285,Mixed,672
0.9965156794425087,0.0017421602787456446,0.9646565054119726,Mixed,671
0.24423963133640553,0.3778801843317972,0.5014910175285475,Mixed,671
0.03333333333333333,0.48333333333333334,0.5181518151815182,Mixed,671
0.42127659574468085,0.28936170212765955,0.8667946927374302,Mixed,670
0.9491525423728814,0.025423728813559324,0.9705145500096357,Mixed,669
0.9960707269155207,0.0019646365422396855,0.9157359218759137,Mixed,669
0.6697674418604651,0.16511627906976745,0.8097005264520584,Mixed,668
0.15692307692307692,0.42153846153846153,0.4604487902720321,Mixed,667
0.9453376205787781,0.027331189710610933,0.9741019214703425,Mixed,666
0.9074550128534704,0.04627249357326478,0.970899087881859,Mixed,666
0.5785953177257525,0.21070234113712374,0.8434084053238764,Mixed,665
1.0,0.0,0.8829233680227058,All-positive,664
1.0,0.0,0.9909803921568627,All-positive,662
0.7619047619047619,0.11904761904761904,0.8438761776581427,Mixed,661
1.0,0.0,1.0,All-positive,661
1.0,0.0,0.9985248372510663,All-positive,660
0.7561728395061729,0.12191358024691358,0.8137901793995284,Mixed,658
0.9390862944162437,0.030456852791878174,0.9435816787890702,Mixed,655
0.9562043795620438,0.021897810218978103,0.8705103969754253,Mixed,655
1.0,0.0,0.9981241127560333,All-positive,655
0.7781299524564184,0.1109350237717908,0.9215686274509803,Mixed,655
0.18,0.41,0.9313543599257885,Mixed,655
0.6613756613756614,0.1693121693121693,0.8245614035087719,Mixed,654
0.4642857142857143,0.26785714285714285,0.7132120253164557,Mixed,654
0.8202247191011236,0.0898876404494382,0.9440854870775348,Mixed,654
0.9322033898305084,0.03389830508474576,0.9736394557823129,Mixed,653
0.9900990099009901,0.0049504950495049506,0.9598879221353782,Mixed,652
0.7774244833068362,0.11128775834658187,0.885670731707317,Mixed,652
0.979557069846678,0.010221465076660987,0.9775980087118855,Mixed,651
0.9093851132686084,0.045307443365695796,0.9928002057084083,Mixed,651
0.44402985074626866,0.27798507462686567,0.861127774445111,Mixed,649
0.9842767295597484,0.007861635220125786,0.9225315707850232,Mixed,649
1.0,0.0,0.9671478089916705,All-positive,649
0.9869067103109657,0.006546644844517185,0.984419844198442,Mixed,648
0.9962546816479401,0.0018726591760299626,0.984485177041474,Mixed,648
0.7828282828282829,0.10858585858585859,0.9425162689804772,Mixed,646
1.0,0.0,0.9981249683271677,All-positive,645
0.9334916864608076,0.0332541567695962,0.9033264033264033,Mixed,645
0.6690391459074733,0.16548042704626334,0.843112672250743,Mixed,644
1.0,0.0,0.973421926910299,All-positive,643
0.9968304278922345,0.001584786053882726,0.9914529914529915,Mixed,640
0.5241379310344828,0.23793103448275862,0.8902275769745649,Mixed,640
0.792,0.104,0.9079983841648152,Mixed,637
1.0,0.0,0.9844643619291507,All-positive,637
0.8233438485804416,0.08832807570977919,0.614812103465105,Mixed,635
0.993517017828201,0.0032414910858995136,0.873685096356139,Mixed,634
0.30522088353413657,0.3473895582329317,0.629965281739499,Mixed,634
0.9932203389830508,0.003389830508474576,0.9885770047643648,Mixed,634
0.7441860465116279,0.12790697674418605,0.9210558929235345,Mixed,633
0.4952561669829222,0.2523719165085389,0.7735927152317881,Mixed,632
0.4223300970873786,0.28883495145631066,0.6231446540880503,Mixed,631
0.6309314586994728,0.18453427065026362,0.7343244529019981,Mixed,630
0.43412526997840173,0.28293736501079914,0.8369902419764228,Mixed,629
0.9066022544283414,0.04669887278582931,0.9577817158344626,Mixed,628
0.19934640522875818,0.5996732026143791,0.44043663021368296,Mixed,628
0.6673346693386774,0.16633266533066132,0.9149719495091164,Mixed,624
0.9967637540453075,0.0016181229773462784,0.9735294117647059,Mixed,623
1.0,0.0,0.995958688819039,All-positive,622
0.8367346938775511,0.08163265306122448,0.829399180535915,Mixed,622
0.9578947368421052,0.021052631578947368,0.9940118721144167,Mixed,621
0.8884297520661157,0.05578512396694215,0.9923444976076555,Mixed,621
0.5661764705882353,0.21691176470588236,0.9487073545036006,Mixed,621
0.9830508474576272,0.00847457627118644,0.9910171983888498,Mixed,620
0.8715953307392996,0.06420233463035019,0.8887826205765815,Mixed,620
1.0,0.0,0.7548076923076923,All-positive,619
0.6521739130434783,0.17391304347826086,0.971464408905613,Mixed,618
0.30049261083743845,0.3497536945812808,0.6275813626785296,Mixed,617
1.0,0.0,0.9934952776450701,All-positive,617
0.3756260434056761,0.3121869782971619,0.7180175344426553,Mixed,617
0.9705340699815838,0.014732965009208104,0.991126432378946,Mixed,616
0.7747440273037542,0.11262798634812286,0.7158788282290279,Mixed,616
0.6443719412724307,0.8221859706362153,0.5653776472793153,Mixed,615
0.987460815047022,0.006269592476489028,0.9702275022846424,Mixed,615
0.9049295774647887,0.04753521126760563,0.9253731343283582,Mixed,615
1.0,0.0,0.9931041580897488,All-positive,611
0.22077922077922077,0.38961038961038963,0.8857793378237359,Mixed,611
0.7537688442211056,0.12311557788944724,0.893718916927611,Mixed,611
0.901840490797546,0.049079754601226995,0.9715061058344641,Mixed,611
1.0,0.0,0.9993718029256036,All-positive,610
0.05416666666666667,0.47291666666666665,0.5237922266618235,Mixed,610
0.9709618874773139,0.014519056261343012,0.9801625568260091,Mixed,610
1.0,0.0,0.9865963980413313,All-positive,609
1.0,0.0,0.9885317813010694,All-positive,609
0.9764309764309764,0.011784511784511785,0.9708994708994709,Mixed,609
0.8894830659536542,0.05525846702317291,0.7901840490797546,Mixed,608
0.4446529080675422,0.2776735459662289,0.7355737237379979,Mixed,607
0.370242214532872,0.314878892733564,0.6010806782187442,Mixed,606
0.5945485519591142,0.20272572402044292,0.7434874442619104,Mixed,606
0.7259100642398287,0.13704496788008566,0.8304108397942178,Mixed,606
0.9817850637522769,0.009107468123861567,0.9831346594968601,Mixed,605
0.8859315589353612,0.057034220532319393,1.0,Mixed,605
0.9631336405529954,0.018433179723502304,0.9393842616249362,Mixed,605
1.0,0.0,0.9981295182245589,All-positive,603
0.5236427320490368,0.2381786339754816,0.8435621946474123,Mixed,603
0.6926315789473684,0.15368421052631578,0.8718822618125485,Mixed,602
0.588495575221239,0.20575221238938052,0.8724887248872488,Mixed,600
0.9962546816479401,0.0018726591760299626,0.9935219848785143,Mixed,600
0.5906735751295337,0.20466321243523317,0.8263127524523947,Mixed,597
0.14726027397260275,0.5736301369863014,0.4401078883275296,Mixed,596
0.5833333333333334,0.20833333333333334,0.7942140846705162,Mixed,595
1.0,0.0,0.9944175660588016,All-positive,595
0.9824561403508771,0.008771929824561403,0.9886779505946935,Mixed,594
0.992818671454219,0.003590664272890485,0.9155573799331496,Mixed,594
0.9966159052453468,0.001692047377326565,0.9921543681085666,Mixed,592
0.8663594470046083,0.06682027649769585,0.9943456768710432,Mixed,591
0.8007662835249042,0.09961685823754789,0.7946149029430182,Mixed,590
0.9602272727272727,0.019886363636363636,0.9945861762088402,Mixed,588
1.0,0.0,0.9886826618379357,All-positive,588
0.722567287784679,0.13871635610766045,0.8429657466200164,Mixed,588
0.9743589743589743,0.01282051282051282,0.9430288775643538,Mixed,587
1.0,0.0,0.9931130184509431,All-positive,587
0.7839851024208566,0.10800744878957169,1.0,Mixed,587
0.5889830508474576,0.2055084745762712,0.8359897317272702,Mixed,586
1.0,0.0,0.9844690756350327,All-positive,586
0.7364705882352941,0.13176470588235295,0.873015873015873,Mixed,585
0.7707231040564374,0.1146384479717813,0.9038478317773319,Mixed,585
0.9924528301886792,0.0037735849056603774,0.9689320388349515,Mixed,585
0.9448529411764706,0.027573529411764705,0.8333333333333334,Mixed,584
1.0,0.0,0.9926137612662124,All-positive,584
0.9958419958419958,0.002079002079002079,0.9801001148859346,Mixed,584
0.9398496240601504,0.03007518796992481,0.9497553631915694,Mixed,584
0.9223744292237442,0.03881278538812785,0.7245762711864406,Mixed,583
0.910377358490566,0.04481132075471698,1.0,Mixed,583
0.4174757281553398,0.2912621359223301,0.7264521193092621,Mixed,583
0.12998266897746968,0.43500866551126516,0.6917694455242606,Mixed,582
0.9965277777777778,0.001736111111111111,0.9993866188543927,Mixed,581
0.9892857142857143,0.005357142857142857,0.9904852521408183,Mixed,581
0.9930434782608696,0.0034782608695652175,0.9928472877786653,Mixed,580
0.07665505226480836,0.4616724738675958,0.4125271912987844,Mixed,580
0.1724137931034483,0.5862068965517241,0.413441981246722,Mixed,580
0.8495049504950495,0.07524752475247524,0.9020220428707801,Mixed,579
0.04085257548845471,0.5204262877442274,0.4129681042975397,Mixed,576
0.875751503006012,0.06212424849699399,0.9162418062636563,Mixed,575
0.8777292576419214,0.0611353711790393,0.9807692307692307,Mixed,574
0.40540540540540543,0.2972972972972973,0.6003532583434043,Mixed,574
0.16036036036036036,0.4198198198198198,0.6211240604935642,Mixed,574
0.9578544061302682,0.0210727969348659,0.9286481952344754,Mixed,574
0.9965034965034965,0.0017482517482517483,0.9979812695109261,Mixed,574
0.9584199584199584,0.02079002079002079,0.97677793904209,Mixed,573
0.8064516129032258,0.0967741935483871,0.922824302134647,Mixed,571
0.8651685393258427,0.06741573033707865,0.7807527449944219,Mixed,571
0.0018214936247723133,0.5009107468123861,0.48318011920396,Mixed,570
0.5494505494505495,0.22527472527472528,0.8974222222222222,Mixed,570
0.7803203661327232,0.10983981693363844,0.8581153359914422,Mixed,570
0.9961538461538462,0.0019230769230769232,0.9047731013402305,Mixed,568
0.725,0.1375,0.9273992308369785,Mixed,568
0.9955257270693513,0.0022371364653243847,0.9801278374170286,Mixed,568
1.0,0.0,0.9981329161830751,All-positive,567
1.0,0.0,0.9765798505955986,All-positive,567
1.0,0.0,0.9672916452044916,All-positive,567
0.9927007299270073,0.0036496350364963502,0.9935386761628547,Mixed,566
0.3582887700534759,0.32085561497326204,0.6556288439254836,Mixed,563
0.8535714285714285,0.07321428571428572,0.9747458183010823,Mixed,562
0.8235294117647058,0.08823529411764706,0.9670454545454545,Mixed,562
0.09737827715355805,0.45131086142322097,0.28107718201490745,Mixed,561
0.7541899441340782,0.12290502793296089,0.9363449691991786,Mixed,558
0.9320594479830149,0.03397027600849257,0.8974874593949572,Mixed,557
1.0,0.0,0.9795690677079701,All-positive,557
0.913894324853229,0.043052837573385516,0.9210401329850392,Mixed,556
0.99609375,0.001953125,0.967801929559456,Mixed,556
0.9660377358490566,0.016981132075471698,0.9803571428571428,Mixed,555
0.933806146572104,0.03309692671394799,0.9612983770287141,Mixed,555
0.7299412915851272,0.1350293542074364,0.7338353365955628,Mixed,555
0.6049382716049383,0.19753086419753085,0.9248197734294542,Mixed,551
0.5,0.25,0.9240385450125879,Mixed,550
0.952191235059761,0.02390438247011952,0.9435179153094463,Mixed,549
0.954337899543379,0.0228310502283105,0.9940157152521205,Mixed,549
0.49536178107606677,0.2523191094619666,0.5549404637560058,Mixed,549
0.26022304832713755,0.36988847583643125,0.6281620461122002,Mixed,549
0.6595744680851063,0.1702127659574468,0.7342487883683361,Mixed,549
0.31717171717171716,0.6585858585858586,0.346278068286681,Mixed,549
1.0,0.0,0.978438880706922,All-positive,549
0.9924812030075187,0.0037593984962406013,0.9830836606958254,Mixed,548
0.9441340782122905,0.027932960893854747,0.9883720930232558,Mixed,547
0.3775322283609576,0.31123388581952116,0.6779911373707533,Mixed,545
0.7217741935483871,0.13911290322580644,0.9314945162874447,Mixed,545
1.0,0.0,0.9843826385677479,All-positive,544
0.5551257253384912,0.7775628626692457,0.37142373455222616,Mixed,543
0.7556390977443609,0.12218045112781954,0.9627408447109863,Mixed,542
0.6040816326530613,0.19795918367346937,0.8359064096412746,Mixed,542
0.7644787644787645,0.11776061776061776,0.8904823989569752,Mixed,542
0.9511278195488722,0.02443609022556391,0.9977640545144804,Mixed,541
0.9961977186311787,0.0019011406844106464,0.9876210184021875,Mixed,539
0.9959016393442623,0.0020491803278688526,0.9935274487513294,Mixed,537
0.9921104536489151,0.0039447731755424065,0.9729471674092934,Mixed,536
1.0,0.0,0.961218836565097,All-positive,535
0.7984496124031008,0.10077519379844961,1.0,Mixed,534
1.0,0.0,0.9725928224221739,All-positive,533
0.9290187891440501,0.03549060542797495,0.9680851063829787,Mixed,533
0.9467312348668281,0.026634382566585957,0.9339774557165862,Mixed,532
0.8740554156171285,0.06297229219143577,0.9706763251375635,Mixed,532
0.5881104033970276,0.2059447983014862,0.8433100112291613,Mixed,532
0.6911196911196911,0.15444015444015444,0.9322728763529026,Mixed,532
0.8787878787878788,0.06060606060606061,0.6865671641791045,Mixed,530
0.7875647668393783,0.10621761658031088,0.9855421686746988,Mixed,529
0.5892857142857143,0.20535714285714285,0.7829448283940494,Mixed,529
0.6166666666666667,0.19166666666666668,0.7939803404181286,Mixed,528
0.9847328244274809,0.007633587786259542,0.737380627557981,Mixed,528
1.0,0.0,0.9673656079761538,All-positive,528
0.9685534591194969,0.015723270440251572,0.8767123287671232,Mixed,527
0.956989247311828,0.021505376344086023,0.9769099369735524,Mixed,527
0.7345971563981043,0.13270142180094788,0.8703134603564844,Mixed,527
1.0,0.0,0.9926341634514205,All-positive,526
1.0,0.0,0.9911034805681286,All-positive,526
0.934156378600823,0.03292181069958848,0.9450381679389313,Mixed,525
0.9958246346555324,0.0020876826722338203,0.9873584698252171,Mixed,524
0.8174757281553398,0.0912621359223301,0.813599155003961,Mixed,524
1.0,0.0,0.9926344863869525,All-positive,523
0.6498054474708171,0.17509727626459143,0.7740560292326432,Mixed,523
0.770573566084788,0.11471321695760599,0.9764855225775252,Mixed,523
0.5,0.25,0.8435633512264141,Mixed,523
0.9539473684210527,0.023026315789473683,0.8368543991694783,Mixed,518
0.14859437751004015,0.42570281124497994,0.9855194381693243,Mixed,518
0.9919678714859438,0.004016064257028112,0.9971835476671272,Mixed,517
0.9295774647887324,0.035211267605633804,0.922017948941361,Mixed,517
0.6981891348088531,0.15090543259557343,0.814426731418919,Mixed,514
0.5452538631346578,0.22737306843267108,0.8434052291815101,Mixed,511
0.9177489177489178,0.04112554112554113,0.9823880597014926,Mixed,511
0.9872611464968153,0.006369426751592357,0.9691209817260238,Mixed,509
0.9960552268244576,0.0019723865877712033,0.9912891986062717,Mixed,509
0.9871794871794872,0.00641025641025641,0.8924525525967338,Mixed,509
0.9773242630385488,0.011337868480725623,0.99122106943336,Mixed,508
0.9728506787330317,0.013574660633484163,0.9930261969286359,Mixed,508
0.7617977528089888,0.11910112359550562,0.8428790397443924,Mixed,508
1.0,0.0,0.9885906614564021,All-positive,507
0.36395759717314485,0.31802120141342755,0.9306122448979591,Mixed,506
0.3306613226452906,0.3346693386773547,0.6273468436990449,Mixed,505
0.9659090909090909,0.017045454545454544,0.9694486876822663,Mixed,505
0.9536423841059603,0.023178807947019868,0.880828388034395,Mixed,504
1.0,0.0,0.9799848942598187,All-positive,502
0.9835728952772074,0.008213552361396304,0.9957023905452592,Mixed,502
0.8541666666666666,0.07291666666666667,0.9850102805597931,Mixed,502
0.7391304347826086,0.13043478260869565,0.7700030117458087,Mixed,501
0.7859778597785978,0.1070110701107011,0.892548596112311,Mixed,501
0.1868583162217659,0.5934291581108829,0.4402748202016955,Mixed,500
1.0,0.0,0.9613041330479171,All-positive,499
0.9745762711864406,0.012711864406779662,0.9623985423223456,Mixed,498
0.23943661971830985,0.38028169014084506,0.9855335564758609,Mixed,498
0.7351598173515982,0.1324200913242009,0.8429448779803344,Mixed,493
0.946949602122016,0.026525198938992044,0.9825034331926148,Mixed,493
1.0,0.0,1.0,All-positive,493
0.7777777777777778,0.1111111111111111,0.8300466765567898,Mixed,491
0.569672131147541,0.2151639344262295,0.6875924751638132,Mixed,491
0.6805251641137856,0.15973741794310722,0.835382359575908,Mixed,490
0.5440860215053763,0.22795698924731184,0.8319446457035212,Mixed,490
0.9915611814345991,0.004219409282700422,0.988793282908889,Mixed,489
0.712,0.144,0.6666666666666666,Mixed,489
0.994535519125683,0.00273224043715847,0.7551307281416925,Mixed,488
0.9958333333333333,0.0020833333333333333,0.8981444399946602,Mixed,488
0.9958677685950413,0.002066115702479339,1.0,Mixed,487
0.8553191489361702,0.07234042553191489,0.96045197740113,Mixed,487
0.9747368421052631,0.01263157894736842,0.8614261504367097,Mixed,486
0.47186147186147187,0.26406926406926406,0.9959909360292836,Mixed,486
0.9612903225806452,0.01935483870967742,0.9014044943820225,Mixed,485
0.9516483516483516,0.024175824175824177,1.0,Mixed,485
0.9435897435897436,0.028205128205128206,0.9873041599135602,Mixed,484
0.9049773755656109,0.04751131221719457,1.0,Mixed,484
0.6268343815513627,0.18658280922431866,0.7760467380720545,Mixed,482
0.48497854077253216,0.2575107296137339,0.7207498383968972,Mixed,482
0.9484536082474226,0.02577319587628866,0.9669421487603306,Mixed,481
0.5480769230769231,0.22596153846153846,0.9701449275362319,Mixed,481
0.9652173913043478,0.017391304347826087,0.8492621570763593,Mixed,481
1.0,0.0,0.9928527210310091,All-positive,480
0.9279279279279279,0.036036036036036036,0.7764102564102564,Mixed,479
0.954337899543379,0.0228310502283105,0.9735099337748344,Mixed,479
0.3898305084745763,0.3050847457627119,0.4842628382109332,Mixed,478
0.2425531914893617,0.37872340425531914,0.5885973436993845,Mixed,477
1.0,0.0,0.9975745385707525,All-positive,476
0.9914712153518124,0.0042643923240938165,0.9980063547442527,Mixed,476
0.04018912529550828,0.4799054373522459,0.4824937655860349,Mixed,475
0.8089887640449438,0.09550561797752809,0.9228214316930339,Mixed,475
0.019271948608137045,0.5096359743040685,0.6925053683951139,Mixed,474
0.9542857142857143,0.022857142857142857,0.8521328958162429,Mixed,473
0.8231292517006803,0.08843537414965986,0.9226813110181311,Mixed,473
0.45454545454545453,0.2727272727272727,0.8435692706085456,Mixed,472
0.698876404494382,0.15056179775280898,0.7934650367881351,Mixed,471
0.9948320413436692,0.002583979328165375,0.9938650306748467,Mixed,470
0.22538293216630198,0.387308533916849,0.6205515609356512,Mixed,470
0.09009009009009009,0.45495495495495497,0.5240872595061354,Mixed,470
0.0021413276231263384,0.4989293361884368,0.4649201783087024,Mixed,469
1.0,0.0,1.0,All-positive,468
0.584,0.208,0.8814303934999291,Mixed,466
0.8146341463414634,0.09268292682926829,0.9837974683544304,Mixed,464
0.02608695652173913,0.48695652173913045,0.4128590411939078,Mixed,464
0.9865771812080537,0.006711409395973154,0.9982940291018565,Mixed,464
0.7859154929577464,0.10704225352112676,0.9719103830402313,Mixed,464
0.4713656387665198,0.2643171806167401,0.8606271777003485,Mixed,464
0.990521327014218,0.004739336492890996,0.9945652173913043,Mixed,463
0.9956043956043956,0.002197802197802198,0.9935313628117498,Mixed,463
0.6492146596858639,0.17539267015706805,0.8310398381912089,Mixed,463
1.0,0.0,0.9979650740256235,All-positive,463
0.979746835443038,0.010126582278481013,0.9164681963404008,Mixed,463
0.9342465753424658,0.03287671232876712,0.9698380707484884,Mixed,461
0.991304347826087,0.004347826086956522,0.9923497267759562,Mixed,461
1.0,0.0,0.8971702489562394,All-positive,459
0.4716981132075472,0.2641509433962264,0.8364838255977497,Mixed,459
0.22439024390243903,0.6121951219512195,0.5104360257326662,Mixed,459
0.9085365853658537,0.04573170731707317,0.8839458413926499,Mixed,459
0.8598726114649682,0.07006369426751592,0.9365808823529411,Mixed,457
0.7563218390804598,0.12183908045977011,0.8832834544677213,Mixed,456
0.9865168539325843,0.006741573033707865,0.9496460106594543,Mixed,454
0.6834532374100719,0.15827338129496402,0.9469026548672567,Mixed,453
0.920265780730897,0.03986710963455149,0.9831730769230769,Mixed,452
0.9461883408071748,0.026905829596412557,0.976846004883388,Mixed,452
0.42410714285714285,0.28794642857142855,0.6888763807781608,Mixed,451
0.6363636363636364,0.18181818181818182,0.9419010847582276,Mixed,450
0.2579185520361991,0.6289592760180995,0.413683860913109,Mixed,449
0.2545454545454545,0.37272727272727274,0.9924953095684803,Mixed,449
0.9952830188679245,0.0023584905660377358,0.9234348869337599,Mixed,449
0.8747203579418344,0.06263982102908278,0.9685993865926683,Mixed,449
1.0,0.0,0.9833257541306655,All-positive,448
0.42592592592592593,0.28703703703703703,0.5005727376861397,Mixed,448
0.9908675799086758,0.0045662100456621,0.9374876620385603,Mixed,447
0.1480637813211845,0.42596810933940776,0.5902061855670103,Mixed,447
0.7619047619047619,0.11904761904761904,0.8695784046102517,Mixed,447
0.11911357340720222,0.4404432132963989,0.5508948889845624,Mixed,446
0.9907621247113164,0.004618937644341801,1.0,Mixed,445
0.9187358916478555,0.040632054176072234,0.9348917477251334,Mixed,445
1.0,0.0,0.8388003748828491,All-positive,445
1.0,0.0,0.9690878846686998,All-positive,443
0.943342776203966,0.028328611898016998,0.9804161566707467,Mixed,443
1.0,0.0,0.9989526739543104,All-positive,443
0.4725274725274725,0.26373626373626374,0.7795328873593442,Mixed,442
0.9600997506234414,0.0199501246882793,0.9695963887413701,Mixed,442
0.1299093655589124,0.5649546827794562,1.0,Mixed,442
0.7434679334916865,0.12826603325415678,0.8437332379760415,Mixed,441
0.986046511627907,0.0069767441860465115,0.9692051878949118,Mixed,441
0.8958904109589041,0.052054794520547946,0.8410596026490066,Mixed,440
1.0,0.0,0.9701161029782938,All-positive,440
0.5501222493887531,0.22493887530562348,0.836139896373057,Mixed,440
0.8878504672897196,0.056074766355140186,0.9580657347941065,Mixed,438
0.36585365853658536,0.3170731707317073,0.795230809203499,Mixed,438
0.5943396226415094,0.2028301886792453,0.7975460122699386,Mixed,438
0.989100817438692,0.005449591280653951,0.9845191570699949,Mixed,438
1.0,0.0,0.999382824898607,All-positive,437
0.9952718676122931,0.002364066193853428,0.9008656799776599,Mixed,436
0.6414565826330533,0.1792717086834734,0.9509054325955735,Mixed,436
0.010050251256281407,0.4949748743718593,0.5069990001428367,Mixed,434
0.8688524590163934,0.06557377049180328,0.9529402490934888,Mixed,433
0.9642857142857143,0.017857142857142856,0.9760191846522782,Mixed,433
0.9012345679012346,0.04938271604938271,0.961352657004831,Mixed,432
0.8284313725490197,0.0857843137254902,0.7883211678832117,Mixed,432
0.8300653594771242,0.08496732026143791,0.9182268389902162,Mixed,432
0.9442231075697212,0.027888446215139442,0.9582608695652174,Mixed,432
1.0,0.0,0.9838285829795835,All-positive,431
0.5133689839572193,0.24331550802139038,0.6898510133426693,Mixed,430
0.994750656167979,0.0026246719160104987,0.9800430298983605,Mixed,430
0.3617021276595745,0.3191489361702128,0.9310932554175797,Mixed,429
0.6780185758513931,0.1609907120743034,0.8218468468468468,Mixed,429
0.35626535626535627,0.32186732186732187,0.5019652683484599,Mixed,429
0.6618357487922706,0.16908212560386474,0.8933230412967966,Mixed,428
0.791907514450867,0.10404624277456648,1.0,Mixed,428
0.25,0.375,0.8036643293372541,Mixed,427
0.9953051643192489,0.002347417840375587,0.9818100389292728,Mixed,427
0.062034739454094295,0.46898263027295284,0.5017862611003369,Mixed,427
0.946949602122016,0.026525198938992044,0.9642857142857143,Mixed,427
0.021479713603818614,0.4892601431980907,0.6918643472149008,Mixed,426
0.9748427672955975,0.012578616352201259,0.9109730848861284,Mixed,425
0.773955773955774,0.11302211302211303,0.8588899341486359,Mixed,424
0.9805194805194806,0.00974025974025974,1.0,Mixed,424
0.974293059125964,0.012853470437017995,0.9812883435582822,Mixed,424
0.8341708542713567,0.0829145728643216,0.8570533896978237,Mixed,423
1.0,0.0,0.9614264023964874,All-positive,423
0.7843137254901961,0.10784313725490197,0.8428988693805843,Mixed,423
0.012165450121654502,0.5060827250608273,0.5607375271149675,Mixed,422
0.2971246006389776,0.3514376996805112,0.8777427082937217,Mixed,422
0.7108433734939759,0.14457831325301204,0.8803540158076577,Mixed,421
0.8972809667673716,0.0513595166163142,0.9702868852459017,Mixed,420
1.0,0.0,0.9911778362482588,All-positive,420
0.9044943820224719,0.047752808988764044,0.9247467438494935,Mixed,419
0.3891625615763547,0.3054187192118227,0.6020539152759948,Mixed,418
0.8279569892473119,0.08602150537634409,0.7248468941382327,Mixed,418
0.9951573849878934,0.002421307506053269,0.9845029488890782,Mixed,418
0.9219512195121952,0.03902439024390244,1.0,Mixed,416
0.17060367454068243,0.5853018372703412,1.0,Mixed,416
0.9271844660194175,0.03640776699029126,0.8782415294340337,Mixed,416
0.5176151761517616,0.24119241192411925,0.843396104316314,Mixed,416
0.38461538461538464,0.3076923076923077,0.8436738215942186,Mixed,416
1.0,0.0,0.978476960660433,All-positive,416
0.9949874686716792,0.002506265664160401,0.9887877634356508,Mixed,415
0.9845758354755784,0.007712082262210797,0.9907364520611394,Mixed,414
0.9295774647887324,0.035211267605633804,0.7882919005613472,Mixed,414
0.9949367088607595,0.002531645569620253,0.9886120387019437,Mixed,413
0.9797979797979798,0.010101010101010102,0.9831642887943156,Mixed,412
0.8484107579462102,0.07579462102689487,0.9263751680598585,Mixed,412
0.4084507042253521,0.29577464788732394,0.7099103040910085,Mixed,412
0.931758530183727,0.03412073490813648,0.9321192052980133,Mixed,412
0.14720812182741116,0.5736040609137056,0.9855926839176563,Mixed,412
0.6772151898734177,0.16139240506329114,0.8442109013181333,Mixed,411
0.9901960784313726,0.004901960784313725,0.998008877089642,Mixed,411
0.9380530973451328,0.030973451327433628,0.875,Mixed,410
0.2283464566929134,0.3858267716535433,0.837816544738323,Mixed,410
0.43529411764705883,0.2823529411764706,0.8770841263799011,Mixed,410
0.8118466898954704,0.09407665505226481,0.9620253164556962,Mixed,408
0.9891304347826086,0.005434782608695652,0.995260663507109,Mixed,406
0.6440129449838188,0.1779935275080906,0.2857142857142857,Mixed,406
1.0,0.0,0.5130208333333334,All-positive,406
0.9900990099009901,0.0049504950495049506,0.9982476343063135,Mixed,405
0.569620253164557,0.21518987341772153,0.601665187439246,Mixed,404
1.0,0.0,0.9568340257728329,All-positive,403
0.7684210526315789,0.11578947368421053,0.8107496463932108,Mixed,403
0.9081632653061225,0.04591836734693878,0.9502702702702702,Mixed,402
0.9298245614035088,0.03508771929824561,0.9572083545593479,Mixed,402
0.934010152284264,0.03299492385786802,0.9705240174672489,Mixed,402
0.11055276381909548,0.5552763819095478,0.4654665848096825,Mixed,402
0.8846153846153846,0.057692307692307696,0.9845953446225293,Mixed,401
1.0,0.0,0.9911907889653041,All-positive,401
0.989247311827957,0.005376344086021506,0.9844425693492248,Mixed,400
0.7723577235772358,0.11382113821138211,0.8371893744644388,Mixed,400
0.45896656534954405,0.270516717325228,0.8768692211103079,Mixed,400
0.9940119760479041,0.0029940119760479044,0.9845145300438929,Mixed,400
0.8533724340175953,0.07331378299120235,0.813873409736095,Mixed,400
0.8766066838046273,0.061696658097686374,0.8787993382179153,Mixed,399
0.8590785907859079,0.07046070460704607,0.9332073093887838,Mixed,399
0.17757009345794392,0.411214953271028,0.7945585785674625,Mixed,398
0.09610389610389611,0.45194805194805193,0.6296002118083135,Mixed,398
0.9044585987261147,0.04777070063694268,0.9482870071105365,Mixed,398
0.20707070707070707,0.39646464646464646,0.43864926106398766,Mixed,398
0.7563451776649747,0.1218274111675127,0.8734865765923846,Mixed,397
0.3813813813813814,0.30930930930930933,0.705026455026455,Mixed,397
0.7482014388489209,0.12589928057553956,0.7051503629450397,Mixed,397
0.7616279069767442,0.11918604651162791,0.8798584905660377,Mixed,396
0.9806451612903225,0.00967741935483871,0.9720534629404617,Mixed,396
0.5431472081218274,0.22842639593908629,0.985675375769192,Mixed,396
0.2845528455284553,0.35772357723577236,0.7585860614581241,Mixed,396
0.23741007194244604,0.6187050359712231,0.8971940203053801,Mixed,395
0.9320113314447592,0.0339943342776204,0.967973722028331,Mixed,395
0.036231884057971016,0.48188405797101447,0.7793242561775088,Mixed,394
0.9895833333333334,0.005208333333333333,0.9320297951582868,Mixed,394
0.8623481781376519,0.06882591093117409,0.8626795199685225,Mixed,392
0.9381443298969072,0.030927835051546393,0.9705966724039014,Mixed,392
0.5064935064935064,0.24675324675324675,0.6188962552598917,Mixed,391
0.994579945799458,0.0027100271002710027,0.9693410804796637,Mixed,390
1.0,0.0,0.9996576167590256,All-positive,390
0.9324675324675324,0.033766233766233764,0.9393034825870646,Mixed,390
0.7131147540983607,0.14344262295081966,0.9726073723368278,Mixed,390
0.9893617021276596,0.005319148936170213,0.9845178385539888,Mixed,390
0.7871148459383753,0.10644257703081232,0.8141369517197854,Mixed,390
0.9223300970873787,0.038834951456310676,0.9706754688097972,Mixed,389
0.9649122807017544,0.017543859649122806,0.99558384205741,Mixed,388
0.9947643979057592,0.002617801047120419,0.9465756648623206,Mixed,388
0.08837209302325581,0.5441860465116279,0.9856280295943532,Mixed,388
0.9711815561959655,0.01440922190201729,0.9887416274761294,Mixed,387
1.0,0.0,0.9949828559903187,All-positive,387
0.2413793103448276,0.3793103448275862,0.5012243232213305,Mixed,386
0.9946236559139785,0.002688172043010753,0.9958544449562413,Mixed,386
0.5012987012987012,0.24935064935064935,0.6022981707574669,Mixed,386
1.0,0.0,0.9682430888736577,All-positive,385
0.39893617021276595,0.300531914893617,0.6906827465473643,Mixed,384
0.4252199413489736,0.2873900293255132,0.7949806503783284,Mixed,384
0.9481481481481482,0.025925925925925925,0.9745649263721553,Mixed,383
0.049723756906077346,0.5248618784530387,0.5021505193546741,Mixed,383
0.9893617021276596,0.005319148936170213,0.9959723275208491,Mixed,383
0.8816901408450705,0.059154929577464786,0.9560229445506692,Mixed,382
0.9507692307692308,0.024615384615384615,1.0,Mixed,381
0.983739837398374,0.008130081300813009,0.9871918801353311,Mixed,381
0.9550561797752809,0.02247191011235955,0.9382231810158854,Mixed,380
0.10625,0.446875,0.551042944785276,Mixed,380
1.0,0.0,0.9935241928107564,All-positive,380
0.9312169312169312,0.03439153439153439,0.9764175184148918,Mixed,380
1.0,0.0,1.0,All-positive,380
0.9924812030075187,0.0037593984962406013,0.9769943232745743,Mixed,380
0.9375,0.03125,0.9696191698759092,Mixed,379
0.6627218934911243,0.16863905325443787,0.8428652321630804,Mixed,379
0.040214477211796246,0.47989276139410186,0.49854129263913827,Mixed,379
0.9169139465875371,0.04154302670623145,0.9630397236614853,Mixed,378
0.5081967213114754,0.2459016393442623,0.9857157227643094,Mixed,378
0.8318840579710145,0.08405797101449275,0.9335691823899371,Mixed,378
0.29591836734693877,0.3520408163265306,0.9272520353672415,Mixed,377
1.0,0.0,0.9919934363152833,All-positive,376
0.6,0.2,0.8432233089273968,Mixed,376
0.983957219251337,0.008021390374331552,0.9786402051885801,Mixed,376
0.9912280701754386,0.0043859649122807015,0.9770810596289314,Mixed,375
1.0,0.0,0.909957627118644,All-positive,374
0.993920972644377,0.00303951367781155,0.9909647148337191,Mixed,374
1.0,0.0,0.9876570420983029,All-positive,373
1.0,0.0,0.967621864164797,All-positive,373
0.12637362637362637,0.4368131868131868,0.6293055555555556,Mixed,372
0.6795252225519288,0.16023738872403562,0.9066871048093504,Mixed,372
0.04297994269340974,0.4785100286532951,0.6582781456953642,Mixed,372
0.9285714285714286,0.03571428571428571,0.9921646820939115,Mixed,371
0.9942363112391931,0.002881844380403458,0.982131542263338,Mixed,371
0.6698412698412698,0.16507936507936508,0.8430884318544388,Mixed,371
0.07988980716253444,0.46005509641873277,0.6296930697652886,Mixed,370
1.0,0.0,0.9989573830314088,All-positive,370
0.855595667870036,0.07220216606498195,0.9797160243407708,Mixed,370
0.7612903225806451,0.11935483870967742,0.9320282762370854,Mixed,369
0.2111111111111111,0.6055555555555555,0.4402765253982567,Mixed,369
0.3224932249322493,0.33875338753387535,0.8818777625361988,Mixed,369
0.44481605351170567,0.27759197324414714,0.7947963539863852,Mixed,368
0.9931740614334471,0.0034129692832764505,1.0,Mixed,368
0.84,0.08,0.8428120318579111,Mixed,368
0.8,0.1,0.849933598937583,Mixed,368
0.7018633540372671,0.14906832298136646,0.8392999204455052,Mixed,367
0.988950276243094,0.0055248618784530384,0.996874425445854,Mixed,367
1.0,0.0,0.9844188713568237,All-positive,367
1.0,0.0,0.988771808602522,All-positive,365
0.659217877094972,0.17039106145251395,0.744148244473342,Mixed,365
0.425414364640884,0.287292817679558,0.7356025279901531,Mixed,365
0.47513812154696133,0.26243093922651933,0.7158125273762593,Mixed,365
0.1309192200557103,0.43454038997214484,0.6210411688193835,Mixed,364
0.9830985915492958,0.008450704225352112,0.9287503914813655,Mixed,363
0.9885057471264368,0.005747126436781609,0.9926496324816241,Mixed,363
0.5486725663716814,0.22566371681415928,0.961519805982215,Mixed,363
0.5591054313099042,0.22044728434504793,0.8813527389195045,Mixed,362
0.398876404494382,0.300561797752809,0.6891086331439792,Mixed,362
0.9691358024691358,0.015432098765432098,0.906099518459069,Mixed,361
0.9925373134328358,0.0037313432835820895,0.9841527709661598,Mixed,361
1.0,0.0,0.8973855920994621,All-positive,360
0.9925373134328358,0.0037313432835820895,0.9379217273954116,Mixed,359
0.9574468085106383,0.02127659574468085,0.7663740034312242,Mixed,359
1.0,0.0,0.9087923663176157,All-positive,359
0.5671641791044776,0.21641791044776118,0.9252187748607796,Mixed,359
0.9459459459459459,0.02702702702702703,0.928947780270228,Mixed,358
0.9278688524590164,0.036065573770491806,0.9698941103190533,Mixed,358
0.9404761904761905,0.02976190476190476,0.9698592107872298,Mixed,358
0.022727272727272728,0.5113636363636364,0.5602912829299636,Mixed,358
0.7760617760617761,0.11196911196911197,0.8694348673362314,Mixed,358
0.8461538461538461,0.07692307692307693,0.8761235019973369,Mixed,356
0.9829545454545454,0.008522727272727272,0.9935801294948239,Mixed,356
0.9941690962099126,0.0029154518950437317,0.8817648873804381,Mixed,356
0.7022653721682848,0.1488673139158576,0.8307276657060518,Mixed,356
0.0847457627118644,0.4576271186440678,0.629615918556224,Mixed,355
0.7415384615384616,0.12923076923076923,0.7001527883880825,Mixed,355
0.9885057471264368,0.005747126436781609,0.9790301441677588,Mixed,355
0.9942363112391931,0.002881844380403458,0.9920278178271563,Mixed,355
1.0,0.0,0.9722110350382601,All-positive,355
0.9825072886297376,0.008746355685131196,0.9947329919531821,Mixed,355
0.6580645161290323,0.17096774193548386,0.7602791046174019,Mixed,354
0.9940828402366864,0.0029585798816568047,0.9963921901528013,Mixed,354
0.9826086956521739,0.008695652173913044,0.980719794344473,Mixed,354
0.43125,0.284375,0.47669826224328593,Mixed,353
0.8217054263565892,0.08914728682170543,0.8685551558752997,Mixed,353
1.0,0.0,0.9920553185228778,All-positive,352
1.0,0.0,0.9615337398207636,All-positive,352
0.551622418879056,0.22418879056047197,0.3713151927437642,Mixed,352
1.0,0.0,0.9798888049969112,All-positive,351
0.4117647058823529,0.29411764705882354,0.6562881562881563,Mixed,351
1.0,0.0,0.9983959670027498,All-positive,351
0.36023054755043227,0.6801152737752162,0.4138586575143218,Mixed,351
1.0,0.0,0.831096196868009,All-positive,351
0.25882352941176473,0.37058823529411766,0.6899488329711922,Mixed,351
1.0,0.0,0.8750467950584419,All-positive,350
0.026392961876832845,0.4868035190615836,0.5286610987186803,Mixed,350
0.9942363112391931,0.002881844380403458,0.9579823797076193,Mixed,350
0.994269340974212,0.0028653295128939827,0.9749640287769784,Mixed,349
0.9053627760252366,0.0473186119873817,0.8590476190476191,Mixed,348
1.0,0.0,0.9699646643109541,All-positive,348
0.9941860465116279,0.0029069767441860465,0.9862055715658021,Mixed,348
0.989247311827957,0.005376344086021506,0.9391891891891891,Mixed,348
0.9772727272727273,0.011363636363636364,0.9939126675313446,Mixed,347
1.0,0.0,0.852233676975945,All-positive,346
0.7942122186495176,0.10289389067524116,0.8802395209580839,Mixed,345
0.2166172106824926,0.3916913946587537,0.6302672649239173,Mixed,345
0.9594594594594594,0.02027027027027027,0.9705180803358459,Mixed,345
0.7423312883435583,0.12883435582822086,0.907959479015919,Mixed,345
0.9612403100775194,0.01937984496124031,0.976,Mixed,344
0.975103734439834,0.012448132780082987,0.8988824414356329,Mixed,344
1.0,0.0,1.0,All-positive,344
0.6855895196506551,0.1572052401746725,0.8441595340412686,Mixed,342
0.59375,0.203125,0.7941524518717349,Mixed,342
1.0,0.0,1.0,All-positive,342
0.7954545454545454,0.10227272727272728,0.9295440935246179,Mixed,341
1.0,0.0,0.9823020866337754,All-positive,341
1.0,0.0,0.9822423398328691,All-positive,341
0.6739811912225705,0.16300940438871472,0.9355091793503845,Mixed,341
0.6428571428571429,0.17857142857142858,0.9316529326223946,Mixed,341
0.34801762114537443,0.32599118942731276,0.8993120425522562,Mixed,340
0.7132352941176471,0.14338235294117646,0.9185393258426966,Mixed,340
0.7011494252873564,0.14942528735632185,0.9193758127438232,Mixed,339
0.16012084592145015,0.4199395770392749,0.6573142756308452,Mixed,339
0.8306188925081434,0.08469055374592833,0.8428217288208666,Mixed,339
0.905511811023622,0.047244094488188976,0.9678836321739757,Mixed,339
0.47987616099071206,0.26006191950464397,0.6014196014196014,Mixed,338
0.49696969696969695,0.2515151515151515,0.6191670696324951,Mixed,338
0.4857142857142857,0.2571428571428571,0.9722639243356853,Mixed,338
0.744807121661721,0.12759643916913946,0.6348478532721967,Mixed,337
1.0,0.0,0.992695969740446,All-positive,337
1.0,0.0,0.9287148856256032,All-positive,337
0.6426116838487973,0.17869415807560138,0.8806756693172728,Mixed,337
0.7437722419928826,0.12811387900355872,0.8429735146434498,Mixed,337
0.9939759036144579,0.0030120481927710845,0.9913123702621666,Mixed,337
0.9937304075235109,0.003134796238244514,0.897500275300077,Mixed,336
0.9119496855345912,0.0440251572327044,1.0,Mixed,336
1.0,0.0,0.9903596021423107,All-positive,336
1.0,0.0,0.9845059497909533,All-positive,336
0.9597989949748744,0.020100502512562814,0.9393074581430746,Mixed,335
0.6851851851851852,0.1574074074074074,0.8569237062794027,Mixed,335
1.0,0.0,0.6281455231159373,All-positive,335
0.9939393939393939,0.0030303030303030303,0.9984254673499184,Mixed,335
0.9934640522875817,0.0032679738562091504,0.9938736306526141,Mixed,334
0.08794788273615635,0.4560260586319218,0.501766364346615,Mixed,334
0.3981191222570533,0.6990595611285266,0.5288236213091705,Mixed,334
0.9125,0.04375,0.9068576259386344,Mixed,334
0.024242424242424242,0.48787878787878786,0.5518723143032536,Mixed,333
0.986159169550173,0.006920415224913495,0.9767946088485203,Mixed,333
1.0,0.0,0.9989598231699389,All-positive,333
0.993920972644377,0.00303951367781155,0.982355336379677,Mixed,332
0.15853658536585366,0.42073170731707316,0.6237762237762238,Mixed,331
0.8831615120274914,0.058419243986254296,0.9938430620261259,Mixed,330
0.15606936416184972,0.42196531791907516,0.9623896809232858,Mixed,330
0.1941747572815534,0.4029126213592233,0.8826038054175649,Mixed,330
1.0,0.0,0.9802109206400912,All-positive,330
1.0,0.0,0.9785764457972371,All-positive,330
0.580952380952381,0.20952380952380953,0.9574672209785737,Mixed,330
0.9622641509433962,0.018867924528301886,0.9111111111111111,Mixed,329
0.9571865443425076,0.021406727828746176,0.9936561911552314,Mixed,329
1.0,0.0,0.9201905204460966,All-positive,329
1.0,0.0,0.9841981635703608,All-positive,329
1.0,0.0,0.9802326527291955,All-positive,329
0.8944099378881988,0.052795031055900624,0.9061513642421267,Mixed,329
0.9750778816199377,0.012461059190031152,0.6910211267605634,Mixed,328
0.9829059829059829,0.008547008547008548,0.9869562902624713,Mixed,328
0.8253275109170306,0.08733624454148471,0.9401592791192055,Mixed,327
1.0,0.0,0.7199434229137199,All-positive,327
0.5830388692579506,0.20848056537102475,0.7095421181405103,Mixed,327
0.7058823529411765,0.14705882352941177,0.9233649743098493,Mixed,327
0.5344262295081967,0.23278688524590163,0.5470425988354275,Mixed,326
1.0,0.0,0.9920047462990168,All-positive,326
1.0,0.0,0.9787933094384708,All-positive,325
0.9868852459016394,0.006557377049180328,0.9831555306007861,Mixed,325
1.0,0.0,0.9983976193201328,All-positive,325
1.0,0.0,0.9844262619075853,All-positive,325
0.48484848484848486,0.25757575757575757,0.8433470152871594,Mixed,325
0.7647058823529411,0.11764705882352941,0.9712989493791786,Mixed,325
0.717948717948718,0.14102564102564102,0.814514222677488,Mixed,325
1.0,0.0,0.9926988265971317,All-positive,324
1.0,0.0,0.9844264671005823,All-positive,324
1.0,0.0,0.9861793611793612,All-positive,324
1.0,0.0,0.9983972524327418,All-positive,323
0.900355871886121,0.0498220640569395,0.8524717789022966,Mixed,323
0.15254237288135594,0.423728813559322,0.8697007481296758,Mixed,322
0.9936908517350158,0.0031545741324921135,0.9950168621331856,Mixed,322
0.1987179487179487,0.40064102564102566,0.5048977853492334,Mixed,322
0.9920948616600791,0.003952569169960474,0.995846005489207,Mixed,322
0.9361702127659575,0.031914893617021274,0.9753272327116878,Mixed,322
0.9551282051282052,0.022435897435897436,0.9466321243523316,Mixed,321
1.0,0.0,0.9926988265971317,All-positive,321
0.9671052631578947,0.01644736842105263,0.9817928471899675,Mixed,321
0.6634615384615384,0.16826923076923078,0.5220345345345345,Mixed,320
0.9927272727272727,0.0036363636363636364,0.9799491862940328,Mixed,319
0.9561128526645768,0.0219435736677116,0.9922036100675122,Mixed,319
0.9936305732484076,0.0031847133757961785,0.9974582425562818,Mixed,319
0.9872611464968153,0.006369426751592357,0.9789473684210527,Mixed,319
0.898989898989899,0.050505050505050504,0.9707823259372609,Mixed,319
0.9790209790209791,0.01048951048951049,0.9802075326671791,Mixed,319
0.9893048128342246,0.0053475935828877,0.8945239233569932,Mixed,319
0.8343949044585988,0.08280254777070063,0.9531994687084928,Mixed,317
0.9862542955326461,0.006872852233676976,0.9742400824317362,Mixed,316
0.5319148936170213,0.23404255319148937,0.7362162162162162,Mixed,316
0.6384615384615384,0.18076923076923077,0.843127538323979,Mixed,316
0.34306569343065696,0.3284671532846715,0.7117368873602752,Mixed,316
0.34798534798534797,0.326007326007326,0.7951230760362022,Mixed,315
0.9726962457337884,0.013651877133105802,0.43609022556390975,Mixed,315
0.7105263157894737,0.14473684210526316,0.8041031652989449,Mixed,314
1.0,0.0,0.9801075664923009,All-positive,314
0.9931506849315068,0.003424657534246575,0.984520680068839,Mixed,314
1.0,0.0,0.9845087339341952,All-positive,314
0.9935275080906149,0.003236245954692557,0.9971589414426264,Mixed,313
0.8162544169611308,0.09187279151943463,0.8752362948960303,Mixed,313
0.46236559139784944,0.26881720430107525,0.8433971209378501,Mixed,313
1.0,0.0,0.9677058434623405,All-positive,313
0.8640776699029126,0.06796116504854369,0.9408565601631543,Mixed,312
0.6059479553903345,0.1970260223048327,0.7837837837837838,Mixed,312
0.6677966101694915,0.16610169491525423,0.7602601899948523,Mixed,312
0.9628252788104089,0.01858736059479554,0.9513513513513514,Mixed,312
0.9934640522875817,0.0032679738562091504,0.9867989504755658,Mixed,311
0.20270270270270271,0.39864864864864863,0.716414686825054,Mixed,311
0.1736111111111111,0.4131944444444444,0.9342972816657027,Mixed,311
0.7902621722846442,0.10486891385767791,0.9584810126582278,Mixed,310
1.0,0.0,0.9920768835742059,All-positive,310
0.7588652482269503,0.12056737588652482,0.8429502720758579,Mixed,310
0.8972602739726028,0.05136986301369863,0.939443535188216,Mixed,310
1.0,0.0,0.9203385899814471,All-positive,310
1.0,0.0,0.9785735250953919,All-positive,310
0.5250836120401338,0.23745819397993312,0.789983844911147,Mixed,309
1.0,0.0,0.9801031687546058,All-positive,308
0.9475409836065574,0.02622950819672131,0.9674761491760624,Mixed,307
0.9701492537313433,0.014925373134328358,0.9822709604019847,Mixed,306
1.0,0.0,0.98451019887089,All-positive,306
0.9932885906040269,0.003355704697986577,0.8975476599304363,Mixed,305
0.7016949152542373,0.14915254237288136,0.6750721847930703,Mixed,305
0.9926739926739927,0.003663003663003663,0.9807910116431839,Mixed,304
1.0,0.0,0.9927061173099466,All-positive,303
0.9240506329113924,0.0379746835443038,0.9059233449477352,Mixed,303
0.8299319727891157,0.08503401360544217,0.842832972314722,Mixed,303
0.7706422018348624,0.11467889908256881,0.8916331456154465,Mixed,302
0.9057591623036649,0.04712041884816754,0.9292099792099792,Mixed,302
0.39285714285714285,0.30357142857142855,1.0,Mixed,302
1.0,0.0,0.9695364735932688,All-positive,302
0.9932659932659933,0.003367003367003367,0.8753217636801461,Mixed,301
0.02666666666666667,0.4866666666666667,0.6580906647869951,Mixed,301
0.5361216730038023,0.23193916349809887,0.736228813559322,Mixed,301
0.9923954372623575,0.0038022813688212928,0.9802765351769012,Mixed,301
1.0,0.0,0.9302875147695944,All-positive,301
0.8315018315018315,0.08424908424908426,0.8106451163438763,Mixed,300
0.28888888888888886,0.35555555555555557,0.9573039742212675,Mixed,300
0.9771863117870723,0.011406844106463879,0.9801532033426184,Mixed,300
0.32432432432432434,0.33783783783783783,0.6895164112254182,Mixed,300
0.43119266055045874,0.28440366972477066,0.783524346966083,Mixed,300
1.0,0.0,1.0,All-positive,299
0.07936507936507936,0.4603174603174603,0.8820401732965735,Mixed,299
0.8666666666666667,0.06666666666666667,0.7895864851235502,Mixed,299
1.0,0.0,0.9949942144186749,All-positive,298
0.9519230769230769,0.02403846153846154,0.9324103601151124,Mixed,298
0.9793103448275862,0.010344827586206896,0.975968861059401,Mixed,298
0.6771929824561403,0.8385964912280702,0.4703719590661192,Mixed,297
0.9644128113879004,0.017793594306049824,0.9911050615681681,Mixed,297
0.7935943060498221,0.10320284697508897,0.8112707490584461,Mixed,296
0.9928825622775801,0.0035587188612099642,0.9380617428683079,Mixed,296
1.0,0.0,0.9983988105449763,All-positive,296
0.9862068965517241,0.006896551724137931,0.9844593704728039,Mixed,296
1.0,0.0,0.9904124182011871,All-positive,296
1.0,0.0,0.9909459288337343,All-positive,296
0.3176470588235294,0.3411764705882353,0.7611319184352893,Mixed,295
0.2830188679245283,0.3584905660377358,0.9555722891566265,Mixed,295
0.9923076923076923,0.0038461538461538464,0.9841566560431478,Mixed,295
0.6512455516014235,0.17437722419928825,0.8147963468402267,Mixed,295
0.18996415770609318,0.5949820788530465,0.44014324010723005,Mixed,295
0.717391304347826,0.14130434782608695,0.7936640627252025,Mixed,294
0.4539249146757679,0.27303754266211605,0.668824163969795,Mixed,294
0.8275862068965517,0.08620689655172414,0.8794109344123459,Mixed,294
0.9857651245551602,0.0071174377224199285,0.9694415173867229,Mixed,294
0.7854671280276817,0.10726643598615918,0.9295774647887324,Mixed,294
0.806060606060606,0.09696969696969697,0.9355077835433655,Mixed,293
1.0,0.0,0.9694421657095981,All-positive,293
0.5467625899280576,0.22661870503597123,0.7943440283663409,Mixed,293
0.9930313588850174,0.003484320557491289,0.9990276787450574,Mixed,293
1.0,0.0,0.9785896845016131,All-positive,293
1.0,0.0,0.9412874322093846,All-positive,293
1.0,0.0,0.987695012085256,All-positive,292
0.15492957746478872,0.4225352112676056,0.5670722196225237,Mixed,292
0.34767025089605735,0.32616487455197135,0.7624035538929156,Mixed,292
1.0,0.0,0.9930313588850174,All-positive,292
0.993127147766323,0.003436426116838488,0.9466708432036649,Mixed,292
1.0,0.0,0.9912630288166769,All-positive,292
1.0,0.0,0.967741935483871,All-positive,292
0.9745222929936306,0.012738853503184714,0.8903210311424226,Mixed,291
0.5340501792114696,0.23297491039426524,0.8449140783434732,Mixed,291
1.0,0.0,0.9935327109633337,All-positive,291
0.43884892086330934,0.7194244604316546,0.5282520956224775,Mixed,291
1.0,0.0,0.9933554817275747,All-positive,291
0.9783783783783784,0.010810810810810811,0.9575782823022981,Mixed,290
1.0,0.0,0.9983993139917108,All-positive,290
0.9925373134328358,0.0037313432835820895,0.9736930860033727,Mixed,290
0.7303370786516854,0.1348314606741573,0.7031630170316302,Mixed,290
0.9781021897810219,0.010948905109489052,0.9169935394554684,Mixed,290
0.8721804511278195,0.06390977443609022,0.9285829048843187,Mixed,290
0.5384615384615384,0.23076923076923078,0.7943360386807115,Mixed,289
0.8731707317073171,0.06341463414634146,0.9074691563854618,Mixed,289
0.9918032786885246,0.004098360655737705,0.9808162157270836,Mixed,288
1.0,0.0,0.9845126886275103,All-positive,288
0.2014388489208633,0.6007194244604317,0.44017444535579253,Mixed,288
0.9407407407407408,0.02962962962962963,0.9821279748124826,Mixed,288
0.9758064516129032,0.012096774193548387,0.9894379479441721,Mixed,287
0.055944055944055944,0.527972027972028,0.41323083199469646,Mixed,287
0.6226415094339622,0.18867924528301888,0.9273899033297529,Mixed,287
0.17374517374517376,0.41312741312741313,0.6303295989608703,Mixed,286
0.7363636363636363,0.1318181818181818,0.8799943725379854,Mixed,286
0.8809523809523809,0.05952380952380952,0.9708241810715309,Mixed,286
0.75,0.125,0.8306107062075898,Mixed,286
0.8601398601398601,0.06993006993006994,0.8962101636520241,Mixed,286
0.12903225806451613,0.43548387096774194,0.9928206854001907,Mixed,285
0.855072463768116,0.07246376811594203,0.970371897985839,Mixed,285
0.9928057553956835,0.0035971223021582736,0.9686274509803922,Mixed,285
0.25448028673835127,0.3727598566308244,0.6869525725037307,Mixed,284
0.8716981132075472,0.06415094339622641,0.8140346274921301,Mixed,284
0.13692946058091288,0.4315352697095436,0.5862068965517241,Mixed,283
0.7938931297709924,0.10305343511450382,0.7934015271574701,Mixed,283
0.21333333333333335,0.3933333333333333,0.9290653739217224,Mixed,283
0.9411764705882353,0.029411764705882353,0.9708602685231228,Mixed,282
1.0,0.0,0.8975639812512378,All-positive,282
0.5067264573991032,0.24663677130044842,0.8359571964815956,Mixed,282
0.9389312977099237,0.030534351145038167,0.9845440901550857,Mixed,282
0.9873417721518988,0.006329113924050633,0.7686586985391767,Mixed,281
0.275,0.3625,0.7977904251757616,Mixed,281
0.5220588235294118,0.23897058823529413,0.5220123419626731,Mixed,281
0.16483516483516483,0.5824175824175825,0.29849379198046,Mixed,281
0.9197080291970803,0.040145985401459854,0.9435483870967742,Mixed,281
0.7142857142857143,0.14285714285714285,0.7396963123644251,Mixed,281
0.6204379562043796,0.1897810218978102,0.909378899875204,Mixed,281
0.9699248120300752,0.015037593984962405,0.9817643247246135,Mixed,281
0.9928571428571429,0.0035714285714285713,0.8854693339195427,Mixed,280
1.0,0.0,0.9845134207565543,All-positive,280
0.728,0.136,0.7825074244453503,Mixed,280
1.0,0.0,0.9801922089355146,All-positive,279
1.0,0.0,0.9983994969847666,All-positive,279
0.9847908745247148,0.0076045627376425855,0.9821923119530298,Mixed,279
1.0,0.0,0.9981592039800995,All-positive,279
0.940959409594096,0.02952029520295203,0.9462927534879381,Mixed,279
0.1590909090909091,0.42045454545454547,0.6808080808080809,Mixed,278
0.8181818181818182,0.09090909090909091,0.9710670804487944,Mixed,278
0.84375,0.078125,0.8321513002364066,Mixed,278
0.6383763837638377,0.18081180811808117,0.8310669832362041,Mixed,278
0.42962962962962964,0.2851851851851852,0.8970045742954109,Mixed,278
0.3898305084745763,0.6949152542372882,0.8161025759500982,Mixed,277
0.27205882352941174,0.3639705882352941,0.5268789413832317,Mixed,277
0.1169811320754717,0.44150943396226416,0.9961685823754789,Mixed,277
1.0,0.0,1.0,All-positive,277
0.15555555555555556,0.4222222222222222,0.6902880715983778,Mixed,277
0.9779411764705882,0.011029411764705883,0.9515614048750097,Mixed,276
0.3875968992248062,0.3062015503875969,0.9908739409791323,Mixed,276
0.9899497487437185,0.005025125628140704,0.9768264172998247,Mixed,276
0.421875,0.2890625,0.6592741935483871,Mixed,274
0.29277566539923955,0.35361216730038025,0.6202382747700196,Mixed,274
0.8274111675126904,0.08629441624365482,0.7935001438021283,Mixed,274
0.7302325581395349,0.13488372093023257,0.880022504571241,Mixed,274
0.8666666666666667,0.06666666666666667,0.8791952618219423,Mixed,274
0.9927007299270073,0.0036496350364963502,0.9862425752059781,Mixed,274
1.0,0.0,0.9677697695665415,All-positive,274
0.7945945945945946,0.10270270270270271,0.8647230320699708,Mixed,273
0.4798206278026906,0.2600896860986547,0.7794753921038399,Mixed,273
0.7222222222222222,0.1388888888888889,0.8430117951203748,Mixed,273
1.0,0.0,0.9242326216663073,All-positive,273
0.2958801498127341,0.6479400749063671,0.44041761670466817,Mixed,273
0.24812030075187969,0.37593984962406013,0.6282606691861001,Mixed,271
1.0,0.0,0.9935349550734166,All-positive,271
0.5408560311284046,0.22957198443579765,0.8359129654553612,Mixed,270
0.3484848484848485,0.32575757575757575,0.6909788124104272,Mixed,269
0.4362934362934363,0.28185328185328185,0.798020242464687,Mixed,269
0.984375,0.0078125,0.9670341908898541,Mixed,269
0.8473895582329317,0.07630522088353414,0.926779935275081,Mixed,269
0.8699186991869918,0.06504065040650407,0.9529058116232465,Mixed,268
1.0,0.0,0.9582212831348444,All-positive,268
1.0,0.0,0.990453098954387,All-positive,268
0.3359683794466403,0.33201581027667987,0.4387946892745741,Mixed,268
1.0,0.0,0.9993901907831693,All-positive,267
1.0,0.0,0.6285983341722005,All-positive,267
0.9354838709677419,0.03225806451612903,0.9698011969457248,Mixed,267
0.984251968503937,0.007874015748031496,0.9844667351183424,Mixed,267
0.4326923076923077,0.28365384615384615,0.7597087378640777,Mixed,267
0.9731543624161074,0.013422818791946308,0.9704689661752779,Mixed,267
0.9420289855072463,0.028985507246376812,0.970579820713332,Mixed,267
0.9923371647509579,0.0038314176245210726,0.9920471530500015,Mixed,266
0.7987421383647799,0.10062893081761007,0.9139941690962099,Mixed,266
1.0,0.0,0.9904617713853141,All-positive,266
0.8620689655172413,0.06896551724137931,1.0,Mixed,266
0.946360153256705,0.02681992337164751,0.9888888888888889,Mixed,266
0.6902654867256637,0.15486725663716813,0.8736219246340704,Mixed,265
0.9923664122137404,0.003816793893129771,0.9913487567326208,Mixed,265
0.556420233463035,0.22178988326848248,0.6013568521031207,Mixed,264
0.92,0.04,0.9843812085460159,Mixed,264
0.6363636363636364,0.18181818181818182,0.8804780876494024,Mixed,264
0.8578199052132701,0.07109004739336493,0.8682839708289924,Mixed,264
0.99,0.005,0.9938848485895421,Mixed,263
0.9914163090128756,0.004291845493562232,0.9877536099433376,Mixed,263
0.9844357976653697,0.007782101167315175,0.9793043978154642,Mixed,263
0.5905511811023622,0.2047244094488189,0.6688912809472551,Mixed,263
0.27692307692307694,0.36153846153846153,0.6564052948678482,Mixed,263
0.8157894736842105,0.09210526315789473,0.9502438218034548,Mixed,263
0.7525773195876289,0.12371134020618557,0.78257078076856,Mixed,263
1.0,0.0,0.9786156678942083,All-positive,263
0.9922779922779923,0.003861003861003861,0.9824110404546069,Mixed,262
1.0,0.0,0.9695855990999438,All-positive,262
0.9672131147540983,0.01639344262295082,0.9577630305544035,Mixed,261
1.0,0.0,0.9791788856304985,All-positive,261
0.831858407079646,0.084070796460177,0.9433444422662223,Mixed,261
0.46153846153846156,0.2692307692307692,0.5009758167161646,Mixed,261
0.5391705069124424,0.2304147465437788,0.8432324755033919,Mixed,261
0.7175141242937854,0.14124293785310735,0.8689923453381855,Mixed,261
1.0,0.0,0.982447083118224,All-positive,261
0.5238095238095238,0.23809523809523808,0.7831997211571976,Mixed,261
1.0,0.0,0.9818810795999452,All-positive,260
0.6476683937823834,0.17616580310880828,0.8355071652485445,Mixed,260
0.7899159663865546,0.10504201680672269,0.8383810572687225,Mixed,260
1.0,0.0,0.8064296649089981,All-positive,260
1.0,0.0,0.9845164949428112,All-positive,260
0.6929133858267716,0.15354330708661418,0.8046620046620047,Mixed,259
0.9888268156424581,0.00558659217877095,0.9694682675814751,Mixed,259
1.0,0.0,0.9812080536912752,All-positive,259
0.13548387096774195,0.432258064516129,0.8821356772172612,Mixed,258
0.9754098360655737,0.012295081967213115,0.976491862567812,Mixed,258
0.9760956175298805,0.01195219123505976,0.8756423006795956,Mixed,257
1.0,0.0,1.0,All-positive,257
1.0,0.0,0.9773768346265308,All-positive,257
1.0,0.0,0.9922060318536089,All-positive,256
0.1541501976284585,0.42292490118577075,0.41291687374953806,Mixed,255
0.8152173913043478,0.09239130434782608,0.9076315139540627,Mixed,255
0.9887005649717514,0.005649717514124294,0.9771964461994077,Mixed,255
1.0,0.0,0.953030303030303,All-positive,255
0.954337899543379,0.0228310502283105,0.9914334665905197,Mixed,254
0.9921259842519685,0.003937007874015748,0.9285931790499391,Mixed,254
0.6811594202898551,0.15942028985507245,0.8308807695068552,Mixed,254
0.035856573705179286,0.5179282868525896,0.46519506064910937,Mixed,254
0.7549019607843137,0.12254901960784313,0.8352045244561414,Mixed,253
1.0,0.0,0.9845172267120375,All-positive,253
0.9310344827586207,0.034482758620689655,0.9321752458807,Mixed,253
1.0,0.0,0.9959027974003956,All-positive,253
1.0,0.0,0.9347826086956522,All-positive,252
0.24663677130044842,0.37668161434977576,0.6301723298607731,Mixed,252
0.06172839506172839,0.4691358024691358,0.8856044294063365,Mixed,252
0.031746031746031744,0.5158730158730159,0.46518337194562226,Mixed,252
0.983739837398374,0.008130081300813009,0.9844683707584173,Mixed,251
0.0990990990990991,0.45045045045045046,0.9839357429718876,Mixed,251
0.9338842975206612,0.03305785123966942,0.949,Mixed,250
0.08085106382978724,0.4595744680851064,0.5018320610687023,Mixed,250
0.5726495726495726,0.21367521367521367,0.8803845615345125,Mixed,250
0.4204081632653061,0.2897959183673469,0.690625483821025,Mixed,249
0.03278688524590164,0.48360655737704916,0.5700567437800087,Mixed,249
0.01639344262295082,0.5081967213114754,0.6297421731123388,Mixed,249
0.3168724279835391,0.34156378600823045,0.7994892861108027,Mixed,249
0.18699186991869918,0.5934959349593496,0.41346619434746046,Mixed,249
1.0,0.0,0.9922218464660129,All-positive,249
0.9757085020242915,0.012145748987854251,0.969499922588636,Mixed,248
1.0,0.0,0.9902458056964495,All-positive,248
0.7974683544303798,0.10126582278481013,0.6552476015117744,Mixed,248
0.5346534653465347,0.23267326732673269,0.8961038961038961,Mixed,248
0.32673267326732675,0.33663366336633666,0.8321670793411562,Mixed,248
0.06504065040650407,0.46747967479674796,0.4649256993006993,Mixed,248
1.0,0.0,0.9243468274476027,All-positive,248
0.8353909465020576,0.0823045267489712,0.9166666666666666,Mixed,247
1.0,0.0,0.9888173966899494,All-positive,247
0.5639810426540285,0.21800947867298578,0.7942513522844976,Mixed,247
0.5525114155251142,0.2237442922374429,0.8358075177861184,Mixed,247
0.22535211267605634,0.3873239436619718,0.8816465750864405,Mixed,247
0.9622641509433962,0.018867924528301886,0.9943190094683175,Mixed,246
0.9897959183673469,0.00510204081632653,0.9803132318501171,Mixed,246
0.9836734693877551,0.00816326530612245,0.945530362262184,Mixed,246
0.9833333333333333,0.008333333333333333,0.9907938424388771,Mixed,246
0.9917695473251029,0.00411522633744856,0.947994904906224,Mixed,246
1.0,0.0,0.9959029903461267,All-positive,246
0.47058823529411764,0.2647058823529412,0.690399721394575,Mixed,245
0.9783783783783784,0.010810810810810811,0.9822543024648553,Mixed,245
1.0,0.0,0.9996582538035086,All-positive,245
0.7647058823529411,0.11764705882352941,0.831858407079646,Mixed,245
0.8739495798319328,0.06302521008403361,1.0,Mixed,245
0.5652173913043478,0.21739130434782608,0.8154079801187353,Mixed,244
0.9583333333333334,0.020833333333333332,0.7781870595771941,Mixed,244
1.0,0.0,0.9984013702540679,All-positive,244
1.0,0.0,0.9928713360351157,All-positive,244
1.0,0.0,0.9976662777129521,All-positive,244
0.9550561797752809,0.02247191011235955,0.970553256267542,Mixed,244
1.0,0.0,0.9959047260402937,All-positive,244
0.6739130434782609,0.16304347826086957,0.8802434456928839,Mixed,243
1.0,0.0,0.9875749785775493,All-positive,243
0.4189189189189189,0.2905405405405405,0.5731958762886598,Mixed,243
0.8933333333333333,0.05333333333333334,0.944519101555001,Mixed,242
0.8509316770186336,0.07453416149068323,0.8795304681288875,Mixed,242
0.9910313901345291,0.004484304932735426,0.9390363815142576,Mixed,242
0.2916666666666667,0.3541666666666667,0.29677069567279996,Mixed,241
0.5377777777777778,0.2311111111111111,0.815146750524109,Mixed,241
1.0,0.0,0.9796685629483057,All-positive,240
1.0,0.0,0.9835808642436003,All-positive,240
1.0,0.0,0.9965457685664939,All-positive,240
0.559322033898305,0.22033898305084745,0.9733333333333334,Mixed,240
1.0,0.0,0.9381858320888254,All-positive,240
0.11403508771929824,0.44298245614035087,0.7761194029850746,Mixed,240
0.48623853211009177,0.25688073394495414,0.8432953945880757,Mixed,240
0.0,0.5,0.6057094878253568,Mixed,240
1.0,0.0,0.9090159881325202,All-positive,240
1.0,0.0,0.9678367016157625,All-positive,240
0.6022727272727273,0.19886363636363635,0.7941421632031272,Mixed,239
0.09956709956709957,0.45021645021645024,0.4394411799976016,Mixed,239
1.0,0.0,0.9989451476793249,All-positive,238
0.9829787234042553,0.00851063829787234,0.8786428269745178,Mixed,238
0.20535714285714285,0.39732142857142855,0.7131569907248368,Mixed,237
0.9875,0.00625,0.9017526120660599,Mixed,237
0.7170731707317073,0.14146341463414633,0.7760814249363868,Mixed,237
1.0,0.0,0.9869036482694107,All-positive,237
1.0,0.0,0.9740917212626563,All-positive,236
0.5087719298245614,0.24561403508771928,0.501009210102278,Mixed,236
0.8987341772151899,0.05063291139240506,0.939913891351146,Mixed,236
1.0,0.0,0.9845211770709305,All-positive,236
0.16201117318435754,0.41899441340782123,0.7286135693215339,Mixed,235
0.9043478260869565,0.04782608695652174,0.9819683309341617,Mixed,235
0.9656652360515021,0.017167381974248927,0.9788078916569135,Mixed,235
0.9583333333333334,0.020833333333333332,0.8722810931399888,Mixed,234
0.46788990825688076,0.26605504587155965,0.7945552389996834,Mixed,234
1.0,0.0,0.9971821063754843,All-positive,234
0.7956989247311828,0.10215053763440861,0.8305060431087042,Mixed,234
0.8051948051948052,0.09740259740259741,0.9259074377807887,Mixed,234
0.9900497512437811,0.004975124378109453,0.9803261398669479,Mixed,234
1.0,0.0,0.9845202993876162,All-positive,234
0.9369369369369369,0.03153153153153153,0.8759571209800919,Mixed,233
1.0,0.0,0.928679817905918,All-positive,233
1.0,0.0,0.9984016440232903,All-positive,233
0.21030042918454936,0.6051502145922747,0.41349963690104596,Mixed,233
1.0,0.0,0.9996582884045865,All-positive,233
0.9593908629441624,0.02030456852791878,1.0,Mixed,233
0.4375,0.28125,0.8077991205739412,Mixed,232
0.388646288209607,0.3056768558951965,0.8366584766584767,Mixed,232
1.0,0.0,0.9818972007391691,All-positive,232
0.7339449541284404,0.13302752293577982,0.8457943925233645,Mixed,232
0.9043478260869565,0.04782608695652174,0.984590077641795,Mixed,232
0.9423076923076923,0.028846153846153848,0.9747913188647747,Mixed,232
0.9894736842105263,0.005263157894736842,0.9771671444103983,Mixed,232
0.6076555023923444,0.19617224880382775,0.8059130434782609,Mixed,231
0.23684210526315788,0.3815789473684211,0.5015350170463219,Mixed,231
0.8009950248756219,0.09950248756218906,0.6556544451968657,Mixed,231
1.0,0.0,0.9976962457337883,All-positive,231
0.9423076923076923,0.028846153846153848,0.9441958578368703,Mixed,230
1.0,0.0,0.9763989562191939,All-positive,230
1.0,0.0,0.984445526443921,All-positive,230
0.37962962962962965,0.3101851851851852,0.7356403179770246,Mixed,230
0.07142857142857142,0.4642857142857143,0.6291628334866606,Mixed,229
1.0,0.0,0.9908256880733946,All-positive,229
0.3333333333333333,0.3333333333333333,0.7881464824927722,Mixed,229
0.7410714285714286,0.12946428571428573,0.8739746457867263,Mixed,229
0.6285714285714286,0.18571428571428572,0.8945441868572425,Mixed,229
0.7864077669902912,0.10679611650485436,0.9438596491228071,Mixed,229
0.9797979797979798,0.010101010101010102,1.0,Mixed,229
0.2,0.6,0.41348297430540515,Mixed,228
0.7828571428571428,0.10857142857142857,0.839512855209743,Mixed,228
0.9473684210526315,0.02631578947368421,0.9398453705449745,Mixed,227
0.6162790697674418,0.19186046511627908,0.7608877721943048,Mixed,227
1.0,0.0,0.9989696032972695,All-positive,227
0.7880184331797235,0.10599078341013825,0.7345961502170221,Mixed,227
0.1324200913242009,0.4337899543378995,1.0,Mixed,227
0.9910313901345291,0.004484304932735426,0.7031142660865582,Mixed,226
0.9776536312849162,0.0111731843575419,0.9768691588785047,Mixed,226
0.2398190045248869,0.38009049773755654,0.4645407884678388,Mixed,226
0.9730941704035875,0.013452914798206279,0.9697389610875997,Mixed,226
0.6701030927835051,0.16494845360824742,0.9647887323943662,Mixed,225
0.9819004524886877,0.00904977375565611,0.9831819710729902,Mixed,225
0.38164251207729466,0.30917874396135264,0.754,Mixed,225
0.013333333333333334,0.49333333333333335,0.4644972220526284,Mixed,225
0.9459459459459459,0.02702702702702703,0.9107266435986159,Mixed,225
1.0,0.0,0.9845226396553027,All-positive,225
0.4594594594594595,0.2702702702702703,0.4125499987261471,Mixed,224
1.0,0.0,0.9467232345350747,All-positive,224
0.9516908212560387,0.024154589371980676,0.9911258487288804,Mixed,224
0.29411764705882354,0.35294117647058826,0.6895613024814156,Mixed,224
0.6915887850467289,0.1542056074766355,0.8669724770642202,Mixed,223
0.7395348837209302,0.13023255813953488,0.9290879871434311,Mixed,223
1.0,0.0,0.9845216158752658,All-positive,223
1.0,0.0,0.9218274993485625,All-positive,223
1.0,0.0,0.9803055476759736,All-positive,222
0.7560975609756098,0.12195121951219512,0.8145364064955474,Mixed,222
1.0,0.0,0.9993926774249523,All-positive,221
0.7647058823529411,0.11764705882352941,0.9775417123722648,Mixed,221
0.31797235023041476,0.6589861751152074,0.4136446431528399,Mixed,221
0.8032786885245902,0.09836065573770492,0.8429454060105055,Mixed,221
0.6767676767676768,0.16161616161616163,0.8430707618770791,Mixed,221
0.7935483870967742,0.1032258064516129,0.8429712047518616,Mixed,221
1.0,0.0,0.993867044433695,All-positive,220
0.8073394495412844,0.0963302752293578,0.5652173913043478,Mixed,220
0.9907834101382489,0.004608294930875576,0.9851638785860268,Mixed,220
0.7452830188679245,0.12735849056603774,0.8575565610859729,Mixed,220
0.9904306220095693,0.004784688995215311,0.9171886673179702,Mixed,220
0.8705035971223022,0.06474820143884892,0.9798657718120806,Mixed,219
0.5414634146341464,0.22926829268292684,0.7943156320119671,Mixed,219
0.46788990825688076,0.26605504587155965,0.9060965283657917,Mixed,219
0.5632183908045977,0.21839080459770116,0.8806738418343473,Mixed,219
0.6415094339622641,0.1792452830188679,0.9270000871814246,Mixed,219
1.0,0.0,0.9845230783767185,All-positive,219
0.990521327014218,0.004739336492890996,0.9611536197763391,Mixed,219
1.0,0.0,0.9913122999542753,All-positive,219
0.9753086419753086,0.012345679012345678,0.922083550008667,Mixed,219
0.8504672897196262,0.07476635514018691,0.9769205039580778,Mixed,218
0.5944700460829493,0.20276497695852536,0.547826617082241,Mixed,218
0.40625,0.296875,0.5493060628195763,Mixed,218
0.900990099009901,0.04950495049504951,0.981335436382755,Mixed,218
1.0,0.0,0.9886534479335092,All-positive,218
0.9238095238095239,0.0380952380952381,0.995249406175772,Mixed,218
0.9907834101382489,0.004608294930875576,0.9455985458322513,Mixed,218
0.9906542056074766,0.004672897196261682,0.9871884463079431,Mixed,218
1.0,0.0,0.9869555089680876,All-positive,218
1.0,0.0,0.9920290671473637,All-positive,217
0.9066666666666666,0.04666666666666667,0.9986044259633733,Mixed,217
0.4869109947643979,0.25654450261780104,0.9377382465057179,Mixed,217
1.0,0.0,1.0,All-positive,217
0.205607476635514,0.397196261682243,0.5275716347144919,Mixed,216
0.72,0.14,0.7348204390577472,Mixed,216
0.971830985915493,0.014084507042253521,0.9505584628602671,Mixed,215
0.22065727699530516,0.6103286384976526,0.41350893505368674,Mixed,215
0.40625,0.296875,0.8433500188384735,Mixed,215
0.9903381642512077,0.004830917874396135,0.9787735849056604,Mixed,215
0.8976744186046511,0.05116279069767442,0.9841409691629956,Mixed,215
0.9896907216494846,0.005154639175257732,0.9786880466472303,Mixed,215
0.25853658536585367,0.37073170731707317,0.7995577667219458,Mixed,214
0.5072463768115942,0.2463768115942029,0.7921768707482993,Mixed,214
1.0,0.0,0.9694566428524611,All-positive,214
0.3630573248407643,0.3184713375796178,0.7328680203045685,Mixed,214
0.8518518518518519,0.07407407407407407,0.9660710487130397,Mixed,214
0.21348314606741572,0.39325842696629215,0.7068544331082052,Mixed,213
0.5104166666666666,0.24479166666666666,0.5486973459946433,Mixed,213
0.9798994974874372,0.010050251256281407,0.947136563876652,Mixed,213
0.6116504854368932,0.1941747572815534,0.619294231000843,Mixed,213
0.9903846153846154,0.004807692307692308,0.9984309474224745,Mixed,213
0.9714285714285714,0.014285714285714285,0.984488883041705,Mixed,213
0.6449704142011834,0.17751479289940827,0.8430982156309864,Mixed,213
0.961038961038961,0.01948051948051948,0.9705096392441306,Mixed,213
0.9806763285024155,0.00966183574879227,0.9467779449993159,Mixed,213
1.0,0.0,0.8996798292422625,All-positive,213
0.014084507042253521,0.5070422535211268,0.7842920996110756,Mixed,213
0.8282828282828283,0.08585858585858586,0.9132730015082956,Mixed,212
1.0,0.0,0.9950048947011723,All-positive,212
1.0,0.0,0.75,All-positive,212
0.9777777777777777,0.011111111111111112,0.9768684833085078,Mixed,212
1.0,0.0,0.9768107476635514,All-positive,212
0.7894736842105263,0.10526315789473684,0.9709944751381215,Mixed,212
0.9833333333333333,0.008333333333333333,0.9773240404437028,Mixed,212
0.6086956521739131,0.1956521739130435,0.7351090159104302,Mixed,212
0.6372549019607843,0.18137254901960784,0.7826722826722827,Mixed,212
0.6761904761904762,0.1619047619047619,0.7293881954076129,Mixed,212
0.8831168831168831,0.05844155844155844,0.8685064935064936,Mixed,212
0.891156462585034,0.05442176870748299,0.8436205248061192,Mixed,211
1.0,0.0,0.9156086631814787,All-positive,210
0.36312849162011174,0.31843575418994413,0.817769220189795,Mixed,210
0.5934065934065934,0.2032967032967033,0.794164151214604,Mixed,210
0.989010989010989,0.005494505494505495,0.9694619818830634,Mixed,210
0.8633540372670807,0.06832298136645963,0.9467434328895286,Mixed,210
0.7821782178217822,0.10891089108910891,0.948492327502951,Mixed,210
0.956989247311828,0.021505376344086023,0.993938137920315,Mixed,209
0.6410256410256411,0.1794871794871795,0.6898323418063819,Mixed,209
1.0,0.0,0.9788732394366197,All-positive,209
0.4807692307692308,0.25961538461538464,0.655434162608047,Mixed,209
0.9893048128342246,0.0053475935828877,0.9801998868564963,Mixed,209
0.9801980198019802,0.009900990099009901,0.977366255144033,Mixed,209
0.2283464566929134,0.3858267716535433,0.9470411901854113,Mixed,209
0.8543689320388349,0.07281553398058252,0.9447782180749074,Mixed,208
0.4492753623188406,0.2753623188405797,0.69053876478318,Mixed,208
1.0,0.0,0.8977305182679,All-positive,208
0.14146341463414633,0.5707317073170731,0.5194274028629857,Mixed,208
0.9814814814814815,0.009259259259259259,0.994245337995338,Mixed,208
0.9702970297029703,0.01485148514851485,0.988932425929745,Mixed,208
0.9903381642512077,0.004830917874396135,0.9808482767966032,Mixed,208
0.6125,0.19375,0.9848672100972916,Mixed,208
0.21804511278195488,0.6090225563909775,0.915057915057915,Mixed,208
0.5096153846153846,0.24519230769230768,0.7157922033019276,Mixed,208
1.0,0.0,0.9844502328518431,All-positive,207
1.0,0.0,0.9172168321947299,All-positive,207
0.85,0.075,0.9464637421665174,Mixed,206
0.7037037037037037,0.14814814814814814,0.810037958667229,Mixed,206
0.9215686274509803,0.0392156862745098,0.917614615649776,Mixed,206
0.9066666666666666,0.04666666666666667,0.8980120243998772,Mixed,205
1.0,0.0,0.9515879163439195,All-positive,205
1.0,0.0,0.9707913953029406,All-positive,205
0.5978835978835979,0.20105820105820105,0.835637523788201,Mixed,205
0.968421052631579,0.015789473684210527,0.9696890343698854,Mixed,205
0.3333333333333333,0.3333333333333333,0.6540284360189573,Mixed,205
0.9900497512437811,0.004975124378109453,0.9895869489760499,Mixed,205
0.9574468085106383,0.02127659574468085,0.9441394279877426,Mixed,204
1.0,0.0,0.9877323012888386,All-positive,204
1.0,0.0,0.9984031480795004,All-positive,204
0.18811881188118812,0.40594059405940597,0.4129798018389751,Mixed,204
0.5797101449275363,0.21014492753623187,0.864293659621802,Mixed,204
1.0,0.0,0.9643292152427353,All-positive,204
0.0,0.5,0.4397059704771987,Mixed,204
0.34,0.33,0.6636435331230284,Mixed,203
1.0,0.0,0.9800446369961927,All-positive,203
0.9901477832512315,0.0049261083743842365,0.96,Mixed,203
1.0,0.0,0.9821675421620127,All-positive,203
0.696969696969697,0.15151515151515152,0.6561880350147506,Mixed,203
0.4090909090909091,0.29545454545454547,0.843323180247764,Mixed,203
1.0,0.0,0.9704398324447829,All-positive,203
0.02857142857142857,0.5142857142857142,0.9285490441867753,Mixed,203
0.8282828282828283,0.08585858585858586,0.90625,Mixed,203
0.54,0.23,0.5484165651644336,Mixed,202
0.02,0.51,0.47118337850045167,Mixed,202
1.0,0.0,0.96177307848719,All-positive,202
0.47474747474747475,0.7373737373737373,0.8582621082621082,Mixed,202
0.8625954198473282,0.06870229007633588,0.8642046547412964,Mixed,201
0.9881656804733728,0.005917159763313609,0.9935650874090818,Mixed,201
0.5584415584415584,0.22077922077922077,0.8951134380453752,Mixed,201
0.9794871794871794,0.010256410256410256,0.9696136214800262,Mixed,201
1.0,0.0,0.9989686734562331,All-positive,201
0.8888888888888888,0.05555555555555555,0.9686756542426646,Mixed,201
0.8192771084337349,0.09036144578313253,0.9411764705882353,Mixed,201
0.2147239263803681,0.6073619631901841,0.8405429157308857,Mixed,200
0.8742857142857143,0.06285714285714286,0.993746695593517,Mixed,200
0.8777777777777778,0.06111111111111111,0.8649819494584837,Mixed,200
1.0,0.0,0.9017236943658349,All-positive,200
0.8691588785046729,0.06542056074766354,0.9224287699791522,Mixed,200
1.0,0.0,0.9172073261755755,All-positive,200
1.0,0.0,0.9617761873780091,All-positive,199
0.7321428571428571,0.13392857142857142,0.9711401085817697,Mixed,199
1.0,0.0,0.9888343010272443,All-positive,198
1.0,0.0,0.9909707971586424,All-positive,198
0.9878048780487805,0.006097560975609756,0.9803556239620884,Mixed,198
1.0,0.0,0.9991509233708342,All-positive,197
1.0,0.0,0.9802833357674894,All-positive,196
0.9354838709677419,0.03225806451612903,0.9808499475341028,Mixed,196
0.041237113402061855,0.520618556701031,0.46489945155393053,Mixed,196
0.3829787234042553,0.30851063829787234,0.6276634827332843,Mixed,195
0.08021390374331551,0.5401069518716578,0.500275620145327,Mixed,195
0.46153846153846156,0.2692307692307692,0.7944615207836604,Mixed,195
0.6230366492146597,0.18848167539267016,0.6758969111722197,Mixed,195
0.37254901960784315,0.3137254901960784,0.757,Mixed,195
0.5231788079470199,0.23841059602649006,0.8756944706905023,Mixed,195
0.8676470588235294,0.0661764705882353,0.9842767295597484,Mixed,195
1.0,0.0,0.9802934092402015,All-positive,194
0.8518518518518519,0.07407407407407407,0.8674269422665716,Mixed,194
0.8526315789473684,0.07368421052631578,0.9989887817980724,Mixed,194
0.672514619883041,0.16374269005847952,0.8309197791956413,Mixed,194
0.06735751295336788,0.46632124352331605,0.6255591054313099,Mixed,194
0.518324607329843,0.24083769633507854,0.619646672886508,Mixed,193
0.2857142857142857,0.35714285714285715,0.620321338307859,Mixed,193
1.0,0.0,0.9803178305875492,All-positive,193
0.17757009345794392,0.411214953271028,0.9544287548138639,Mixed,193
1.0,0.0,0.9959151093999437,All-positive,193
0.8888888888888888,0.05555555555555555,0.9679106081226273,Mixed,193
0.1891891891891892,0.5945945945945946,0.7961476725521669,Mixed,192
0.36363636363636365,0.3181818181818182,0.9285714285714286,Mixed,192
0.3089005235602094,0.34554973821989526,0.5271529314871056,Mixed,192
0.8835978835978836,0.0582010582010582,0.9458541815582558,Mixed,192
0.625,0.1875,0.7313288069835111,Mixed,192
1.0,0.0,0.9055065712859757,All-positive,192
0.8624338624338624,0.06878306878306878,1.0,Mixed,192
0.9790575916230366,0.010471204188481676,0.7717428669645926,Mixed,191
0.7307692307692307,0.1346153846153846,0.8787878787878788,Mixed,191
0.43169398907103823,0.28415300546448086,0.6855374298794249,Mixed,191
0.053763440860215055,0.5268817204301075,0.6884431832838901,Mixed,191
1.0,0.0,0.9966859983429992,All-positive,191
0.24468085106382978,0.3776595744680851,0.6937984496124031,Mixed,191
0.06382978723404255,0.5319148936170213,0.41331363960476725,Mixed,191
0.9649122807017544,0.017543859649122806,0.9913544668587896,Mixed,190
0.9722222222222222,0.013888888888888888,0.9441685765215176,Mixed,190
0.5885714285714285,0.2057142857142857,0.6568599033816425,Mixed,190
0.9775280898876404,0.011235955056179775,0.9844822598037927,Mixed,190
1.0,0.0,0.9841803078426582,All-positive,190
1.0,0.0,0.9972202918693537,All-positive,190
0.6637168141592921,0.168141592920354,0.973634819912414,Mixed,190
0.11377245508982035,0.4431137724550898,0.9486770800127511,Mixed,189
1.0,0.0,0.9993943588856203,All-positive,189
1.0,0.0,1.0,All-positive,189
1.0,0.0,0.9950079020645711,All-positive,189
0.9733333333333334,0.013333333333333334,0.9420335761799177,Mixed,189
0.5767195767195767,0.21164021164021163,0.7836547291092746,Mixed,189
1.0,0.0,1.0,All-positive,189
1.0,0.0,0.984527756524696,All-positive,189
0.9890710382513661,0.00546448087431694,0.9648225135913016,Mixed,189
0.9651162790697675,0.01744186046511628,0.9960578186596584,Mixed,189
1.0,0.0,0.9562764456981664,All-positive,189
1.0,0.0,0.941439322671684,All-positive,189
1.0,0.0,0.9574364671573392,All-positive,188
0.43010752688172044,0.2849462365591398,0.6603921568627451,Mixed,188
0.23497267759562843,0.6174863387978142,0.7970588235294118,Mixed,188
0.3114754098360656,0.3442622950819672,0.6202497367233338,Mixed,188
0.2903225806451613,0.6451612903225806,0.28420657880638595,Mixed,188
0.905511811023622,0.047244094488188976,0.9706905590239718,Mixed,188
0.29347826086956524,0.6467391304347826,0.8493975903614458,Mixed,188
1.0,0.0,0.9977042768472069,All-positive,188
0.35064935064935066,0.3246753246753247,0.9599009505551561,Mixed,188
0.44680851063829785,0.2765957446808511,0.6890120616328522,Mixed,188
0.9893617021276596,0.005319148936170213,0.9046543154089471,Mixed,188
0.8011049723756906,0.09944751381215469,0.983192505510654,Mixed,188
0.5591397849462365,0.7795698924731183,0.4139015508416308,Mixed,187
0.9661016949152542,0.01694915254237288,0.8824287819253438,Mixed,187
1.0,0.0,0.9091152318425981,All-positive,187
1.0,0.0,0.9888373690537524,All-positive,186
0.28662420382165604,0.35668789808917195,0.8088048864815028,Mixed,186
0.03783783783783784,0.4810810810810811,0.5284824782586323,Mixed,186
0.989010989010989,0.005494505494505495,0.9935635621034206,Mixed,186
1.0,0.0,0.9822024822024822,All-positive,186
0.8602150537634409,0.06989247311827956,0.7914331963640892,Mixed,186
0.9300699300699301,0.03496503496503497,0.969817260967764,Mixed,186
0.8421052631578947,0.07894736842105263,0.9702780441035475,Mixed,186
0.9866666666666667,0.006666666666666667,0.9803667570740396,Mixed,186
0.8651685393258427,0.06741573033707865,0.9916512059369202,Mixed,185
1.0,0.0,0.9800299890948746,All-positive,185
1.0,0.0,0.984454527520221,All-positive,185
1.0,0.0,0.9163493574488338,All-positive,185
0.9887640449438202,0.0056179775280898875,0.9907296650717703,Mixed,185
0.9857142857142858,0.007142857142857143,0.9803747015740704,Mixed,185
0.9294117647058824,0.03529411764705882,0.8142090802041083,Mixed,185
1.0,0.0,0.99418773612322,All-positive,184
0.7218543046357616,0.1390728476821192,0.6193525114978807,Mixed,184
1.0,0.0,0.9914790018259282,All-positive,184
0.7108433734939759,0.14457831325301204,0.7141310232809962,Mixed,184
0.86,0.07,0.9951124847265148,Mixed,184
1.0,0.0,0.9644097222222222,All-positive,184
1.0,0.0,0.9927420400051843,All-positive,183
0.7674418604651163,0.11627906976744186,0.9229563854792374,Mixed,183
0.8867924528301887,0.05660377358490566,0.8794014496142156,Mixed,183
0.4899328859060403,0.2550335570469799,0.8432180593513956,Mixed,183
0.4266666666666667,0.2866666666666667,0.8716858429214608,Mixed,183
0.5974842767295597,0.20125786163522014,0.8311357936223576,Mixed,183
0.15428571428571428,0.4228571428571429,0.9071702944942381,Mixed,183
0.9408284023668639,0.029585798816568046,0.9326147642679901,Mixed,183
0.5502958579881657,0.22485207100591717,0.6902593393022538,Mixed,182
0.12222222222222222,0.5611111111111111,0.41338612752088,Mixed,182
0.6946564885496184,0.15267175572519084,0.9708678109826985,Mixed,182
0.0,0.5,0.5070254320640719,Mixed,182
0.686046511627907,0.1569767441860465,0.8585163176075561,Mixed,182
0.9888888888888889,0.005555555555555556,0.9914127213314081,Mixed,182
1.0,0.0,0.9689489556573215,All-positive,181
0.7368421052631579,0.13157894736842105,0.8973552537526804,Mixed,181
0.441340782122905,0.27932960893854747,0.6601486116542824,Mixed,180
0.559322033898305,0.22033898305084745,0.5261046242477239,Mixed,180
1.0,0.0,0.9935486222481411,All-positive,180
0.38461538461538464,0.3076923076923077,0.9569049951028403,Mixed,180
0.4911242603550296,0.25443786982248523,0.9476182105818246,Mixed,180
0.4716981132075472,0.2641509433962264,0.9921418710842094,Mixed,180
0.5384615384615384,0.23076923076923078,0.8563599653879435,Mixed,180
0.7441860465116279,0.12790697674418605,0.8388851819534979,Mixed,179
0.9886363636363636,0.005681818181818182,0.9743833017077799,Mixed,179
0.5421686746987951,0.2289156626506024,0.7942875204735496,Mixed,179
0.3939393939393939,0.30303030303030304,0.7946382391816562,Mixed,179
0.976878612716763,0.011560693641618497,0.9831970426795116,Mixed,179
1.0,0.0,0.9924117452985813,All-positive,179
0.910828025477707,0.044585987261146494,0.9318290926548247,Mixed,179
1.0,0.0,0.980093896713615,All-positive,179
1.0,0.0,0.9927442342575797,All-positive,178
0.9760479041916168,0.011976047904191617,0.9984612754316977,Mixed,178
0.5116279069767442,0.2441860465116279,0.6762854312466047,Mixed,178
0.7981651376146789,0.10091743119266056,0.9709537641064712,Mixed,178
1.0,0.0,0.9888415848382888,All-positive,177
1.0,0.0,0.9290111431465753,All-positive,177
0.9649122807017544,0.017543859649122806,0.9832163393323874,Mixed,177
0.9591836734693877,0.02040816326530612,0.7777777777777778,Mixed,177
0.9631901840490797,0.018404907975460124,0.842817786578279,Mixed,177
0.6557377049180327,0.1721311475409836,0.8693918245264207,Mixed,177
0.7195121951219512,0.1402439024390244,0.8584470474580365,Mixed,177
1.0,0.0,0.9803175117446946,All-positive,177
0.9882352941176471,0.0058823529411764705,0.9845385167554498,Mixed,177
0.8992805755395683,0.050359712230215826,0.8491067117334621,Mixed,177
0.6457142857142857,0.17714285714285713,0.7428571428571429,Mixed,177
0.8959537572254336,0.05202312138728324,0.9768125408229915,Mixed,177
0.9884393063583815,0.005780346820809248,0.897828807270971,Mixed,176
0.9883720930232558,0.005813953488372093,0.9765345046815397,Mixed,176
1.0,0.0,0.9695424836601307,All-positive,176
0.7922077922077922,0.1038961038961039,0.8429728944508409,Mixed,176
0.5348837209302325,0.23255813953488372,0.8150891058016905,Mixed,176
1.0,0.0,0.9797297297297297,All-positive,175
1.0,0.0,1.0,All-positive,175
1.0,0.0,0.9957965531736024,All-positive,175
1.0,0.0,0.9972366148531951,All-positive,175
0.4074074074074074,0.2962962962962963,0.843303739574926,Mixed,175
1.0,0.0,0.9909779179810726,All-positive,175
1.0,0.0,0.9310344827586207,All-positive,175
0.9885057471264368,0.005747126436781609,0.970978848991638,Mixed,174
1.0,0.0,0.62911620214991,All-positive,174
0.3987730061349693,0.3006134969325153,0.7946213078956442,Mixed,174
0.9883720930232558,0.005813953488372093,0.9935647354796369,Mixed,174
0.8831168831168831,0.05844155844155844,0.9424460431654677,Mixed,174
0.9881656804733728,0.005917159763313609,0.9984326912116722,Mixed,174
0.5072463768115942,0.2463768115942029,0.9213433495360142,Mixed,174
1.0,0.0,0.9732339089481946,All-positive,173
1.0,0.0,0.9950100300902708,All-positive,173
0.5409836065573771,0.22950819672131148,0.9233431389513757,Mixed,173
0.9726027397260274,0.0136986301369863,0.9441614669553037,Mixed,172
0.9881656804733728,0.005917159763313609,0.9927892918825562,Mixed,172
0.30177514792899407,0.34911242603550297,0.4986231412406749,Mixed,172
1.0,0.0,0.9981691325646989,All-positive,172
0.535483870967742,0.23225806451612904,0.8431864158739724,Mixed,172
0.8579881656804734,0.07100591715976332,1.0,Mixed,172
0.8045112781954887,0.09774436090225563,0.925875818855027,Mixed,172
0.011904761904761904,0.5059523809523809,0.5965156794425087,Mixed,172
0.10059171597633136,0.44970414201183434,0.4565523720056365,Mixed,172
0.45454545454545453,0.2727272727272727,0.4520419339696448,Mixed,172
1.0,0.0,0.9845290717443047,All-positive,172
0.9053254437869822,0.047337278106508875,0.8762699264888081,Mixed,171
0.05389221556886228,0.47305389221556887,0.6304270289549625,Mixed,171
0.6883116883116883,0.15584415584415584,0.7939562806997386,Mixed,171
0.7258064516129032,0.13709677419354838,0.7826362484157161,Mixed,171
1.0,0.0,0.9772214040255277,All-positive,171
0.2777777777777778,0.3611111111111111,0.7836990595611285,Mixed,171
0.9518072289156626,0.024096385542168676,0.9352015355086373,Mixed,170
0.2903225806451613,0.6451612903225806,0.6308393036599994,Mixed,170
0.5066666666666667,0.24666666666666667,0.794353333141856,Mixed,170
0.22388059701492538,0.6119402985074627,0.8181449979748886,Mixed,170
1.0,0.0,0.9876687573083873,All-positive,170
0.5308641975308642,0.2345679012345679,0.7352934247414422,Mixed,170
0.9583333333333334,0.020833333333333332,0.9804524667125339,Mixed,170
0.7666666666666667,0.11666666666666667,0.9428031198298275,Mixed,170
0.15151515151515152,0.42424242424242425,0.6206658045890596,Mixed,169
0.28484848484848485,0.3575757575757576,0.6203350073677563,Mixed,169
1.0,0.0,0.9708976501818897,All-positive,169
0.9607843137254902,0.0196078431372549,0.9643195453110199,Mixed,169
1.0,0.0,0.9844594328087406,All-positive,169
0.6785714285714286,0.16071428571428573,0.8801927395209581,Mixed,169
0.673469387755102,0.16326530612244897,0.9292508917954816,Mixed,169
0.7738095238095238,0.1130952380952381,0.7270463741051977,Mixed,169
0.37423312883435583,0.3128834355828221,0.6626506024096386,Mixed,168
0.25153374233128833,0.37423312883435583,0.56070826306914,Mixed,168
1.0,0.0,1.0,All-positive,168
0.6323529411764706,0.18382352941176472,0.8144654088050315,Mixed,168
0.9873417721518988,0.006329113924050633,0.9620971088670632,Mixed,168
0.7222222222222222,0.1388888888888889,0.8353411409564804,Mixed,168
1.0,0.0,0.9935490924994533,All-positive,168
0.27631578947368424,0.3618421052631579,0.6766378765536128,Mixed,168
0.9215686274509803,0.0392156862745098,0.906477144241641,Mixed,168
0.8412698412698413,0.07936507936507936,0.9708825772016775,Mixed,168
0.9814814814814815,0.009259259259259259,0.9704790019998095,Mixed,168
1.0,0.0,1.0,All-positive,168
0.16923076923076924,0.4153846153846154,0.9244417517742773,Mixed,168
0.5460992907801419,0.22695035460992907,0.815029808597427,Mixed,168
0.8933333333333333,0.05333333333333334,0.9768704663212435,Mixed,168
0.9111111111111111,0.044444444444444446,0.9418276024493641,Mixed,168
0.6923076923076923,0.15384615384615385,0.9436997319034852,Mixed,167
0.44,0.28,0.835928545469794,Mixed,167
0.9858156028368794,0.0070921985815602835,0.9842142224664896,Mixed,167
0.36470588235294116,0.3176470588235294,0.8397146376514063,Mixed,166
0.8345864661654135,0.08270676691729323,0.8645372330190495,Mixed,166
0.12345679012345678,0.5617283950617284,0.8792569659442725,Mixed,166
1.0,0.0,0.980879971207486,All-positive,166
0.6441717791411042,0.17791411042944785,0.675963197239793,Mixed,166
0.9324324324324325,0.033783783783783786,0.9699027224652347,Mixed,166
0.48299319727891155,0.2585034013605442,0.8432214331826985,Mixed,166
0.5925925925925926,0.2037037037037037,0.8431151120145409,Mixed,166
0.92,0.04,0.9261430246189918,Mixed,166
1.0,0.0,0.987672688629118,All-positive,166
0.9873417721518988,0.006329113924050633,0.984540268963433,Mixed,166
0.15723270440251572,0.5786163522012578,0.4400071847682912,Mixed,166
1.0,0.0,0.9691440837134424,All-positive,165
0.019867549668874173,0.4900662251655629,0.836818563041655,Mixed,165
0.891156462585034,0.05442176870748299,0.8428986442866365,Mixed,165
0.125,0.4375,0.5281118306095179,Mixed,164
0.7142857142857143,0.14285714285714285,0.8430406437592788,Mixed,164
0.9242424242424242,0.03787878787878788,0.9769883629363899,Mixed,164
0.759493670886076,0.12025316455696203,0.8750189021624074,Mixed,164
1.0,0.0,0.9845303867403314,All-positive,164
0.9875,0.00625,0.9845399769563493,Mixed,164
0.9874213836477987,0.006289308176100629,0.9959664180854556,Mixed,164
0.5061728395061729,0.7530864197530864,0.440572420813125,Mixed,164
0.7300613496932515,0.13496932515337423,0.9037016420818258,Mixed,163
0.15527950310559005,0.577639751552795,0.2881415721088835,Mixed,163
1.0,0.0,0.982442748091603,All-positive,163
1.0,0.0,0.984459024152938,All-positive,163
0.37888198757763975,0.6894409937888198,0.8478031634446397,Mixed,163
1.0,0.0,0.9913447623288434,All-positive,163
1.0,0.0,0.9919558252096258,All-positive,162
0.8848920863309353,0.05755395683453238,0.9415584415584416,Mixed,162
1.0,0.0,0.9950115311340619,All-positive,162
0.5584415584415584,0.22077922077922077,0.9311371303830125,Mixed,162
1.0,0.0,0.8782657600081804,All-positive,162
0.4567901234567901,0.2716049382716049,0.6890150459738089,Mixed,162
1.0,0.0,0.9218926873443514,All-positive,162
0.2676056338028169,0.36619718309859156,0.7837116154873164,Mixed,162
0.49382716049382713,0.25308641975308643,0.81516364492583,Mixed,162
1.0,0.0,0.9993957703927493,All-positive,161
0.9620253164556962,0.0189873417721519,0.9543025612677354,Mixed,161
0.9874213836477987,0.006289308176100629,0.9984331377129508,Mixed,161
0.6981132075471698,0.1509433962264151,0.8801028758475568,Mixed,161
1.0,0.0,0.9704229377024195,All-positive,161
0.6875,0.15625,0.7147284152535078,Mixed,161
1.0,0.0,0.9800558164862841,All-positive,160
1.0,0.0,0.9800833719314498,All-positive,160
1.0,0.0,1.0,All-positive,160
1.0,0.0,0.9618336107840351,All-positive,160
0.9319727891156463,0.034013605442176874,0.9769782913165266,Mixed,160
0.14465408805031446,0.5723270440251572,0.4597467562920119,Mixed,160
0.9367088607594937,0.03164556962025317,0.9845257815992217,Mixed,159
0.8601398601398601,0.06993006993006994,0.8795383393299379,Mixed,159
0.9636363636363636,0.01818181818181818,0.9765395894428153,Mixed,159
0.08974358974358974,0.4551282051282051,0.8087600246761258,Mixed,159
1.0,0.0,0.9786812674743709,All-positive,159
0.9871794871794872,0.00641025641025641,0.9928169287516987,Mixed,158
0.9230769230769231,0.038461538461538464,0.9354046797084772,Mixed,158
0.3924050632911392,0.6962025316455697,0.41366494412341215,Mixed,158
1.0,0.0,0.961836709837197,All-positive,158
1.0,0.0,0.9822298077405752,All-positive,158
1.0,0.0,0.9704735640928109,All-positive,158
0.7922077922077922,0.1038961038961039,0.9077188655980272,Mixed,158
0.477124183006536,0.26143790849673204,0.6199007966330978,Mixed,157
0.45454545454545453,0.2727272727272727,0.7887676216462028,Mixed,157
1.0,0.0,0.9695782739261,All-positive,157
0.9865771812080537,0.006711409395973154,0.9813278008298755,Mixed,157
0.525,0.2375,0.7307338041142155,Mixed,157
0.9096774193548387,0.04516129032258064,0.8763001485884101,Mixed,156
0.9470198675496688,0.026490066225165563,0.5,Mixed,156
1.0,0.0,0.6292304201244814,All-positive,156
1.0,0.0,0.9935488573823669,All-positive,156
0.7142857142857143,0.14285714285714285,0.7868664912481409,Mixed,156
0.603448275862069,0.19827586206896552,0.8431006925945658,Mixed,156
0.4125874125874126,0.2937062937062937,0.8589774537729928,Mixed,156
1.0,0.0,1.0,All-positive,156
0.9444444444444444,0.027777777777777776,0.9176686133058514,Mixed,156
0.5135135135135135,0.24324324324324326,0.9376089229696758,Mixed,155
1.0,0.0,0.9993898718730934,All-positive,155
1.0,0.0,1.0,All-positive,155
1.0,0.0,0.9695802598080815,All-positive,155
0.8378378378378378,0.08108108108108109,0.8429702288762692,Mixed,155
1.0,0.0,0.9989717223650385,All-positive,155
1.0,0.0,0.6292304201244814,All-positive,154
0.2549019607843137,0.37254901960784315,0.9933079251205021,Mixed,154
1.0,0.0,1.0,All-positive,154
0.22,0.39,0.9734886300610094,Mixed,154
0.6307692307692307,0.18461538461538463,0.4642950562385561,Mixed,154
0.9338842975206612,0.03305785123966942,0.8709677419354839,Mixed,154
1.0,0.0,0.9786849921379069,All-positive,154
0.8888888888888888,0.05555555555555555,0.9224383916990921,Mixed,154
0.8305084745762712,0.0847457627118644,0.94234404536862,Mixed,154
1.0,0.0,0.9691895512391159,All-positive,153
1.0,0.0,0.7713686418458311,All-positive,153
1.0,0.0,0.9718329895440643,All-positive,153
0.9867549668874173,0.006622516556291391,0.9953190440995319,Mixed,153
0.5748031496062992,0.2125984251968504,0.8444035528504193,Mixed,153
0.8157894736842105,0.09210526315789473,0.8980159690297604,Mixed,153
0.6592592592592592,0.17037037037037037,0.87093451066961,Mixed,153
0.9858156028368794,0.0070921985815602835,0.9910562662741991,Mixed,152
1.0,0.0,0.9700854700854701,All-positive,152
0.9846153846153847,0.007692307692307693,0.9831918664303703,Mixed,152
0.986013986013986,0.006993006993006993,0.9696514815298264,Mixed,152
0.6571428571428571,0.17142857142857143,0.8430826169752654,Mixed,152
1.0,0.0,0.9904139433551198,All-positive,152
0.5,0.25,0.815126709731412,Mixed,152
1.0,0.0,0.8978561867772584,All-positive,151
0.8285714285714286,0.08571428571428572,1.0,Mixed,151
1.0,0.0,0.8636363636363636,All-positive,151
1.0,0.0,0.6292544570502431,All-positive,151
1.0,0.0,0.9950129062977721,All-positive,151
1.0,0.0,0.9921659654722182,All-positive,151
0.9230769230769231,0.038461538461538464,0.9706162038798022,Mixed,151
1.0,0.0,0.980341396327158,All-positive,151
1.0,0.0,0.9945899156026834,All-positive,151
1.0,0.0,0.9845322857844341,All-positive,151
0.9159663865546218,0.04201680672268908,0.9193037974683544,Mixed,151
0.7285714285714285,0.1357142857142857,0.7938955408160335,Mixed,150
1.0,0.0,0.9921619017025377,All-positive,150
0.007751937984496124,0.5038759689922481,0.9480884448000625,Mixed,150
0.8775510204081632,0.061224489795918366,0.8581671575491285,Mixed,150
0.3691275167785235,0.6845637583892618,0.41363028953229397,Mixed,149
0.09923664122137404,0.549618320610687,0.5074637325671035,Mixed,149
1.0,0.0,0.9167258943378347,All-positive,149
0.9862068965517241,0.006896551724137931,0.9413654618473896,Mixed,149
0.2702702702702703,0.36486486486486486,0.46473897684155435,Mixed,149
0.3508771929824561,0.32456140350877194,0.9848865309821395,Mixed,149
1.0,0.0,0.9845330160618679,All-positive,149
1.0,0.0,0.9959216201012563,All-positive,149
1.0,0.0,0.978687474523962,All-positive,149
1.0,0.0,0.9220509267278711,All-positive,149
0.5804195804195804,0.2097902097902098,0.6902613925514689,Mixed,148
0.9727891156462585,0.013605442176870748,0.9395252449133383,Mixed,148
0.972972972972973,0.013513513513513514,0.9800183318056829,Mixed,148
0.5348837209302325,0.23255813953488372,0.8356895395619133,Mixed,148
0.1564625850340136,0.5782312925170068,0.4134288659531415,Mixed,148
0.7971014492753623,0.10144927536231885,0.8857890148212729,Mixed,148
1.0,0.0,0.9812612883804936,All-positive,148
0.9852941176470589,0.007352941176470588,0.9813435642819529,Mixed,148
0.9714285714285714,0.014285714285714285,0.984552338866542,Mixed,148
0.7952755905511811,0.10236220472440945,0.8903161397670549,Mixed,148
0.9603960396039604,0.019801980198019802,0.96,Mixed,148
0.5310344827586206,0.23448275862068965,0.8150627615062761,Mixed,148
1.0,0.0,0.9953015382635,All-positive,147
1.0,0.0,0.9125188536953243,All-positive,147
1.0,0.0,0.5471869879225587,All-positive,147
0.504,0.248,0.5014561462919065,Mixed,147
1.0,0.0,0.9468085106382979,All-positive,147
0.6546762589928058,0.17266187050359713,0.779176951558161,Mixed,147
1.0,0.0,0.9984057847240014,All-positive,147
1.0,0.0,0.9981711235233058,All-positive,147
1.0,0.0,0.984535498489426,All-positive,147
1.0,0.0,0.9679794261509758,All-positive,147
0.9338842975206612,0.03305785123966942,0.9742268041237113,Mixed,146
1.0,0.0,0.6292844988250547,All-positive,146
0.2,0.6,0.9926152137701277,Mixed,146
0.8571428571428571,0.07142857142857142,0.933108574055628,Mixed,146
0.9746835443037974,0.012658227848101266,0.8949412066376058,Mixed,146
0.4326241134751773,0.28368794326241137,0.6039745770298093,Mixed,145
1.0,0.0,0.9888519191849895,All-positive,145
0.9663865546218487,0.01680672268907563,0.6262135922330098,Mixed,145
0.7379310344827587,0.1310344827586207,0.7938659468152317,Mixed,145
0.2907801418439716,0.6453900709219859,0.4135500044538895,Mixed,145
0.9056603773584906,0.04716981132075472,0.9399178255372945,Mixed,145
1.0,0.0,0.9618568414218471,All-positive,145
0.8561151079136691,0.07194244604316546,0.83046902971715,Mixed,145
0.8344827586206897,0.08275862068965517,0.5197023973546432,Mixed,145
0.36619718309859156,0.31690140845070425,0.8780487804878049,Mixed,144
0.9552238805970149,0.022388059701492536,1.0,Mixed,144
0.029411764705882353,0.4852941176470588,0.8750481324605314,Mixed,144
1.0,0.0,0.992166934189406,All-positive,144
1.0,0.0,0.9996586685545246,All-positive,144
0.4090909090909091,0.29545454545454547,0.8432574901834221,Mixed,144
0.8426966292134831,0.07865168539325842,0.9707911136482565,Mixed,144
0.8156028368794326,0.09219858156028368,0.8980233331318382,Mixed,144
1.0,0.0,0.9091955913801613,All-positive,144
0.8974358974358975,0.05128205128205128,0.8963163134689234,Mixed,144
1.0,0.0,0.9875538535184298,All-positive,144
0.323943661971831,0.3380281690140845,0.4393192745845221,Mixed,144
0.8881118881118881,0.055944055944055944,0.9764705882352941,Mixed,143
0.3968253968253968,0.30158730158730157,0.951980408858603,Mixed,143
1.0,0.0,1.0,All-positive,143
1.0,0.0,0.9996586556087941,All-positive,143
0.8157894736842105,0.09210526315789473,0.9545004945598418,Mixed,143
1.0,0.0,0.5832305795314426,All-positive,143
0.7011494252873564,0.14942528735632185,0.9876149471110403,Mixed,142
1.0,0.0,0.9921684426755681,All-positive,142
1.0,0.0,0.9845343303874915,All-positive,142
0.8,0.1,0.9900096920897636,Mixed,141
0.043478260869565216,0.4782608695652174,0.5284394250513347,Mixed,141
1.0,0.0,0.992046316854501,All-positive,141
0.627906976744186,0.18604651162790697,0.7835738068812431,Mixed,141
0.8653846153846154,0.0673076923076923,0.9700341296928328,Mixed,141
1.0,0.0,0.9958168207837956,All-positive,141
1.0,0.0,0.932013118062563,All-positive,141
0.19626168224299065,0.5981308411214953,0.8108170046980635,Mixed,140
0.9682539682539683,0.015873015873015872,0.9261186264308012,Mixed,140
1.0,0.0,0.9984056031660166,All-positive,140
0.3333333333333333,0.3333333333333333,0.8809779312275463,Mixed,140
0.8518518518518519,0.07407407407407407,0.9707546721194541,Mixed,140
1.0,0.0,0.9845338923037702,All-positive,140
0.6058394160583942,0.19708029197080293,0.895671965052678,Mixed,140
0.8679245283018868,0.0660377358490566,0.8644716692189893,Mixed,139
0.11278195488721804,0.556390977443609,0.4133933911007622,Mixed,139
1.0,0.0,0.9987468671679198,All-positive,139
0.26153846153846155,0.36923076923076925,0.7081625046589638,Mixed,138
1.0,0.0,0.49650104968509445,All-positive,138
1.0,0.0,0.9754601226993865,All-positive,138
0.07352941176470588,0.5367647058823529,0.41335827352776505,Mixed,138
0.9117647058823529,0.04411764705882353,0.9915304606240714,Mixed,138
0.29411764705882354,0.35294117647058826,0.9237551867219918,Mixed,138
0.9459459459459459,0.02702702702702703,0.9443491518963217,Mixed,137
1.0,0.0,0.9971324296141815,All-positive,137
0.8947368421052632,0.05263157894736842,0.9930458970792768,Mixed,137
0.2125984251968504,0.3937007874015748,0.8362574733195508,Mixed,137
0.984375,0.0078125,0.9809163741110811,Mixed,137
0.904,0.048,0.8429143090725243,Mixed,137
1.0,0.0,0.9670459003530797,All-positive,137
1.0,0.0,0.984534184362342,All-positive,137
0.968503937007874,0.015748031496062992,0.9823697173969407,Mixed,137
0.96875,0.015625,0.9176295618350303,Mixed,137
1.0,0.0,0.9781005832507979,All-positive,136
0.02564102564102564,0.48717948717948717,0.8926956935522246,Mixed,136
1.0,0.0,0.9819558617866767,All-positive,136
0.38235294117647056,0.3088235294117647,0.5015495605344714,Mixed,136
0.8153846153846154,0.09230769230769231,0.9817708333333334,Mixed,136
1.0,0.0,0.9219406885581184,All-positive,136
0.6666666666666666,0.16666666666666666,0.9523809523809523,Mixed,135
1.0,0.0,0.9868517463160466,All-positive,135
0.9365079365079365,0.031746031746031744,0.9852147188304676,Mixed,135
1.0,0.0,0.9984065105426401,All-positive,135
0.9322033898305084,0.03389830508474576,0.9698004919376879,Mixed,135
1.0,0.0,0.9618723128092804,All-positive,135
0.1282051282051282,0.4358974358974359,0.9519144419952649,Mixed,135
0.7606837606837606,0.11965811965811966,0.9706601466992665,Mixed,135
0.6666666666666666,0.16666666666666666,0.8708112874779541,Mixed,135
0.9672131147540983,0.01639344262295082,0.9939103282902341,Mixed,134
1.0,0.0,0.9797716310660498,All-positive,134
0.16417910447761194,0.417910447761194,0.6683320522674866,Mixed,134
0.983739837398374,0.008130081300813009,0.9942390432436374,Mixed,134
0.9512195121951219,0.024390243902439025,0.980410447761194,Mixed,134
0.6774193548387096,0.16129032258064516,0.8354331368550437,Mixed,134
1.0,0.0,0.998406374501992,All-positive,134
1.0,0.0,0.9984060569834629,All-positive,134
1.0,0.0,0.9727904867479593,All-positive,134
0.9080459770114943,0.04597701149425287,0.9399222969771629,Mixed,134
0.968,0.016,0.9910542728446783,Mixed,134
0.9833333333333333,0.008333333333333333,0.9958865873365653,Mixed,134
0.9789473684210527,0.010526315789473684,0.9705882352941176,Mixed,134
1.0,0.0,0.9026131293817719,All-positive,134
0.6296296296296297,0.18518518518518517,0.9230436662343278,Mixed,134
0.20610687022900764,0.6030534351145038,0.44006063749152274,Mixed,134
1.0,0.0,0.9621316441751584,All-positive,133
1.0,0.0,0.9801051909444317,All-positive,133
0.17293233082706766,0.41353383458646614,0.4,Mixed,133
0.9327731092436975,0.03361344537815126,0.9911189493906087,Mixed,133
1.0,0.0,0.9803668094045407,All-positive,133
0.7948717948717948,0.10256410256410256,0.9771935381691479,Mixed,133
0.9186991869918699,0.04065040650406504,0.9699679658302189,Mixed,132
1.0,0.0,0.9743962758219378,All-positive,132
1.0,0.0,0.9935512077822712,All-positive,132
1.0,0.0,0.9782293178519593,All-positive,132
0.7,0.15,0.9079718351469792,Mixed,132
0.078125,0.4609375,0.4644938091769847,Mixed,132
0.5,0.25,0.7831422947782795,Mixed,132
0.06976744186046512,0.5348837209302325,0.49911504424778763,Mixed,131
0.4358974358974359,0.28205128205128205,0.549900018178513,Mixed,131
1.0,0.0,0.9927579963789982,All-positive,131
0.984251968503937,0.007874015748031496,0.9984345648090169,Mixed,131
0.984375,0.0078125,0.9844793145140094,Mixed,131
0.808,0.096,0.8797329473831644,Mixed,131
0.8407079646017699,0.07964601769911504,0.9702318916102136,Mixed,131
0.5714285714285714,0.21428571428571427,0.8438256658595642,Mixed,131
1.0,0.0,0.9803588748787585,All-positive,131
0.7833333333333333,0.10833333333333334,0.8146347837449366,Mixed,131
0.41732283464566927,0.29133858267716534,0.6042020563254359,Mixed,130
1.0,0.0,0.9927589328046205,All-positive,130
1.0,0.0,0.9822265563559722,All-positive,130
0.6692913385826772,0.16535433070866143,0.8430722891566265,Mixed,130
0.8923076923076924,0.05384615384615385,0.9888051176604981,Mixed,130
1.0,0.0,0.9026627595872085,All-positive,130
0.3584905660377358,0.32075471698113206,0.7520030522701259,Mixed,130
0.5478260869565217,0.22608695652173913,0.9082998661311914,Mixed,129
0.7222222222222222,0.1388888888888889,0.9560439560439561,Mixed,129
0.967741935483871,0.016129032258064516,1.0,Mixed,129
0.568,0.216,0.8356240920773271,Mixed,129
0.11627906976744186,0.4418604651162791,0.41091492776886035,Mixed,129
1.0,0.0,0.9041206571505521,All-positive,129
0.90625,0.046875,0.9706357502613323,Mixed,129
0.584,0.208,0.7987012987012987,Mixed,129
1.0,0.0,0.9989734377005004,All-positive,129
1.0,0.0,0.9877653570258166,All-positive,128
0.3125,0.34375,0.7818181818181819,Mixed,128
1.0,0.0,0.9760202645651562,All-positive,128
0.7851239669421488,0.10743801652892562,0.7931077075098815,Mixed,128
0.9076923076923077,0.046153846153846156,0.9706343549536707,Mixed,128
0.9493670886075949,0.02531645569620253,0.9775127102072741,Mixed,128
0.9603960396039604,0.019801980198019802,0.8956906392694064,Mixed,128
0.21621621621621623,0.3918918918918919,0.7325153374233129,Mixed,128
1.0,0.0,0.9680084639024636,All-positive,128
0.9215686274509803,0.0392156862745098,0.8694577700247129,Mixed,128
1.0,0.0,0.49692853218798383,All-positive,127
0.7936507936507936,0.10317460317460317,0.9136904761904762,Mixed,127
0.5789473684210527,0.21052631578947367,0.7941927524172955,Mixed,127
0.9672131147540983,0.01639344262295082,0.9761382182452586,Mixed,127
0.9365079365079365,0.031746031746031744,0.9469011006166576,Mixed,127
1.0,0.0,0.9845359364821615,All-positive,127
0.25,0.375,0.6895040689990958,Mixed,127
1.0,0.0,0.922384701912261,All-positive,127
1.0,0.0,0.9991628296358309,All-positive,127
0.2773109243697479,0.36134453781512604,0.6910484554348664,Mixed,126
0.9827586206896551,0.008620689655172414,0.9780104712041885,Mixed,126
0.04918032786885246,0.47540983606557374,0.628788572475048,Mixed,126
0.7894736842105263,0.10526315789473684,0.7042777433353998,Mixed,126
0.23214285714285715,0.38392857142857145,0.7081938762861039,Mixed,126
1.0,0.0,0.9868570963541666,All-positive,126
0.6129032258064516,0.1935483870967742,0.6849306269270298,Mixed,126
1.0,0.0,0.9496248660235799,All-positive,126
0.9743589743589743,0.01282051282051282,0.9705211106884747,Mixed,126
0.5454545454545454,0.22727272727272727,0.46384085137259645,Mixed,126
0.6730769230769231,0.16346153846153846,0.9270361990950227,Mixed,126
0.39823008849557523,0.3008849557522124,0.7914663461538461,Mixed,126
1.0,0.0,1.0,All-positive,126
1.0,0.0,0.994599265500108,All-positive,126
1.0,0.0,0.9845363744500878,All-positive,126
0.12903225806451613,0.5645161290322581,0.4399593147324545,Mixed,126
0.01639344262295082,0.5081967213114754,0.6917446742940792,Mixed,125
0.9826086956521739,0.008695652173913044,0.9623212321232123,Mixed,125
0.09565217391304348,0.5478260869565217,0.9485530546623794,Mixed,125
1.0,0.0,0.9704861936219762,All-positive,125
1.0,0.0,0.9909946786737618,All-positive,125
1.0,0.0,0.9803628429431492,All-positive,125
1.0,0.0,0.9845360824742269,All-positive,125
0.8363636363636363,0.08181818181818182,0.8901741789655631,Mixed,125
0.1935483870967742,0.4032258064516129,0.47017543859649125,Mixed,124
0.2033898305084746,0.3983050847457627,0.6865288301014512,Mixed,124
0.32786885245901637,0.3360655737704918,0.686062941554271,Mixed,124
1.0,0.0,0.7917591907229213,All-positive,124
0.9130434782608695,0.043478260869565216,0.9706287723967492,Mixed,124
0.9272727272727272,0.03636363636363636,0.9706008074091664,Mixed,124
0.10743801652892562,0.4462809917355372,0.46441788509373294,Mixed,124
0.2222222222222222,0.6111111111111112,0.9849585747447487,Mixed,124
0.6347826086956522,0.1826086956521739,0.8804677349501949,Mixed,124
1.0,0.0,1.0,All-positive,124
0.7272727272727273,0.13636363636363635,0.8147354670150229,Mixed,124
0.9661016949152542,0.01694915254237288,0.9176766521838555,Mixed,124
0.9436619718309859,0.028169014084507043,0.9876577840112202,Mixed,123
1.0,0.0,0.9803607797497818,All-positive,123
0.8211382113821138,0.08943089430894309,0.9133667968023796,Mixed,123
0.9666666666666667,0.016666666666666666,0.9804941482444733,Mixed,123
1.0,0.0,0.984375,All-positive,123
1.0,0.0,0.9984066465600637,All-positive,123
0.391304347826087,0.30434782608695654,0.783329469047067,Mixed,123
0.9393939393939394,0.030303030303030304,0.981950774840474,Mixed,123
0.9775280898876404,0.011235955056179775,0.8725914031620553,Mixed,122
1.0,0.0,1.0,All-positive,122
1.0,0.0,0.9966543405529142,All-positive,122
0.5714285714285714,0.21428571428571427,0.7942045617558456,Mixed,122
1.0,0.0,0.9732790032519688,All-positive,122
0.2773109243697479,0.36134453781512604,0.6875567665758402,Mixed,122
1.0,0.0,0.9950165280977662,All-positive,122
0.7024793388429752,0.1487603305785124,0.8800354758903982,Mixed,122
0.96,0.02,0.9769224044989656,Mixed,122
0.2066115702479339,0.39669421487603307,0.5540816326530612,Mixed,122
0.8867924528301887,0.05660377358490566,0.970651089898846,Mixed,122
0.7851239669421488,0.10743801652892562,0.8981464710499306,Mixed,122
0.9834710743801653,0.008264462809917356,0.9947630922693267,Mixed,122
0.4918032786885246,0.2540983606557377,0.6889955481357819,Mixed,122
1.0,0.0,0.9680165206003828,All-positive,122
0.7431192660550459,0.12844036697247707,0.8701070224307287,Mixed,122
1.0,0.0,0.9956521739130435,All-positive,121
1.0,0.0,1.0,All-positive,121
0.7714285714285715,0.11428571428571428,0.9294456256806514,Mixed,121
0.92,0.04,0.9950738916256158,Mixed,121
1.0,0.0,0.9808997348433778,All-positive,121
1.0,0.0,0.9844684178021892,All-positive,121
1.0,0.0,0.9844678055190539,All-positive,121
0.04918032786885246,0.47540983606557374,0.8808825583019131,Mixed,121
0.46875,0.734375,0.9940304255728866,Mixed,121
0.6326530612244898,0.1836734693877551,0.9711655761339691,Mixed,121
1.0,0.0,0.9416398535448797,All-positive,121
0.9375,0.03125,0.9767981438515081,Mixed,121
0.9454545454545454,0.02727272727272727,0.8763646850409921,Mixed,120
1.0,0.0,0.9993980048159615,All-positive,120
0.9767441860465116,0.011627906976744186,0.9942545454545455,Mixed,120
1.0,0.0,0.9693537641572285,All-positive,120
0.922077922077922,0.03896103896103896,0.9664218258132214,Mixed,120
0.2711864406779661,0.635593220338983,0.41351805205709485,Mixed,120
0.9252336448598131,0.037383177570093455,0.9699179580674567,Mixed,120
0.971830985915493,0.014084507042253521,0.9705309187699035,Mixed,120
0.2605042016806723,0.3697478991596639,0.4638762511373976,Mixed,120
1.0,0.0,0.9845385639176523,All-positive,120
1.0,0.0,0.9845369583687341,All-positive,120
0.8319327731092437,0.08403361344537816,0.9114811568799299,Mixed,120
0.9821428571428571,0.008928571428571428,0.9349112426035503,Mixed,120
1.0,0.0,0.9956989247311828,All-positive,120
0.37815126050420167,0.6890756302521008,0.41359964378856306,Mixed,119
0.9813084112149533,0.009345794392523364,0.9946785560189846,Mixed,119
0.23076923076923078,0.38461538461538464,0.923921500821302,Mixed,119
0.96,0.02,0.9443245302183849,Mixed,118
1.0,0.0,0.944201104551514,All-positive,118
0.1282051282051282,0.4358974358974359,0.6285531194214309,Mixed,118
0.8290598290598291,0.08547008547008547,0.6194108285036486,Mixed,118
0.3389830508474576,0.3305084745762712,0.5016506678856214,Mixed,118
0.9761904761904762,0.011904761904761904,0.9835974423130387,Mixed,118
0.9814814814814815,0.009259259259259259,0.9809335371885961,Mixed,118
0.3592233009708738,0.32038834951456313,0.8432418480598812,Mixed,118
0.6701030927835051,0.16494845360824742,0.8420355155049033,Mixed,118
0.7,0.15,0.9234229169009334,Mixed,118
1.0,0.0,0.9468334178795801,All-positive,118
0.23076923076923078,0.38461538461538464,0.6895029544664582,Mixed,118
1.0,0.0,0.9519119796876202,All-positive,117
0.6538461538461539,0.17307692307692307,0.8917910447761194,Mixed,117
0.5247524752475248,0.2376237623762376,0.8811475409836066,Mixed,117
1.0,0.0,0.973287376130978,All-positive,117
0.7391304347826086,0.13043478260869565,0.9078468051590036,Mixed,117
1.0,0.0,0.9493166287015945,All-positive,117
0.3508771929824561,0.32456140350877194,1.0,Mixed,117
0.9012345679012346,0.04938271604938271,0.9933333333333333,Mixed,117
1.0,0.0,0.9322694144257351,All-positive,117
0.3,0.35,0.9234821659901545,Mixed,117
0.9811320754716981,0.009433962264150943,0.9938947622579032,Mixed,116
0.8620689655172413,0.06896551724137931,0.7937218444234024,Mixed,116
1.0,0.0,0.979311659834112,All-positive,116
1.0,0.0,0.6561340975868214,All-positive,116
0.8938053097345132,0.05309734513274336,0.841726618705036,Mixed,116
0.5180722891566265,0.24096385542168675,0.8803410838264759,Mixed,116
1.0,0.0,0.8428649794021792,All-positive,116
0.9384615384615385,0.03076923076923077,0.9705868377286766,Mixed,116
0.8434782608695652,0.0782608695652174,0.9180637544273907,Mixed,116
0.22077922077922077,0.38961038961038963,0.9603003434779136,Mixed,116
0.37037037037037035,0.3148148148148148,0.9123872026251025,Mixed,116
1.0,0.0,0.9979796313858079,All-positive,116
0.696969696969697,0.15151515151515152,0.9434319526627218,Mixed,116
0.2545454545454545,0.6272727272727273,0.692156636248123,Mixed,115
1.0,0.0,0.9877698103592618,All-positive,115
0.04424778761061947,0.4778761061946903,0.62077766101186,Mixed,115
0.6363636363636364,0.18181818181818182,0.7941092118848228,Mixed,115
0.8181818181818182,0.09090909090909091,0.8352182290357711,Mixed,115
0.30275229357798167,0.3486238532110092,0.8567251461988304,Mixed,115
0.061946902654867256,0.4690265486725664,0.6772454707833631,Mixed,115
0.38596491228070173,0.30701754385964913,0.6478405315614618,Mixed,115
0.9583333333333334,0.020833333333333332,0.9823488115535052,Mixed,115
1.0,0.0,0.8825853882677286,All-positive,115
0.6170212765957447,0.19148936170212766,0.9915664925420102,Mixed,115
0.9826086956521739,0.008695652173913044,0.9501192004401247,Mixed,115
0.9692307692307692,0.015384615384615385,0.9221914488488835,Mixed,115
1.0,0.0,0.9971361624576933,All-positive,114
0.21428571428571427,0.6071428571428571,0.5120274914089347,Mixed,114
0.008849557522123894,0.49557522123893805,0.5285311458600359,Mixed,114
0.26126126126126126,0.36936936936936937,0.5278105295534936,Mixed,114
0.7142857142857143,0.14285714285714285,0.9294709022127792,Mixed,114
1.0,0.0,0.9921863695557807,All-positive,114
1.0,0.0,0.9696693569382974,All-positive,114
1.0,0.0,0.9761826544021025,All-positive,114
1.0,0.0,0.957709555018972,All-positive,113
1.0,0.0,0.9966596343178622,All-positive,113
1.0,0.0,0.9507244131091656,All-positive,113
0.9813084112149533,0.009345794392523364,0.9291567264806555,Mixed,113
0.6831683168316832,0.15841584158415842,0.8441576807495139,Mixed,113
0.45098039215686275,0.27450980392156865,0.8357575588374885,Mixed,113
0.9733333333333334,0.013333333333333334,0.969684583418489,Mixed,113
1.0,0.0,0.9925614489003881,All-positive,113
1.0,0.0,0.9996587850219262,All-positive,113
0.12149532710280374,0.5607476635514018,0.45929601488602884,Mixed,113
0.8024691358024691,0.09876543209876543,0.8749670172264314,Mixed,113
0.5700934579439252,0.21495327102803738,0.7158526135389889,Mixed,113
0.8627450980392157,0.06862745098039216,0.9446349206349206,Mixed,112
0.8214285714285714,0.08928571428571429,0.8451612903225807,Mixed,112
0.41284403669724773,0.29357798165137616,0.7968493600262553,Mixed,112
1.0,0.0,0.9968871595330739,All-positive,112
0.6,0.2,0.8443124359110357,Mixed,112
0.9636363636363636,0.01818181818181818,0.9590194964982017,Mixed,112
0.9743589743589743,0.01282051282051282,0.9822825369899161,Mixed,112
0.2727272727272727,0.36363636363636365,0.7862318840579711,Mixed,112
0.972972972972973,0.013513513513513514,0.9705336139655812,Mixed,112
0.9464285714285714,0.026785714285714284,0.8920105355575065,Mixed,112
0.6086956521739131,0.1956521739130435,0.8942891859052248,Mixed,112
0.8823529411764706,0.058823529411764705,0.9699366009952962,Mixed,112
1.0,0.0,0.9972945552925262,All-positive,112
0.9587628865979382,0.020618556701030927,0.9360795454545454,Mixed,112
0.719626168224299,0.14018691588785046,0.9111940298507463,Mixed,112
0.22522522522522523,0.6126126126126126,0.4602017067494181,Mixed,112
0.12941176470588237,0.5647058823529412,0.9384403209628887,Mixed,112
0.6880733944954128,0.1559633027522936,0.9074844074844075,Mixed,112
0.8518518518518519,0.07407407407407407,0.9066427289048474,Mixed,112
0.35135135135135137,0.32432432432432434,0.716869535402023,Mixed,112
0.6363636363636364,0.18181818181818182,1.0,Mixed,111
1.0,0.0,0.9542682926829268,All-positive,111
0.06306306306306306,0.46846846846846846,0.6914901809780516,Mixed,111
0.24,0.38,0.7055563450333949,Mixed,111
0.673469387755102,0.16326530612244897,0.7609199666141148,Mixed,111
0.3090909090909091,0.34545454545454546,0.6203314519034466,Mixed,111
1.0,0.0,0.6294886538492687,All-positive,111
1.0,0.0,0.6294826524992712,All-positive,111
0.963302752293578,0.01834862385321101,0.9935903272210791,Mixed,111
0.9819819819819819,0.009009009009009009,0.8774193548387097,Mixed,111
1.0,0.0,0.9773768893222818,All-positive,111
0.8252427184466019,0.08737864077669903,0.8479657387580299,Mixed,111
0.45454545454545453,0.2727272727272727,0.7354269583627382,Mixed,111
0.981651376146789,0.009174311926605505,0.9711095215387061,Mixed,111
1.0,0.0,0.976728778467909,All-positive,111
0.7708333333333334,0.11458333333333333,0.7607103115727003,Mixed,110
0.23076923076923078,0.38461538461538464,0.7826597350327017,Mixed,110
0.3577981651376147,0.3211009174311927,0.5238041811586073,Mixed,110
0.981651376146789,0.009174311926605505,0.9729593888218737,Mixed,110
0.9803921568627451,0.00980392156862745,0.9938650306748467,Mixed,110
0.6226415094339622,0.18867924528301888,0.7832850940665702,Mixed,110
1.0,0.0,0.980390574564235,All-positive,110
0.14814814814814814,0.42592592592592593,0.6912948061448427,Mixed,109
1.0,0.0,0.983735028833358,All-positive,109
0.9814814814814815,0.009259259259259259,0.8584693724726674,Mixed,109
1.0,0.0,0.9921824939125977,All-positive,109
0.26666666666666666,0.36666666666666664,0.6948818897637795,Mixed,109
0.6116504854368932,0.1941747572815534,0.6762961545819782,Mixed,109
1.0,0.0,0.9928815649347009,All-positive,109
0.9019607843137255,0.049019607843137254,0.9699928399401159,Mixed,109
1.0,0.0,0.9987101529390087,All-positive,109
1.0,0.0,0.970543591689593,All-positive,109
1.0,0.0,0.989582140812822,All-positive,109
1.0,0.0,0.954795389658454,All-positive,109
1.0,0.0,0.9403298350824588,All-positive,109
0.9069767441860465,0.046511627906976744,0.8502386634844868,Mixed,109
0.944954128440367,0.027522935779816515,0.9681884532138723,Mixed,109
1.0,0.0,0.9809123649459784,All-positive,108
0.9245283018867925,0.03773584905660377,0.7746781115879828,Mixed,108
0.1588785046728972,0.4205607476635514,0.6205757857764702,Mixed,108
0.9120879120879121,0.04395604395604396,0.8611111111111112,Mixed,108
0.9238095238095239,0.0380952380952381,0.9807916937053861,Mixed,108
0.08411214953271028,0.5420560747663551,0.41338387371688057,Mixed,108
0.5925925925925926,0.2037037037037037,0.9547033671833244,Mixed,108
0.78,0.11,0.8430103132695969,Mixed,108
0.6122448979591837,0.19387755102040816,0.8940478268458719,Mixed,108
0.8313253012048193,0.08433734939759036,0.9813932380304061,Mixed,108
1.0,0.0,0.9977197871801368,All-positive,108
0.08045977011494253,0.5402298850574713,0.8731852587169624,Mixed,108
0.7757009345794392,0.11214953271028037,0.8307345683427508,Mixed,108
0.9518072289156626,0.024096385542168676,1.0,Mixed,108
0.1827956989247312,0.40860215053763443,0.7108167770419426,Mixed,108
0.6565656565656566,0.1717171717171717,0.907596685082873,Mixed,108
0.9578947368421052,0.021052631578947368,0.9443421971187409,Mixed,107
0.956989247311828,0.021505376344086023,0.9443492607398947,Mixed,107
1.0,0.0,0.6897029398183777,All-positive,107
1.0,0.0,0.9696414017929911,All-positive,107
0.22,0.39,0.6282930845225028,Mixed,107
0.9065420560747663,0.04672897196261682,0.9495275982098459,Mixed,107
1.0,0.0,0.9886784976366364,All-positive,107
0.12087912087912088,0.5604395604395604,0.8364499023164945,Mixed,107
1.0,0.0,0.9497326203208556,All-positive,107
1.0,0.0,0.9984070997838207,All-positive,107
0.5094339622641509,0.7547169811320755,0.41367116945228827,Mixed,107
0.9065420560747663,0.04672897196261682,0.9845361501977323,Mixed,107
0.9047619047619048,0.047619047619047616,0.8795186342646578,Mixed,107
0.46808510638297873,0.26595744680851063,0.8431709913649414,Mixed,107
0.08571428571428572,0.45714285714285713,0.8433997978103289,Mixed,107
0.2,0.4,0.9220518867924529,Mixed,107
0.29411764705882354,0.35294117647058826,0.9529944289693594,Mixed,107
0.42857142857142855,0.2857142857142857,0.858817287285356,Mixed,107
1.0,0.0,0.9959298245614036,All-positive,107
1.0,0.0,0.9979800478192761,All-positive,107
1.0,0.0,0.9993986254295533,All-positive,106
0.19230769230769232,0.40384615384615385,0.6667933130699089,Mixed,106
0.352112676056338,0.323943661971831,0.9836203041144902,Mixed,106
1.0,0.0,0.9003483584925578,All-positive,106
0.5625,0.21875,0.81075880532084,Mixed,106
0.9178082191780822,0.0410958904109589,0.9329587438423645,Mixed,106
1.0,0.0,0.9798449612403101,All-positive,105
0.8333333333333334,0.08333333333333333,0.8981789528979163,Mixed,105
0.06521739130434782,0.4673913043478261,0.9210610932475884,Mixed,105
0.0392156862745098,0.5196078431372549,0.28384,Mixed,105
0.9761904761904762,0.011904761904761904,0.941445737173374,Mixed,105
0.45263157894736844,0.2736842105263158,0.7943622390456526,Mixed,105
0.979381443298969,0.010309278350515464,0.993573522183182,Mixed,105
0.36538461538461536,0.3173076923076923,0.6767003603201428,Mixed,105
0.9245283018867925,0.03773584905660377,0.9706035997530512,Mixed,105
0.9139784946236559,0.043010752688172046,0.926078431372549,Mixed,105
0.4146341463414634,0.2926829268292683,0.8755654402895054,Mixed,105
1.0,0.0,0.969760244602707,All-positive,105
0.7755102040816326,0.8877551020408163,0.44058843462834135,Mixed,105
0.40476190476190477,0.2976190476190476,0.9266764431409146,Mixed,104
0.8969072164948454,0.05154639175257732,0.9445255474452555,Mixed,104
0.3253012048192771,0.3373493975903614,0.5505230694805587,Mixed,104
1.0,0.0,0.9710824540836264,All-positive,104
1.0,0.0,0.9868677833794113,All-positive,104
1.0,0.0,0.9981750024662129,All-positive,104
1.0,0.0,0.9003799071338118,All-positive,104
1.0,0.0,0.9819727015194437,All-positive,104
0.5714285714285714,0.21428571428571427,0.8391841336544867,Mixed,103
1.0,0.0,0.9877769289533995,All-positive,103
0.746031746031746,0.12698412698412698,0.8682352941176471,Mixed,103
1.0,0.0,0.9927670383605287,All-positive,103
1.0,0.0,0.9907544378698225,All-positive,103
0.9333333333333333,0.03333333333333333,0.9648033126293996,Mixed,103
1.0,0.0,0.9886797792556955,All-positive,103
0.5319148936170213,0.23404255319148937,0.8803535010197144,Mixed,103
1.0,0.0,0.9890020366598778,All-positive,103
0.5903614457831325,0.20481927710843373,0.8431035224291429,Mixed,103
0.92,0.04,0.8429664989463725,Mixed,103
0.8461538461538461,0.07692307692307693,0.9016393442622951,Mixed,103
0.9583333333333334,0.020833333333333332,0.9044611663531309,Mixed,103
1.0,0.0,0.9750753535821933,All-positive,103
0.4626865671641791,0.26865671641791045,0.9593742517359726,Mixed,103
0.6,0.2,0.8106682297772567,Mixed,103
0.13131313131313133,0.5656565656565656,0.42271150656009654,Mixed,103
0.030927835051546393,0.5154639175257731,0.38778877887788776,Mixed,102
1.0,0.0,0.9935548475193445,All-positive,102
0.7419354838709677,0.12903225806451613,0.79369768586903,Mixed,102
1.0,0.0,0.9803786991804272,All-positive,102
1.0,0.0,0.994608583135648,All-positive,102
0.9019607843137255,0.049019607843137254,0.9732650739476678,Mixed,102
1.0,0.0,0.7460982108869433,All-positive,102
1.0,0.0,0.9787570151735606,All-positive,102
0.8536585365853658,0.07317073170731707,0.838846784104875,Mixed,101
0.7821782178217822,0.10891089108910891,0.9639654067905189,Mixed,101
0.4897959183673469,0.25510204081632654,0.7793706765323621,Mixed,101
0.45652173913043476,0.2717391304347826,0.8357196684250189,Mixed,101
1.0,0.0,0.9732988802756245,All-positive,101
0.9764705882352941,0.011764705882352941,0.969663917104097,Mixed,101
0.7454545454545455,0.12727272727272726,0.970838280693422,Mixed,101
0.4375,0.71875,0.299645928174001,Mixed,101
0.76,0.12,0.8584002507897466,Mixed,101
1.0,0.0,0.9783295711060948,All-positive,101
0.3465346534653465,0.32673267326732675,0.4394785104856072,Mixed,101
0.31313131313131315,0.3434343434343434,0.664391353811149,Mixed,100
0.3263157894736842,0.3368421052631579,0.5017261804027754,Mixed,100
1.0,0.0,0.9809134593793506,All-positive,100
1.0,0.0,0.9844720904875133,All-positive,100
1.0,0.0,0.9619248217757616,All-positive,100
0.6705882352941176,0.16470588235294117,0.8430678910130965,Mixed,100
0.4,0.7,0.4660688317983519,Mixed,100
0.8736842105263158,0.06315789473684211,0.9286789761470798,Mixed,100
0.8876404494382022,0.056179775280898875,0.944553701706528,Mixed,99
0.28888888888888886,0.35555555555555557,0.9274238669970426,Mixed,99
1.0,0.0,0.9798438351189396,All-positive,99
1.0,0.0,0.9291454941408276,All-positive,99
0.2127659574468085,0.39361702127659576,0.9342629482071713,Mixed,99
0.9791666666666666,0.010416666666666666,0.9844858388944354,Mixed,99
0.35555555555555557,0.32222222222222224,0.8432207490564212,Mixed,99
0.7755102040816326,0.11224489795918367,0.9264590876176684,Mixed,99
0.9142857142857143,0.04285714285714286,0.873015873015873,Mixed,99
1.0,0.0,0.9796954314720813,All-positive,99
0.3978494623655914,0.3010752688172043,0.7354878163514912,Mixed,99
1.0,0.0,0.969769262310359,All-positive,99
0.9166666666666666,0.041666666666666664,0.8964735873105792,Mixed,99
0.050505050505050504,0.5252525252525253,0.68997393570808,Mixed,99
0.6521739130434783,0.17391304347826086,0.9229240473515943,Mixed,99
0.8901098901098901,0.054945054945054944,0.9445466658206967,Mixed,98
0.7349397590361446,0.13253012048192772,0.8187015108207432,Mixed,98
0.9148936170212766,0.0425531914893617,0.9810305394860757,Mixed,98
0.9692307692307692,0.015384615384615385,0.9842507691839035,Mixed,98
0.9789473684210527,0.010526315789473684,0.9963235294117647,Mixed,98
0.6666666666666666,0.16666666666666666,0.8800167613371822,Mixed,98
0.978021978021978,0.01098901098901099,0.9697541303499415,Mixed,98
0.7142857142857143,0.14285714285714285,0.843047012774743,Mixed,98
1.0,0.0,0.9464105156723963,All-positive,98
0.8518518518518519,0.07407407407407407,0.8583204782105669,Mixed,98
0.14285714285714285,0.42857142857142855,0.8590819229471045,Mixed,98
0.9642857142857143,0.017857142857142856,0.984555146711954,Mixed,98
0.10204081632653061,0.4489795918367347,0.717869680623341,Mixed,98
0.8163265306122449,0.09183673469387756,0.9070506180512395,Mixed,98
1.0,0.0,0.9837482455492355,All-positive,97
1.0,0.0,0.988870625299637,All-positive,97
1.0,0.0,1.0,All-positive,97
0.6,0.2,0.8338017249733501,Mixed,97
0.45263157894736844,0.2736842105263158,0.868385864374403,Mixed,97
0.3111111111111111,0.34444444444444444,0.5017514172095778,Mixed,97
0.9764705882352941,0.011764705882352941,0.9804718693284936,Mixed,97
1.0,0.0,0.9301219149568838,All-positive,97
0.0,0.5,0.845267547890012,Mixed,97
0.5714285714285714,0.21428571428571427,0.7941977467534329,Mixed,97
0.6222222222222222,0.18888888888888888,0.7941336697537059,Mixed,97
0.9764705882352941,0.011764705882352941,0.9887119133165474,Mixed,97
0.625,0.1875,0.8767676767676768,Mixed,97
1.0,0.0,1.0,All-positive,97
1.0,0.0,0.9809773696293866,All-positive,97
0.6494845360824743,0.17525773195876287,0.7942118226600985,Mixed,97
0.5106382978723404,0.24468085106382978,0.8923540489642184,Mixed,97
0.7938144329896907,0.10309278350515463,0.879796708164312,Mixed,97
0.7530864197530864,0.12345679012345678,0.8430316323678042,Mixed,97
0.6703296703296703,0.16483516483516483,0.8934797768479776,Mixed,97
0.4782608695652174,0.2608695652173913,0.9829699393626629,Mixed,96
0.1276595744680851,0.43617021276595747,0.6284865112025606,Mixed,96
0.9047619047619048,0.047619047619047616,0.9508804448563485,Mixed,96
1.0,0.0,0.9927161203756949,All-positive,96
1.0,0.0,0.9917330617624154,All-positive,96
1.0,0.0,0.6295786507756582,All-positive,96
1.0,0.0,0.9831857582253705,All-positive,96
0.3473684210526316,0.6736842105263158,0.41354970812295716,Mixed,96
1.0,0.0,0.9844729064039409,All-positive,96
0.38461538461538464,0.3076923076923077,0.6766749537833875,Mixed,96
0.7411764705882353,0.12941176470588237,0.9704161248374512,Mixed,96
1.0,0.0,0.9669698420296793,All-positive,96
0.20833333333333334,0.6041666666666666,0.2992749957848592,Mixed,96
0.9574468085106383,0.02127659574468085,0.8414043583535109,Mixed,96
0.9767441860465116,0.011627906976744186,0.9845507738769347,Mixed,96
0.9318181818181818,0.03409090909090909,0.9845693576700202,Mixed,96
1.0,0.0,0.9467374005305039,All-positive,96
1.0,0.0,0.932396839332748,All-positive,96
1.0,0.0,0.9959324886623966,All-positive,96
1.0,0.0,0.9787215487921863,All-positive,96
0.6210526315789474,0.18947368421052632,0.7157164869029276,Mixed,96
0.09473684210526316,0.45263157894736844,0.4211002260738508,Mixed,96
1.0,0.0,0.9991689175150633,All-positive,96
1.0,0.0,0.8763175230566534,All-positive,95
0.9789473684210527,0.010526315789473684,0.8980034627101185,Mixed,95
0.9368421052631579,0.031578947368421054,0.7757274662881476,Mixed,95
0.5531914893617021,0.22340425531914893,0.90422197640118,Mixed,95
1.0,0.0,0.9868715197333658,All-positive,95
1.0,0.0,0.6295906470626336,All-positive,95
0.05128205128205128,0.47435897435897434,0.8175529028757461,Mixed,95
1.0,0.0,0.988684902831603,All-positive,95
0.5483870967741935,0.22580645161290322,0.8356034386513341,Mixed,95
0.978494623655914,0.010752688172043012,0.9984360782529572,Mixed,95
1.0,0.0,0.9809083149903418,All-positive,95
0.9574468085106383,0.02127659574468085,0.9573122529644269,Mixed,95
0.8160919540229885,0.09195402298850575,0.8797595190380761,Mixed,95
0.8734177215189873,0.06329113924050633,0.8429812489248236,Mixed,95
0.6923076923076923,0.8461538461538461,0.3000337154416723,Mixed,95
0.9340659340659341,0.03296703296703297,0.9678550555230859,Mixed,95
1.0,0.0,0.9468593381306187,All-positive,95
1.0,0.0,0.9873389102419172,All-positive,95
0.8863636363636364,0.056818181818181816,0.8887225548902196,Mixed,95
0.5348837209302325,0.23255813953488372,0.9231167933655839,Mixed,95
1.0,0.0,0.9942075157483166,All-positive,94
1.0,0.0,0.9927698399035979,All-positive,94
0.6989247311827957,0.15053763440860216,0.8354080607346209,Mixed,94
0.978494623655914,0.010752688172043012,0.9794050343249427,Mixed,94
0.9120879120879121,0.04395604395604396,0.925457901462445,Mixed,94
0.7659574468085106,0.11702127659574468,0.7151416588205084,Mixed,94
0.5632183908045977,0.21839080459770116,0.8712552973841883,Mixed,94
1.0,0.0,1.0,All-positive,93
0.8554216867469879,0.07228915662650602,0.7797325826882477,Mixed,93
1.0,0.0,0.9877800407331976,All-positive,93
1.0,0.0,0.8967459324155194,All-positive,93
0.5918367346938775,0.20408163265306123,0.9269209242824018,Mixed,93
0.9512195121951219,0.024390243902439025,0.9739478957915831,Mixed,93
0.5476190476190477,0.2261904761904762,0.7793145961356938,Mixed,93
0.26666666666666666,0.36666666666666664,0.6562922868741543,Mixed,93
0.7906976744186046,0.10465116279069768,0.7082077051926298,Mixed,93
0.9365079365079365,0.031746031746031744,0.9808693683495585,Mixed,93
1.0,0.0,0.9705310112466189,All-positive,93
0.9666666666666667,0.016666666666666666,0.9705463182897862,Mixed,93
0.8,0.1,0.8348837209302326,Mixed,93
0.21739130434782608,0.6086956521739131,0.39987071751777636,Mixed,93
1.0,0.0,0.998975803354244,All-positive,93
0.9753086419753086,0.012345679012345678,0.9502226560117123,Mixed,93
0.7037037037037037,0.14814814814814814,0.9450256800456535,Mixed,92
0.044444444444444446,0.5222222222222223,0.9859409260931252,Mixed,92
1.0,0.0,0.8968320133388912,All-positive,92
0.7857142857142857,0.10714285714285714,0.8561589139548812,Mixed,92
1.0,0.0,0.9927701510522012,All-positive,92
0.6119402985074627,0.19402985074626866,0.8666159984799544,Mixed,92
0.9777777777777777,0.011111111111111112,0.9908500590318772,Mixed,92
1.0,0.0,0.9845413363533408,All-positive,92
0.10344827586206896,0.5517241379310345,0.4399338355454582,Mixed,92
0.1724137931034483,0.41379310344827586,0.5684647302904564,Mixed,91
0.4725274725274725,0.26373626373626374,0.6616257088846881,Mixed,91
1.0,0.0,0.9994128009395185,All-positive,91
1.0,0.0,0.9966725043782837,All-positive,91
0.13333333333333333,0.5666666666666667,0.6290116119594038,Mixed,91
0.18681318681318682,0.4065934065934066,0.6283545924198783,Mixed,91
0.16853932584269662,0.4157303370786517,0.7978386639013209,Mixed,91
1.0,0.0,0.9729078868151716,All-positive,91
0.5164835164835165,0.24175824175824176,0.6557971014492754,Mixed,91
0.8620689655172413,0.06896551724137931,0.8796663093629119,Mixed,91
1.0,0.0,0.9996588712428458,All-positive,91
0.8241758241758241,0.08791208791208792,0.9285714285714286,Mixed,91
1.0,0.0,0.9907038512616202,All-positive,91
0.96,0.02,0.9007054859429293,Mixed,91
1.0,0.0,0.9845411904604611,All-positive,91
1.0,0.0,0.9959334392820417,All-positive,91
0.8604651162790697,0.06976744186046512,0.9649122807017544,Mixed,91
1.0,0.0,0.9177457076036735,All-positive,91
1.0,0.0,0.9798153423042923,All-positive,90
0.8390804597701149,0.08045977011494253,0.9522041763341067,Mixed,90
0.8441558441558441,0.07792207792207792,0.8946223189306808,Mixed,90
1.0,0.0,0.9804092294296909,All-positive,90
1.0,0.0,0.9589157536834152,All-positive,90
0.9534883720930233,0.023255813953488372,0.8351053439374913,Mixed,90
0.5362318840579711,0.2318840579710145,0.88023282887078,Mixed,90
1.0,0.0,0.998176261829653,All-positive,90
0.8082191780821918,0.0958904109589041,0.8430128797815383,Mixed,90
0.19047619047619047,0.40476190476190477,0.6047054897380277,Mixed,90
1.0,0.0,0.9932530120481927,All-positive,90
0.3707865168539326,0.6853932584269663,0.4609556208442864,Mixed,90
0.4444444444444444,0.2777777777777778,0.9333946501111366,Mixed,90
0.3111111111111111,0.34444444444444444,0.6893413007226237,Mixed,90
0.9545454545454546,0.022727272727272728,0.9092088197146563,Mixed,90
0.7931034482758621,0.10344827586206896,0.9509280447495551,Mixed,90
0.6404494382022472,0.1797752808988764,0.439273756377551,Mixed,90
0.03614457831325301,0.5180722891566265,0.43987884101869196,Mixed,90
0.8,0.1,0.8852459016393442,Mixed,89
1.0,0.0,0.9877831509289896,All-positive,89
0.2682926829268293,0.36585365853658536,0.8351094749079636,Mixed,89
0.5068493150684932,0.2465753424657534,0.7942626239468104,Mixed,89
0.9090909090909091,0.045454545454545456,0.9823520175851782,Mixed,89
1.0,0.0,0.9996588798625412,All-positive,89
0.6862745098039216,0.1568627450980392,0.9634146341463414,Mixed,89
0.9764705882352941,0.011764705882352941,0.9805735430157262,Mixed,89
1.0,0.0,0.9468614106589185,All-positive,89
1.0,0.0,0.990705222779581,All-positive,89
0.875,0.0625,0.9256005101679303,Mixed,89
0.9764705882352941,0.011764705882352941,0.9325476429287863,Mixed,89
1.0,0.0,0.9696673588208949,All-positive,88
0.20930232558139536,0.3953488372093023,0.5508044030482642,Mixed,88
1.0,0.0,0.9927189116689021,All-positive,88
0.8636363636363636,0.06818181818181818,0.9500123731749567,Mixed,88
1.0,0.0,0.9917868224128491,All-positive,88
0.2987012987012987,0.6493506493506493,0.4135059188525945,Mixed,88
1.0,0.0,0.9809160305343512,All-positive,88
1.0,0.0,0.9844743340513844,All-positive,88
0.7045454545454546,0.14772727272727273,0.8799869500372856,Mixed,88
0.8461538461538461,0.07692307692307693,0.9701046337817638,Mixed,88
0.11904761904761904,0.5595238095238095,0.5607305004336071,Mixed,87
0.75,0.125,0.7820408163265307,Mixed,87
1.0,0.0,0.8553327347101666,All-positive,87
1.0,0.0,0.9949904580152672,All-positive,87
0.17647058823529413,0.4117647058823529,0.28352959982948794,Mixed,87
1.0,0.0,0.9744798085985645,All-positive,87
1.0,0.0,0.9913250552815105,All-positive,87
1.0,0.0,0.9688635184224182,All-positive,87
1.0,0.0,0.9981765314671529,All-positive,87
1.0,0.0,0.9697107572310693,All-positive,87
1.0,0.0,0.9877300613496932,All-positive,87
0.9183673469387755,0.04081632653061224,0.9706091828498172,Mixed,87
0.47619047619047616,0.7380952380952381,0.9067948853429145,Mixed,87
1.0,0.0,0.9913630304376805,All-positive,87
1.0,0.0,0.9787252593948905,All-positive,87
0.25925925925925924,0.37037037037037035,0.9232229123533471,Mixed,87
0.5476190476190477,0.2261904761904762,0.8149656666927756,Mixed,87
0.4186046511627907,0.7093023255813954,0.4402040694314355,Mixed,87
1.0,0.0,0.9837626393091741,All-positive,86
0.9767441860465116,0.011627906976744186,0.9889079082505992,Mixed,86
0.4074074074074074,0.7037037037037037,0.39467213114754096,Mixed,86
0.6111111111111112,0.19444444444444445,0.7542662116040956,Mixed,86
0.5662650602409639,0.21686746987951808,0.7902981303688732,Mixed,86
0.9130434782608695,0.043478260869565216,0.9628512462295602,Mixed,86
1.0,0.0,0.9984080959690715,All-positive,86
0.12195121951219512,0.43902439024390244,0.6583946520463617,Mixed,86
0.35,0.325,0.675451338451961,Mixed,86
0.7777777777777778,0.1111111111111111,0.7936332350049164,Mixed,86
0.8072289156626506,0.0963855421686747,0.891314165286768,Mixed,86
0.2537313432835821,0.373134328358209,0.8806630348745169,Mixed,86
0.9436619718309859,0.028169014084507043,0.9698583863843055,Mixed,86
0.725,0.1375,0.8430440719515735,Mixed,86
1.0,0.0,0.8429156675734669,All-positive,86
0.49295774647887325,0.2535211267605634,0.8431345144921304,Mixed,86
1.0,0.0,0.998976327575176,All-positive,86
0.8024691358024691,0.09876543209876543,0.858368684920941,Mixed,86
1.0,0.0,0.9942028985507246,All-positive,85
0.3230769230769231,0.3384615384615385,0.5506493506493506,Mixed,85
0.925,0.0375,0.9510667903525046,Mixed,85
0.6129032258064516,0.1935483870967742,0.8917333756043433,Mixed,85
1.0,0.0,0.9916041979010495,All-positive,85
0.37349397590361444,0.3132530120481928,0.7944329778695104,Mixed,85
0.9,0.05,0.7938200475821939,Mixed,85
0.6883116883116883,0.15584415584415584,0.794067067927773,Mixed,85
0.07142857142857142,0.5357142857142857,0.28854032541261854,Mixed,85
0.09523809523809523,0.5476190476190477,0.5246599910327305,Mixed,85
1.0,0.0,0.9984080959690715,All-positive,85
0.9310344827586207,0.034482758620689655,0.9697876973326075,Mixed,85
0.9493670886075949,0.02531645569620253,0.8795248078266946,Mixed,85
1.0,0.0,0.9973253092611167,All-positive,85
0.3150684931506849,0.3424657534246575,0.8432063990367041,Mixed,85
0.21951219512195122,0.3902439024390244,0.8432664910488683,Mixed,85
0.7666666666666667,0.11666666666666667,0.8412073490813649,Mixed,85
0.8709677419354839,0.06451612903225806,0.8923395445134575,Mixed,85
0.7619047619047619,0.11904761904761904,0.7823423423423423,Mixed,85
0.6486486486486487,0.17567567567567569,0.9281109591717133,Mixed,85
0.8271604938271605,0.08641975308641975,0.9917464996315402,Mixed,85
0.7014925373134329,0.14925373134328357,0.858464652305913,Mixed,85
0.2619047619047619,0.6309523809523809,0.46013597033374537,Mixed,85
1.0,0.0,0.9843640606767795,All-positive,85
0.5135135135135135,0.24324324324324326,0.9230702814712485,Mixed,85
0.9574468085106383,0.02127659574468085,0.9641025641025641,Mixed,84
1.0,0.0,0.9442718569707729,All-positive,84
0.9487179487179487,0.02564102564102564,0.9939149471651928,Mixed,84
0.17333333333333334,0.41333333333333333,0.5281686537379112,Mixed,84
1.0,0.0,0.9742222222222222,All-positive,84
0.5952380952380952,0.20238095238095238,0.7792760686559689,Mixed,84
0.9753086419753086,0.012345679012345678,0.9832072166101316,Mixed,84
1.0,0.0,0.9589351458510337,All-positive,84
0.8461538461538461,0.07692307692307693,0.8352537455012137,Mixed,84
0.9473684210526315,0.02631578947368421,0.9706643658326143,Mixed,84
0.42168674698795183,0.7108433734939759,0.4135756157729429,Mixed,84
1.0,0.0,0.9809177442528736,All-positive,84
1.0,0.0,0.9696268046853719,All-positive,84
0.7611940298507462,0.11940298507462686,0.9814814814814815,Mixed,84
0.5180722891566265,0.24096385542168675,0.6765024536358422,Mixed,84
0.7454545454545455,0.12727272727272726,0.970838280693422,Mixed,84
0.5,0.75,0.29972696935989485,Mixed,84
0.4909090909090909,0.2545454545454545,0.8696082066493634,Mixed,84
0.6,0.2,0.8954868488533958,Mixed,84
0.6578947368421053,0.17105263157894737,0.9144086021505377,Mixed,84
0.375,0.3125,0.7833623188405797,Mixed,84
0.9523809523809523,0.023809523809523808,0.9818843878015475,Mixed,84
0.7837837837837838,0.10810810810810811,0.8698949824970829,Mixed,84
1.0,0.0,0.9994000171423674,All-positive,83
0.7804878048780488,0.10975609756097561,0.8648648648648649,Mixed,83
0.3493975903614458,0.3253012048192771,0.6280334536812759,Mixed,83
0.9512195121951219,0.024390243902439025,0.9490980973560662,Mixed,83
1.0,0.0,0.9804404520428861,All-positive,83
1.0,0.0,0.9935578970355408,All-positive,83
1.0,0.0,0.9935569590302678,All-positive,83
1.0,0.0,0.9387899440622388,All-positive,83
1.0,0.0,0.9733187277493056,All-positive,83
1.0,0.0,0.9984080959690715,All-positive,83
1.0,0.0,0.9950211413845731,All-positive,83
0.26153846153846155,0.36923076923076925,0.8806275897388146,Mixed,83
0.9259259259259259,0.037037037037037035,0.87956017332153,Mixed,83
0.84,0.08,0.9331288343558283,Mixed,83
0.7804878048780488,0.10975609756097561,0.715262932877298,Mixed,83
1.0,0.0,0.9979810049650796,All-positive,83
0.6986301369863014,0.1506849315068493,0.8703514656555345,Mixed,83
1.0,0.0,0.9971406290616065,All-positive,82
0.6944444444444444,0.1527777777777778,0.8905405405405405,Mixed,82
0.7297297297297297,0.13513513513513514,0.6274097761534947,Mixed,82
0.48148148148148145,0.7407407407407407,0.6295754695425673,Mixed,82
0.6712328767123288,0.1643835616438356,0.7610115325830207,Mixed,82
0.9753086419753086,0.012345679012345678,0.9521178637200737,Mixed,82
0.3103448275862069,0.3448275862068966,1.0,Mixed,82
0.9746835443037974,0.012658227848101266,0.6296907884086126,Mixed,82
0.8378378378378378,0.08108108108108109,0.8712273641851107,Mixed,82
0.9393939393939394,0.030303030303030304,0.9697712418300654,Mixed,82
1.0,0.0,0.9844757614363204,All-positive,82
1.0,0.0,0.9959415584415584,All-positive,82
1.0,0.0,0.9996589186457807,All-positive,82
1.0,0.0,0.9981769806858495,All-positive,82
0.125,0.5625,0.6052302302302303,Mixed,82
0.9487179487179487,0.02564102564102564,0.9910135533294049,Mixed,82
0.6875,0.15625,0.9703900121533532,Mixed,82
0.6428571428571429,0.17857142857142858,0.9704161607241417,Mixed,82
1.0,0.0,0.9803945298317802,All-positive,82
0.625,0.1875,0.8148805638950528,Mixed,82
0.5443037974683544,0.22784810126582278,0.5593635250917993,Mixed,81
0.5789473684210527,0.21052631578947367,0.898283938186753,Mixed,81
0.4,0.3,0.8919797115232208,Mixed,81
1.0,0.0,0.9935575453155711,All-positive,81
0.6052631578947368,0.19736842105263158,0.7944969905417025,Mixed,81
0.24444444444444444,0.6222222222222222,0.984850672792911,Mixed,81
0.7530864197530864,0.12345679012345678,0.8798863159856497,Mixed,81
0.9493670886075949,0.02531645569620253,0.8795248078266946,Mixed,81
0.7297297297297297,0.13513513513513514,0.9499714355668,Mixed,81
0.34782608695652173,0.32608695652173914,0.7354744731339427,Mixed,81
1.0,0.0,0.984542503397252,All-positive,81
0.9746835443037974,0.012658227848101266,0.9914781297134239,Mixed,81
0.2727272727272727,0.36363636363636365,0.9267189785875781,Mixed,80
0.25,0.375,0.5599530779823533,Mixed,80
0.9736842105263158,0.013157894736842105,0.9838447919740336,Mixed,80
1.0,0.0,0.9888797645931705,All-positive,80
1.0,0.0,0.9869613611066942,All-positive,80
1.0,0.0,0.9927738827476451,All-positive,80
1.0,0.0,0.9804078078513896,All-positive,80
0.6521739130434783,0.17391304347826086,0.7941142758897358,Mixed,80
0.972972972972973,0.013513513513513514,0.9935762119668073,Mixed,80
1.0,0.0,1.0,All-positive,80
0.922077922077922,0.03896103896103896,0.8795826151767829,Mixed,80
0.5737704918032787,0.21311475409836064,0.8801377833635898,Mixed,80
0.9523809523809523,0.023809523809523808,0.9705714828175432,Mixed,80
0.06329113924050633,0.46835443037974683,0.39842540010325245,Mixed,80
1.0,0.0,0.9877843302443134,All-positive,80
0.9565217391304348,0.021739130434782608,0.9959876831202762,Mixed,80
1.0,0.0,0.9680840369923602,All-positive,80
1.0,0.0,0.9222797927461139,All-positive,80
0.7297297297297297,0.13513513513513514,0.957753240518483,Mixed,79
1.0,0.0,0.9801571177028309,All-positive,79
0.9240506329113924,0.0379746835443038,0.9404761904761905,Mixed,79
1.0,0.0,0.988876339117637,All-positive,79
1.0,0.0,0.9888809059495707,All-positive,79
1.0,0.0,0.9877858155512741,All-positive,79
0.2564102564102564,0.3717948717948718,0.6301500704213951,Mixed,79
0.2631578947368421,0.3684210526315789,0.9297664059667479,Mixed,79
0.6417910447761194,0.1791044776119403,0.7941260744985673,Mixed,79
1.0,0.0,0.9935580142669966,All-positive,79
1.0,0.0,0.9733218588640276,All-positive,79
0.6623376623376623,0.16883116883116883,0.8800484464526949,Mixed,79
0.3333333333333333,0.3333333333333333,0.6767441860465117,Mixed,79
0.375,0.3125,0.9710408415037984,Mixed,79
0.2753623188405797,0.36231884057971014,0.8432131415424972,Mixed,79
1.0,0.0,0.9768850072780204,All-positive,79
0.41025641025641024,0.2948717948717949,0.6043456501793311,Mixed,79
1.0,0.0,1.0,All-positive,79
0.012658227848101266,0.5063291139240507,0.46493192133131617,Mixed,79
0.8933333333333333,0.05333333333333334,0.9467680608365019,Mixed,79
0.6363636363636364,0.18181818181818182,0.7158119658119658,Mixed,79
0.5584415584415584,0.22077922077922077,0.8149472694998434,Mixed,79
1.0,0.0,0.9442930477216553,All-positive,78
0.868421052631579,0.06578947368421052,0.980249334640706,Mixed,78
0.36363636363636365,0.3181818181818182,0.499302649930265,Mixed,78
0.7377049180327869,0.13114754098360656,0.8440953221535746,Mixed,78
0.5714285714285714,0.21428571428571427,0.7941943433532969,Mixed,78
1.0,0.0,0.9984084126758562,All-positive,78
0.974025974025974,0.012987012987012988,0.9984367894497499,Mixed,78
0.9743589743589743,0.01282051282051282,0.9844895064484779,Mixed,78
1.0,0.0,0.9959448499594485,All-positive,78
1.0,0.0,0.9996589272630808,All-positive,78
0.9655172413793104,0.017241379310344827,0.9698189134808853,Mixed,78
0.9,0.05,0.842991819579262,Mixed,78
0.8840579710144928,0.057971014492753624,0.8306785714285714,Mixed,78
0.0,0.5,0.46523121135591744,Mixed,78
1.0,0.0,0.8949930458970793,All-positive,78
0.07692307692307693,0.46153846153846156,0.7836491106089577,Mixed,78
0.7272727272727273,0.13636363636363635,0.9940368474570429,Mixed,77
1.0,0.0,0.987786703500418,All-positive,77
0.8904109589041096,0.0547945205479452,0.9959514170040485,Mixed,77
0.8208955223880597,0.08955223880597014,0.9293596518495493,Mixed,77
0.8387096774193549,0.08064516129032258,0.9699836645793629,Mixed,77
0.1111111111111111,0.5555555555555556,0.9848751411390909,Mixed,77
1.0,0.0,0.9985515460671327,All-positive,77
1.0,0.0,0.998551637279597,All-positive,77
1.0,0.0,0.9996589358799455,All-positive,77
0.9444444444444444,0.027777777777777776,0.9698564282466056,Mixed,77
0.9142857142857143,0.04285714285714286,0.969925300422215,Mixed,77
0.9574468085106383,0.02127659574468085,0.9705644969852347,Mixed,77
0.07894736842105263,0.4605263157894737,0.4875051069045349,Mixed,77
1.0,0.0,0.9777430332015083,All-positive,77
1.0,0.0,0.9989767858284837,All-positive,77
0.17333333333333334,0.5866666666666667,0.45949699120506093,Mixed,77
1.0,0.0,0.9697929082240763,All-positive,77
1.0,0.0,0.932810578105781,All-positive,77
1.0,0.0,0.9845433785645535,All-positive,77
0.7142857142857143,0.14285714285714285,0.7155555555555555,Mixed,77
0.974025974025974,0.012987012987012988,0.9681391024674607,Mixed,77
1.0,0.0,0.9782442330818848,All-positive,76
1.0,0.0,0.9630541871921182,All-positive,76
1.0,0.0,0.8764243695750545,All-positive,76
0.14666666666666667,0.4266666666666667,0.6911481965700224,Mixed,76
1.0,0.0,0.9971413721413721,All-positive,76
0.18840579710144928,0.4057971014492754,0.5509032686846717,Mixed,76
0.7391304347826086,0.13043478260869565,0.9030435574995443,Mixed,76
1.0,0.0,0.9950218886804253,All-positive,76
0.8133333333333334,0.09333333333333334,0.9578853930367887,Mixed,76
0.9726027397260274,0.0136986301369863,0.9947916666666666,Mixed,76
1.0,0.0,0.977407732008959,All-positive,76
0.7777777777777778,0.1111111111111111,0.7351482238991937,Mixed,76
1.0,0.0,0.9601029601029601,All-positive,76
1.0,0.0,0.9991723567142562,All-positive,76
1.0,0.0,0.9994002227743981,All-positive,75
0.2676056338028169,0.36619718309859156,0.5280094132091881,Mixed,75
0.4782608695652174,0.2608695652173913,0.7942862055132099,Mixed,75
0.9,0.05,0.691358024691358,Mixed,75
0.9733333333333334,0.013333333333333334,0.9984368783038708,Mixed,75
0.0,0.5,0.6578947368421053,Mixed,75
0.8857142857142857,0.05714285714285714,0.7932981465570148,Mixed,75
0.9178082191780822,0.958904109589041,0.5093180707754589,Mixed,75
1.0,0.0,0.9745349191826777,All-positive,75
1.0,0.0,0.9973288814691152,All-positive,75
0.9344262295081968,0.03278688524590164,0.9698779537782394,Mixed,75
0.7419354838709677,0.12903225806451613,0.843042192958882,Mixed,75
0.6533333333333333,0.17333333333333334,0.8984285628273827,Mixed,75
1.0,0.0,0.9093261057040779,All-positive,75
0.8591549295774648,0.07042253521126761,0.9817337924839048,Mixed,75
1.0,0.0,0.954864593781344,All-positive,75
1.0,0.0,0.9819470594750249,All-positive,75
0.9726027397260274,0.0136986301369863,0.990872957456205,Mixed,75
0.9696969696969697,0.015151515151515152,0.9693888827494751,Mixed,75
1.0,0.0,0.9681783374457585,All-positive,75
0.7241379310344828,0.13793103448275862,0.9425152510558423,Mixed,75
1.0,0.0,0.9798302007164941,All-positive,74
0.8909090909090909,0.05454545454545454,0.7695473251028807,Mixed,74
0.2222222222222222,0.6111111111111112,0.3915884034299714,Mixed,74
1.0,0.0,0.9652351738241309,All-positive,74
0.9722222222222222,0.013888888888888888,0.9952380952380953,Mixed,74
0.1875,0.40625,0.8358758401427894,Mixed,74
1.0,0.0,1.0,All-positive,74
0.8769230769230769,0.06153846153846154,0.9811049773349491,Mixed,74
1.0,0.0,0.9023921043827366,All-positive,74
1.0,0.0,0.9024818250188017,All-positive,74
1.0,0.0,0.9959514170040485,All-positive,74
0.9710144927536232,0.014492753623188406,0.9697973499610288,Mixed,74
1.0,0.0,0.9877920437802568,All-positive,74
0.13513513513513514,0.5675675675675675,0.4592718296821969,Mixed,74
1.0,0.0,0.9073258280306739,All-positive,74
0.25925925925925924,0.37037037037037035,0.7647058823529411,Mixed,74
1.0,0.0,0.9979814208325609,All-positive,74
1.0,0.0,0.9971418178038768,All-positive,73
1.0,0.0,1.0,All-positive,73
0.2682926829268293,0.36585365853658536,0.8923613865312922,Mixed,73
0.2222222222222222,0.3888888888888889,0.5280875882533511,Mixed,73
0.8823529411764706,0.058823529411764705,0.8711297071129707,Mixed,73
1.0,0.0,0.6297105672105672,All-positive,73
1.0,0.0,0.9574468085106383,All-positive,73
0.8769230769230769,0.06153846153846154,0.8706666666666667,Mixed,73
0.2982456140350877,0.3508771929824561,0.9047619047619048,Mixed,73
1.0,0.0,0.8591423466349017,All-positive,73
0.88,0.06,0.9698721436343852,Mixed,73
0.9661016949152542,0.01694915254237288,0.9842536472451497,Mixed,73
0.7714285714285715,0.11428571428571428,0.8798547080189997,Mixed,73
0.6438356164383562,0.1780821917808219,0.6763825178389399,Mixed,73
1.0,0.0,0.9674229203025014,All-positive,73
0.7878787878787878,0.10606060606060606,0.7780200258397932,Mixed,73
0.863013698630137,0.0684931506849315,0.9914617989106433,Mixed,73
1.0,0.0,0.9910062893081761,All-positive,73
1.0,0.0,0.9873731679819616,All-positive,73
0.043478260869565216,0.5217391304347826,0.783909111987016,Mixed,73
0.9452054794520548,0.0273972602739726,0.9067282503791535,Mixed,73
0.4666666666666667,0.26666666666666666,0.9770790235829541,Mixed,73
1.0,0.0,0.979834159265983,All-positive,72
0.6056338028169014,0.19718309859154928,1.0,Mixed,72
0.48484848484848486,0.25757575757575757,0.6202026864955625,Mixed,72
0.8529411764705882,0.07352941176470588,0.9577205882352942,Mixed,72
0.16666666666666666,0.5833333333333334,0.2843982960596379,Mixed,72
1.0,0.0,0.9804347826086957,All-positive,72
0.64,0.18,0.8203062046736502,Mixed,72
1.0,0.0,0.9745075318655851,All-positive,72
0.75,0.125,0.7090602138435566,Mixed,72
1.0,0.0,0.991807755324959,All-positive,72
1.0,0.0,0.998408638817846,All-positive,72
0.92,0.04,0.969804134929271,Mixed,72
0.4909090909090909,0.2545454545454545,0.8802177858439202,Mixed,72
1.0,0.0,0.9973297730307076,All-positive,72
1.0,0.0,0.9705296127562643,All-positive,72
1.0,0.0,0.9989771129011635,All-positive,72
1.0,0.0,0.9773813005752169,All-positive,72
1.0,0.0,0.9913666268772728,All-positive,72
0.14285714285714285,0.42857142857142855,0.9231764097258148,Mixed,72
0.22388059701492538,0.6119402985074627,0.6289446042836918,Mixed,71
0.014492753623188406,0.4927536231884058,0.6285910025119891,Mixed,71
0.6428571428571429,0.17857142857142858,0.8057644110275689,Mixed,71
0.6060606060606061,0.803030303030303,0.8742401215805471,Mixed,71
0.2571428571428571,0.37142857142857144,0.6861477403661503,Mixed,71
1.0,0.0,0.9969856819894499,All-positive,71
0.9298245614035088,0.03508771929824561,0.9887491166077739,Mixed,71
0.323943661971831,0.3380281690140845,0.6840731070496083,Mixed,71
0.9701492537313433,0.014925373134328358,0.9809686251627093,Mixed,71
1.0,0.0,0.9844778001024308,All-positive,71
1.0,0.0,0.9981779681883094,All-positive,71
0.3103448275862069,0.3448275862068966,0.8431779337625902,Mixed,71
1.0,0.0,0.8429747624575433,All-positive,71
1.0,0.0,0.9468800561414452,All-positive,71
0.6721311475409836,0.16393442622950818,0.7352637021716649,Mixed,71
0.96875,0.015625,0.96875,Mixed,71
1.0,0.0,0.9910068549147852,All-positive,71
1.0,0.0,0.9715909090909091,All-positive,71
0.8260869565217391,0.08695652173913043,0.9769590982553562,Mixed,71
0.5588235294117647,0.22058823529411764,0.6043223052294557,Mixed,70
0.31343283582089554,0.34328358208955223,0.5668379476953754,Mixed,70
0.4782608695652174,0.2608695652173913,0.6201985067018502,Mixed,70
0.21212121212121213,0.6060606060606061,0.783715865304071,Mixed,70
0.9629629629629629,0.018518518518518517,0.9805157178038534,Mixed,70
0.8285714285714286,0.08571428571428572,0.9039094485028498,Mixed,70
0.5652173913043478,0.21739130434782608,0.5242124883504193,Mixed,70
0.30158730158730157,0.3492063492063492,0.6580338266384778,Mixed,70
0.5652173913043478,0.21739130434782608,0.7946735395189003,Mixed,70
1.0,0.0,0.9926634768740031,All-positive,70
1.0,0.0,0.984478003939593,All-positive,70
0.8636363636363636,0.06818181818181818,0.9706636285958417,Mixed,70
1.0,0.0,0.9705156205488558,All-positive,70
0.19298245614035087,0.40350877192982454,0.8116220735785953,Mixed,70
0.9710144927536232,0.014492753623188406,0.9863498098859316,Mixed,70
0.42857142857142855,0.2857142857142857,0.7832078749276201,Mixed,70
1.0,0.0,0.9991728701406121,All-positive,70
0.8688524590163934,0.06557377049180328,0.9069431051108968,Mixed,70
0.9333333333333333,0.03333333333333333,0.9444655521783182,Mixed,69
0.9622641509433962,0.018867924528301886,0.9444268624596494,Mixed,69
0.4375,0.28125,0.9454649100582722,Mixed,69
0.5294117647058824,0.23529411764705882,0.6277858969674827,Mixed,69
0.029411764705882353,0.4852941176470588,0.6285622944830106,Mixed,69
0.09375,0.453125,0.6961690885072656,Mixed,69
0.3333333333333333,0.6666666666666666,0.9494787489975942,Mixed,69
0.07936507936507936,0.4603174603174603,0.5019451304083082,Mixed,69
0.9655172413793104,0.017241379310344827,0.8210414452709883,Mixed,69
0.9354838709677419,0.03225806451612903,0.9039408866995073,Mixed,69
0.6875,0.15625,0.8430603184158757,Mixed,69
0.2903225806451613,0.3548387096774194,0.8431926901370599,Mixed,69
0.5588235294117647,0.22058823529411764,0.6041770885442721,Mixed,69
0.90625,0.046875,0.781867145421903,Mixed,69
0.4117647058823529,0.7058823529411765,0.48808713410483323,Mixed,69
1.0,0.0,0.9845442536327609,All-positive,69
1.0,0.0,0.9932906068495895,All-positive,68
0.9696969696969697,0.015151515151515152,0.9730700179533214,Mixed,68
0.9705882352941176,0.014705882352941176,0.9984371892137641,Mixed,68
0.582089552238806,0.7910447761194029,0.41361862262735677,Mixed,68
1.0,0.0,0.9981781476192821,All-positive,68
1.0,0.0,0.9705198196059814,All-positive,68
1.0,0.0,0.9705338078291815,All-positive,68
0.8222222222222222,0.08888888888888889,0.9707097080465227,Mixed,68
0.9512195121951219,0.024390243902439025,0.9705728795861218,Mixed,68
0.058823529411764705,0.47058823529411764,0.2990600680524206,Mixed,68
1.0,0.0,0.9225042301184433,All-positive,68
0.8709677419354839,0.06451612903225806,0.9265250438511011,Mixed,68
0.04477611940298507,0.5223880597014925,0.46501783878575315,Mixed,68
0.2727272727272727,0.36363636363636365,0.6971783674840444,Mixed,68
1.0,0.0,0.9693021201413428,All-positive,68
1.0,0.0,0.9821246169560777,All-positive,68
0.8823529411764706,0.058823529411764705,0.7151763600649074,Mixed,68
0.9298245614035088,0.03508771929824561,0.9302325581395349,Mixed,68
0.9682539682539683,0.015873015873015872,0.9443916650832859,Mixed,67
0.8235294117647058,0.08823529411764706,0.8389045303301766,Mixed,67
0.5217391304347826,0.2391304347826087,0.8060992262175695,Mixed,67
0.6078431372549019,0.19607843137254902,0.9665841584158416,Mixed,67
0.5076923076923077,0.24615384615384617,0.8443557783976554,Mixed,67
1.0,0.0,0.9818511796733213,All-positive,67
1.0,0.0,0.8663294797687862,All-positive,67
1.0,0.0,1.0,All-positive,67
0.9104477611940298,0.04477611940298507,0.9797349961028838,Mixed,67
1.0,0.0,0.9845458576671604,All-positive,67
1.0,0.0,0.987407240836519,All-positive,67
0.875,0.0625,0.9879081015719468,Mixed,67
0.8688524590163934,0.06557377049180328,0.9287125582865724,Mixed,67
1.0,0.0,0.9990314769975787,All-positive,66
0.3584905660377358,0.32075471698113206,0.7614640692240063,Mixed,66
1.0,0.0,0.9625238484600709,All-positive,66
0.967741935483871,0.016129032258064516,0.9832131611797366,Mixed,66
0.7241379310344828,0.13793103448275862,0.8354013886177954,Mixed,66
0.43859649122807015,0.2807017543859649,0.835629043051528,Mixed,66
0.3114754098360656,0.3442622950819672,0.835750139431121,Mixed,66
0.9666666666666667,0.016666666666666666,0.9935778481242951,Mixed,66
1.0,0.0,0.9844792268501497,All-positive,66
0.2727272727272727,0.6363636363636364,0.8806657059179025,Mixed,66
1.0,0.0,0.9996589789577387,All-positive,66
1.0,0.0,0.7040907733651837,All-positive,66
0.18181818181818182,0.4090909090909091,0.5547931382441977,Mixed,66
0.8888888888888888,0.05555555555555555,0.9810019224245166,Mixed,66
0.9534883720930233,0.023255813953488372,0.9705700859163621,Mixed,66
1.0,0.0,0.9093409977417368,All-positive,66
0.6,0.2,0.4648135652249625,Mixed,66
1.0,0.0,0.90057925223802,All-positive,66
1.0,0.0,0.9698041551865366,All-positive,66
0.21212121212121213,0.3939393939393939,0.6894265481810609,Mixed,66
0.9692307692307692,0.015384615384615385,0.9823934677213575,Mixed,66
0.015384615384615385,0.49230769230769234,0.4220555138784696,Mixed,66
0.4375,0.71875,0.628099173553719,Mixed,66
1.0,0.0,0.978789639714428,All-positive,66
0.875,0.0625,0.9942836468885673,Mixed,65
0.3617021276595745,0.6808510638297872,0.808467053601912,Mixed,65
0.6428571428571429,0.17857142857142858,0.9266443167305236,Mixed,65
0.038461538461538464,0.5192307692307693,0.7948303715670436,Mixed,65
1.0,0.0,0.9951749095295537,All-positive,65
0.6842105263157895,0.15789473684210525,0.9380578364869689,Mixed,65
0.7,0.15,0.8441361293511261,Mixed,65
1.0,0.0,0.7938649252448874,All-positive,65
0.96,0.02,0.9887230795319654,Mixed,65
1.0,0.0,0.9984090909090909,All-positive,65
0.9076923076923077,0.046153846153846156,0.859672619047619,Mixed,65
0.4375,0.71875,0.41355199593185865,Mixed,65
0.9545454545454546,0.022727272727272728,0.96974847042828,Mixed,65
1.0,0.0,0.9844790230451054,All-positive,65
1.0,0.0,0.998178416699488,All-positive,65
1.0,0.0,0.998977570451786,All-positive,65
0.9384615384615385,0.03076923076923077,0.9465267828257152,Mixed,65
1.0,0.0,0.9823321554770318,All-positive,65
1.0,0.0,0.9774165287647231,All-positive,65
1.0,0.0,0.9698052794221677,All-positive,65
0.8857142857142857,0.05714285714285714,0.9845676392072521,Mixed,65
1.0,0.0,0.9863143888994488,All-positive,65
1.0,0.0,0.9420002205314809,All-positive,65
0.8412698412698413,0.07936507936507936,0.9181056590870235,Mixed,65
1.0,0.0,0.9415767245424683,All-positive,65
0.6721311475409836,0.16393442622950818,0.5,Mixed,64
0.16129032258064516,0.41935483870967744,0.7617813165447643,Mixed,64
1.0,0.0,0.9993550170459781,All-positive,64
0.5272727272727272,0.23636363636363636,0.8355545642112306,Mixed,64
0.9591836734693877,0.02040816326530612,0.9809839888774274,Mixed,64
1.0,0.0,0.9696866716509209,All-positive,64
0.9672131147540983,0.01639344262295082,0.9676258992805755,Mixed,64
0.78125,0.109375,0.9264156948985792,Mixed,64
0.9615384615384616,0.019230769230769232,0.9769255390345389,Mixed,64
0.76,0.12,0.9605263157894737,Mixed,64
0.9130434782608695,0.043478260869565216,0.9263648727414028,Mixed,64
0.03225806451612903,0.4838709677419355,0.4648772820698827,Mixed,64
0.8125,0.09375,0.9074475777295734,Mixed,64
0.9344262295081968,0.03278688524590164,0.9910360029390154,Mixed,64
0.9285714285714286,0.03571428571428571,0.9695330610442654,Mixed,64
1.0,0.0,0.9774844720496895,All-positive,64
1.0,0.0,0.9845448369565217,All-positive,64
1.0,0.0,0.9326334208223972,All-positive,64
0.9322033898305084,0.03389830508474576,0.9444690685746849,Mixed,63
0.9047619047619048,0.047619047619047616,0.8333333333333334,Mixed,63
0.8688524590163934,0.06557377049180328,0.9513984410820725,Mixed,63
0.9047619047619048,0.047619047619047616,0.9508949059201468,Mixed,63
1.0,0.0,0.9795975405254332,All-positive,63
1.0,0.0,0.9927791627267257,All-positive,63
0.8983050847457628,0.05084745762711865,0.9933307926829268,Mixed,63
0.23809523809523808,0.38095238095238093,0.7795001155357005,Mixed,63
0.967741935483871,0.016129032258064516,0.9935776144385416,Mixed,63
1.0,0.0,0.9822617104106492,All-positive,63
0.5087719298245614,0.24561403508771928,0.8779840848806366,Mixed,63
0.9245283018867925,0.03773584905660377,0.9810254339927331,Mixed,63
1.0,0.0,0.9619925602458353,All-positive,63
0.7916666666666666,0.10416666666666667,0.8430335665688582,Mixed,63
1.0,0.0,0.9705380017079419,All-positive,63
0.9183673469387755,0.04081632653061224,0.9991062879029684,Mixed,63
0.7931034482758621,0.10344827586206896,0.9721900347624566,Mixed,63
1.0,0.0,0.9763421292083713,All-positive,63
0.7551020408163265,0.12244897959183673,0.8308708065667381,Mixed,63
1.0,0.0,0.9253329555114763,All-positive,63
1.0,0.0,0.9845449827805821,All-positive,63
1.0,0.0,0.9845454202362531,All-positive,63
1.0,0.0,0.9234863606121091,All-positive,63
1.0,0.0,0.9443565233905172,All-positive,62
0.9310344827586207,0.034482758620689655,0.9444725845257693,Mixed,62
0.8378378378378378,0.08108108108108109,0.8731223836493475,Mixed,62
0.2727272727272727,0.36363636363636365,0.7047793599323277,Mixed,62
0.6610169491525424,0.1694915254237288,0.5661071510692113,Mixed,62
0.9016393442622951,0.04918032786885246,0.9871012261797335,Mixed,62
0.2459016393442623,0.3770491803278688,0.8358059118795315,Mixed,62
0.8,0.1,0.8353544646092944,Mixed,62
1.0,0.0,0.9935601237038385,All-positive,62
1.0,0.0,0.9810085134250164,All-positive,62
0.7297297297297297,0.13513513513513514,0.6549413735343383,Mixed,62
1.0,0.0,0.9959709911361805,All-positive,62
0.9,0.05,0.8797433035714286,Mixed,62
1.0,0.0,0.9985522298807163,All-positive,62
1.0,0.0,0.9766081871345029,All-positive,62
0.9591836734693877,0.02040816326530612,0.9769275530986326,Mixed,62
0.9344262295081968,0.03278688524590164,0.8978523732178307,Mixed,62
0.5333333333333333,0.23333333333333334,0.9824220210935747,Mixed,62
1.0,0.0,0.9850474843402708,All-positive,62
1.0,0.0,0.9907407407407407,All-positive,62
0.5357142857142857,0.23214285714285715,0.7353653091438912,Mixed,62
1.0,0.0,0.9910091166299906,All-positive,62
1.0,0.0,0.9946248118684154,All-positive,62
1.0,0.0,0.9845458576671604,All-positive,62
1.0,0.0,0.9845449827805821,All-positive,62
1.0,0.0,0.932616577072134,All-positive,62
1.0,0.0,0.9821610601427115,All-positive,62
1.0,0.0,0.7380952380952381,All-positive,62
1.0,0.0,0.9681128854072512,All-positive,62
0.7894736842105263,0.10526315789473684,0.9071064591654042,Mixed,62
0.7241379310344828,0.13793103448275862,0.9940204373524496,Mixed,61
0.9672131147540983,0.01639344262295082,0.9798921039725356,Mixed,61
1.0,0.0,0.9994009926407668,All-positive,61
1.0,0.0,0.8980575082670872,All-positive,61
1.0,0.0,0.9837997054491899,All-positive,61
0.08196721311475409,0.45901639344262296,0.6205893815391073,Mixed,61
0.18032786885245902,0.4098360655737705,0.50189432379406,Mixed,61
0.27586206896551724,0.3620689655172414,0.7944369646795956,Mixed,61
1.0,0.0,0.9499680647221631,All-positive,61
0.6744186046511628,0.16279069767441862,0.8228813559322034,Mixed,61
0.17857142857142858,0.5892857142857143,0.5073201338538762,Mixed,61
0.813953488372093,0.9069767441860465,0.5081841610364283,Mixed,61
0.6086956521739131,0.1956521739130435,0.843079932502875,Mixed,61
1.0,0.0,0.9768998021645525,All-positive,61
0.9285714285714286,0.03571428571428571,0.9769519541367169,Mixed,61
0.8275862068965517,0.08620689655172414,0.7824605451936872,Mixed,61
0.8666666666666667,0.06666666666666667,0.9009682172174279,Mixed,61
0.9649122807017544,0.017543859649122806,0.991041961338991,Mixed,61
1.0,0.0,0.9804087555931793,All-positive,61
0.9666666666666667,0.016666666666666666,0.9328719723183391,Mixed,61
1.0,0.0,0.9863164696491695,All-positive,61
1.0,0.0,0.9787413237301426,All-positive,61
0.8688524590163934,0.06557377049180328,0.9712835157861336,Mixed,61
1.0,0.0,0.9991745769706974,All-positive,61
1.0,0.0,0.9787931606905711,All-positive,61
0.9272727272727272,0.03636363636363636,0.9285883561102772,Mixed,61
1.0,0.0,0.8728515985954537,All-positive,60
0.4827586206896552,0.25862068965517243,0.9349691146190803,Mixed,60
0.25925925925925924,0.37037037037037035,0.6282062984938385,Mixed,60
1.0,0.0,0.9521182869838352,All-positive,60
1.0,0.0,0.9521256223669092,All-positive,60
1.0,0.0,0.5015220700152208,All-positive,60
1.0,0.0,0.9804503656505684,All-positive,60
0.2830188679245283,0.3584905660377358,0.8157361092334731,Mixed,60
0.2,0.6,0.4134546933794366,Mixed,60
0.8305084745762712,0.0847457627118644,0.9029158659871335,Mixed,60
0.3584905660377358,0.32075471698113206,0.8803685263598716,Mixed,60
0.7454545454545455,0.12727272727272726,0.8430432539341302,Mixed,60
0.8333333333333334,0.08333333333333333,0.8430323156118688,Mixed,60
0.5333333333333333,0.23333333333333334,0.843110064819891,Mixed,60
1.0,0.0,0.9769038338472279,All-positive,60
0.4482758620689655,0.7241379310344828,0.5201140798558991,Mixed,60
0.19230769230769232,0.40384615384615385,0.6046908848525245,Mixed,60
0.9666666666666667,0.016666666666666666,0.9093726906971016,Mixed,60
0.19298245614035087,0.40350877192982454,0.46461594246691246,Mixed,60
0.8571428571428571,0.07142857142857142,0.9816795034771555,Mixed,60
0.8333333333333334,0.08333333333333333,0.9817488219014138,Mixed,60
1.0,0.0,0.9989780928658109,All-positive,60
0.8571428571428571,0.07142857142857142,0.9776911836337068,Mixed,60
1.0,0.0,0.9845451286018908,All-positive,60
1.0,0.0,0.9821610601427115,All-positive,60
1.0,0.0,0.9681192890852495,All-positive,60
0.95,0.025,0.9444725524917784,Mixed,59
1.0,0.0,1.0,All-positive,59
1.0,0.0,0.9696871058306546,All-positive,59
0.4642857142857143,0.26785714285714285,0.6047441364605544,Mixed,59
1.0,0.0,0.9852655198204936,All-positive,59
1.0,0.0,0.9798531163159984,All-positive,59
0.3333333333333333,0.3333333333333333,0.6859609849696194,Mixed,59
0.84,0.08,0.9629746835443038,Mixed,59
0.9166666666666666,0.041666666666666664,0.7936099889827396,Mixed,59
0.8867924528301887,0.05660377358490566,0.9698659955105094,Mixed,59
1.0,0.0,0.9697175448126019,All-positive,59
1.0,0.0,0.997341309405118,All-positive,59
0.6491228070175439,0.17543859649122806,0.6764518593988793,Mixed,59
0.9591836734693877,0.02040816326530612,0.9982290436835891,Mixed,59
0.2222222222222222,0.3888888888888889,0.843195425279202,Mixed,59
0.9183673469387755,0.04081632653061224,0.9769566482397439,Mixed,59
0.2857142857142857,0.6428571428571429,0.8277966101694916,Mixed,59
0.9636363636363636,0.01818181818181818,0.9814565574996261,Mixed,59
1.0,0.0,0.9468935141877144,All-positive,59
0.15789473684210525,0.42105263157894735,0.5860284605433377,Mixed,59
0.25,0.625,0.4596923076923077,Mixed,59
0.9661016949152542,0.01694915254237288,0.9946968611150925,Mixed,59
1.0,0.0,0.8965127770718622,All-positive,59
1.0,0.0,0.8950391453866979,All-positive,59
1.0,0.0,0.9821701477330617,All-positive,59
0.9655172413793104,0.017241379310344827,0.9981024667931688,Mixed,59
0.6551724137931034,0.1724137931034483,0.8148563675737731,Mixed,59
1.0,0.0,0.9787958006556289,All-positive,59
0.5172413793103449,0.2413793103448276,0.8710710128055879,Mixed,59
0.68,0.16,0.8703488372093023,Mixed,59
0.5714285714285714,0.21428571428571427,0.7611995557201037,Mixed,58
0.9655172413793104,0.017241379310344827,0.9954238921001927,Mixed,58
0.05454545454545454,0.4727272727272727,0.8693838862559242,Mixed,58
0.35714285714285715,0.32142857142857145,0.6859171143514965,Mixed,58
0.19298245614035087,0.40350877192982454,0.50189419564335,Mixed,58
1.0,0.0,0.9804489500362057,All-positive,58
1.0,0.0,0.976633367780457,All-positive,58
0.19230769230769232,0.40384615384615385,0.7944722898467708,Mixed,58
0.9655172413793104,0.017241379310344827,0.657107172022866,Mixed,58
0.9629629629629629,0.018518518518518517,0.9809797236676835,Mixed,58
1.0,0.0,0.9809365748631919,All-positive,58
1.0,0.0,0.995979091274628,All-positive,58
1.0,0.0,0.9959758551307847,All-positive,58
0.34545454545454546,0.6727272727272727,0.5076333217148833,Mixed,58
0.3793103448275862,0.6896551724137931,0.5198138697087962,Mixed,58
0.034482758620689655,0.5172413793103449,0.6890756302521008,Mixed,58
0.19298245614035087,0.40350877192982454,0.6046918621609234,Mixed,58
1.0,0.0,0.9045960069677074,All-positive,58
1.0,0.0,0.9705449888535788,All-positive,58
1.0,0.0,0.9675599435825106,All-positive,58
1.0,0.0,0.9989780275932549,All-positive,58
0.5714285714285714,0.21428571428571427,0.8752353694358666,Mixed,58
0.88,0.06,0.9445639792431337,Mixed,57
0.47368421052631576,0.2631578947368421,0.8391304347826087,Mixed,57
0.5555555555555556,0.2222222222222222,0.6906289622315288,Mixed,57
1.0,0.0,0.9696945043322621,All-positive,57
1.0,0.0,0.9431818181818182,All-positive,57
1.0,0.0,0.9916405433646813,All-positive,57
0.22448979591836735,0.3877551020408163,0.8445495288844973,Mixed,57
0.68,0.16,0.7941117507231434,Mixed,57
0.17391304347826086,0.41304347826086957,0.7944503307465421,Mixed,57
1.0,0.0,0.8689609530112509,All-positive,57
1.0,0.0,0.9842313546423136,All-positive,57
0.84,0.08,0.9029053264317917,Mixed,57
1.0,0.0,0.9959839357429718,All-positive,57
0.4375,0.28125,0.88011342506508,Mixed,57
0.17647058823529413,0.4117647058823529,0.6947867298578199,Mixed,57
0.5,0.25,0.6765895125600943,Mixed,57
0.6,0.2,0.9771114471847371,Mixed,57
0.9622641509433962,0.018867924528301886,0.8828134556574924,Mixed,57
0.6428571428571429,0.17857142857142858,0.7834349229114378,Mixed,57
0.6875,0.15625,0.9707752158648828,Mixed,57
0.6071428571428571,0.19642857142857142,0.29863613402929784,Mixed,57
1.0,0.0,0.9907949790794979,All-positive,57
0.8888888888888888,0.05555555555555555,0.93308806622212,Mixed,57
1.0,0.0,0.984545566049307,All-positive,57
1.0,0.0,0.9651835489639213,All-positive,57
1.0,0.0,0.9959393232205368,All-positive,57
0.6363636363636364,0.18181818181818182,0.8508510891560529,Mixed,57
1.0,0.0,0.9842229818564291,All-positive,57
1.0,0.0,0.9458555451029581,All-positive,57
1.0,0.0,0.9178488007747964,All-positive,57
1.0,0.0,0.9178488007747964,All-positive,57
0.8928571428571429,0.05357142857142857,0.9768472498343274,Mixed,57
0.39285714285714285,0.30357142857142855,0.6177560397213576,Mixed,56
1.0,0.0,0.9781725888324873,All-positive,56
1.0,0.0,0.9803596127247579,All-positive,56
0.3333333333333333,0.3333333333333333,0.7614729829755736,Mixed,56
0.6785714285714286,0.16071428571428573,0.8056504898610162,Mixed,56
0.75,0.125,0.9032702553738747,Mixed,56
0.2857142857142857,0.35714285714285715,0.6301360995582024,Mixed,56
1.0,0.0,0.9769947832036261,All-positive,56
0.6086956521739131,0.1956521739130435,0.8755760368663594,Mixed,56
0.2222222222222222,0.3888888888888889,0.894455000863707,Mixed,56
0.2857142857142857,0.6428571428571429,0.4134845172115727,Mixed,56
1.0,0.0,0.9959823222177582,All-positive,56
0.3191489361702128,0.3404255319148936,0.746551724137931,Mixed,56
0.6521739130434783,0.17391304347826086,0.8430691845530465,Mixed,56
0.8113207547169812,0.09433962264150944,0.604007832354289,Mixed,56
0.8823529411764706,0.058823529411764705,0.970630100588347,Mixed,56
1.0,0.0,0.90935960591133,All-positive,56
0.2,0.4,0.39835306227483275,Mixed,56
0.4375,0.28125,0.9484181568088033,Mixed,56
1.0,0.0,0.9328157429471904,All-positive,56
1.0,0.0,0.9874185576274994,All-positive,56
1.0,0.0,0.9821792260692465,All-positive,56
1.0,0.0,0.9821928262528619,All-positive,56
1.0,0.0,0.9787444102444973,All-positive,56
1.0,0.0,0.9787444102444973,All-positive,56
1.0,0.0,0.9787444102444973,All-positive,56
0.9636363636363636,0.01818181818181818,0.9914935260463715,Mixed,56
0.21428571428571427,0.6071428571428571,0.44000079666991976,Mixed,56
0.9574468085106383,0.02127659574468085,0.9697425678148766,Mixed,55
1.0,0.0,0.9888862291830524,All-positive,55
0.9636363636363636,0.01818181818181818,0.9501600365797896,Mixed,55
1.0,0.0,0.9990366088631984,All-positive,55
1.0,0.0,0.9509297122135638,All-positive,55
0.2549019607843137,0.37254901960784315,0.76157867949845,Mixed,55
0.3170731707317073,0.34146341463414637,0.5225563909774437,Mixed,55
1.0,0.0,0.9521366212283657,All-positive,55
0.2222222222222222,0.3888888888888889,0.6204591775566479,Mixed,55
0.25925925925925924,0.6296296296296297,0.5021054945798312,Mixed,55
0.9574468085106383,0.02127659574468085,0.9805255918337797,Mixed,55
1.0,0.0,0.9625391636016891,All-positive,55
0.34545454545454546,0.6727272727272727,0.2892784107508034,Mixed,55
1.0,0.0,0.9831998509964611,All-positive,55
1.0,0.0,0.9886944970464373,All-positive,55
0.9245283018867925,0.03773584905660377,0.9811259000654593,Mixed,55
0.37037037037037035,0.6851851851851852,0.4135121393161307,Mixed,55
0.3584905660377358,0.6792452830188679,0.4135068830954227,Mixed,55
0.9512195121951219,0.024390243902439025,0.9697546387548427,Mixed,55
0.10638297872340426,0.5531914893617021,0.507141364174737,Mixed,55
0.8867924528301887,0.05660377358490566,0.9983416252072969,Mixed,55
1.0,0.0,0.9697638203996886,All-positive,55
0.7735849056603774,0.11320754716981132,0.970153127433169,Mixed,55
0.1836734693877551,0.40816326530612246,0.7495682210708118,Mixed,55
0.3333333333333333,0.3333333333333333,0.8431574874242229,Mixed,55
0.7142857142857143,0.14285714285714285,0.8430533760398977,Mixed,55
0.9615384615384616,0.019230769230769232,0.8828170392342741,Mixed,55
0.5319148936170213,0.23404255319148937,0.7468549988964909,Mixed,55
1.0,0.0,0.9705491795504126,All-positive,55
0.8918918918918919,0.05405405405405406,0.9706259194229583,Mixed,55
0.5714285714285714,0.21428571428571427,0.9700671288654121,Mixed,55
0.48717948717948717,0.2564102564102564,0.9340563450511095,Mixed,55
1.0,0.0,0.9979821689624643,All-positive,55
0.95,0.025,0.9939017037330531,Mixed,54
0.28,0.36,0.690906995505359,Mixed,54
0.28,0.36,0.5600142587971686,Mixed,54
1.0,0.0,0.9927822649939853,All-positive,54
0.9245283018867925,0.03773584905660377,0.9966101694915255,Mixed,54
0.18518518518518517,0.4074074074074074,0.6204891499820165,Mixed,54
0.5348837209302325,0.23255813953488372,0.9752800867365378,Mixed,54
0.3333333333333333,0.3333333333333333,0.99424801218068,Mixed,54
0.25,0.375,0.9384205856255545,Mixed,54
0.2765957446808511,0.3617021276595745,0.7852559085928941,Mixed,54
0.8888888888888888,0.05555555555555555,0.8934185524270167,Mixed,54
0.13725490196078433,0.5686274509803921,0.41343281684949096,Mixed,54
1.0,0.0,0.9966358284272497,All-positive,54
1.0,0.0,1.0,All-positive,54
1.0,0.0,0.9959823222177582,All-positive,54
0.9615384615384616,0.019230769230769232,0.8910415258691897,Mixed,54
1.0,0.0,0.9697657821319665,All-positive,54
0.9024390243902439,0.04878048780487805,0.8430131332889108,Mixed,54
0.09433962264150944,0.5471698113207547,0.605007707369912,Mixed,54
1.0,0.0,1.0,All-positive,54
1.0,0.0,0.970517020367469,All-positive,54
0.5555555555555556,0.2222222222222222,0.9079754601226994,Mixed,54
1.0,0.0,0.9774099318403116,All-positive,54
1.0,0.0,0.9907529722589168,All-positive,54
0.5849056603773585,0.20754716981132076,0.8592848904267589,Mixed,54
0.5714285714285714,0.21428571428571427,0.9332618190176998,Mixed,54
1.0,0.0,0.9845460034719602,All-positive,54
0.7692307692307693,0.11538461538461539,0.6888834917771147,Mixed,54
0.6666666666666666,0.16666666666666666,0.92263289394331,Mixed,54
1.0,0.0,0.9178721950108213,All-positive,54
1.0,0.0,0.9994013512357821,All-positive,53
1.0,0.0,0.9370932754880694,All-positive,53
1.0,0.0,0.9696945043322621,All-positive,53
0.34615384615384615,0.3269230769230769,0.7964774951076321,Mixed,53
0.2558139534883721,0.37209302325581395,0.6204344569288389,Mixed,53
0.9,0.05,0.7875764402961055,Mixed,53
0.4339622641509434,0.2830188679245283,0.49932799044253073,Mixed,53
0.8297872340425532,0.0851063829787234,0.9561079821324528,Mixed,53
0.9555555555555556,0.022222222222222223,0.9809873996681763,Mixed,53
1.0,0.0,0.8909664338815049,All-positive,53
0.9473684210526315,0.02631578947368421,0.98235,Mixed,53
0.9166666666666666,0.041666666666666664,0.9102564102564102,Mixed,53
0.9375,0.03125,0.9705854445393302,Mixed,53
1.0,0.0,0.9093651868727295,All-positive,53
0.0,0.5,0.46496315090008455,Mixed,53
1.0,0.0,0.9469007580038582,All-positive,53
0.39622641509433965,0.3018867924528302,0.831203597944032,Mixed,53
1.0,0.0,0.9642857142857143,All-positive,53
0.8571428571428571,0.07142857142857142,0.969690289871046,Mixed,53
1.0,0.0,0.9845461492740086,All-positive,53
0.18518518518518517,0.4074074074074074,0.8515959980943306,Mixed,53
1.0,0.0,0.9236691889021638,All-positive,52
0.4166666666666667,0.7083333333333334,0.6915453462912458,Mixed,52
0.12,0.44,0.5602179558995773,Mixed,52
0.9545454545454546,0.022727272727272728,0.8729445094537168,Mixed,52
0.96,0.02,0.9878349916479047,Mixed,52
0.9591836734693877,0.02040816326530612,0.950296397628819,Mixed,52
1.0,0.0,1.0,All-positive,52
0.9574468085106383,0.02127659574468085,0.980985694425759,Mixed,52
1.0,0.0,0.9959855479727018,All-positive,52
0.4358974358974359,0.28205128205128205,0.8801674029295513,Mixed,52
0.3469387755102041,0.673469387755102,0.5075604487492161,Mixed,52
1.0,0.0,0.9928860308533402,All-positive,52
0.9583333333333334,0.020833333333333332,0.969838489978595,Mixed,52
1.0,0.0,0.9879284328519078,All-positive,52
1.0,0.0,0.9046981662428055,All-positive,52
0.9444444444444444,0.027777777777777776,0.9705798614406378,Mixed,52
1.0,0.0,0.9705254164886801,All-positive,52
1.0,0.0,0.969325830299018,All-positive,52
1.0,0.0,0.9877118644067797,All-positive,52
1.0,0.0,0.9910119421747329,All-positive,52
0.2903225806451613,0.3548387096774194,0.8110295344568663,Mixed,52
0.9230769230769231,0.038461538461538464,0.9845651640658906,Mixed,52
1.0,0.0,0.7447631324524654,All-positive,52
1.0,0.0,0.9863413893842243,All-positive,52
1.0,0.0,0.7293129770992366,All-positive,52
0.9615384615384616,0.019230769230769232,0.99812382739212,Mixed,52
0.9354838709677419,0.03225806451612903,0.9767884480119161,Mixed,52
0.5217391304347826,0.2391304347826087,0.8708599651365485,Mixed,52
1.0,0.0,0.6903582536574128,All-positive,51
0.058823529411764705,0.47058823529411764,0.6284397389677361,Mixed,51
1.0,0.0,0.9806741573033708,All-positive,51
0.3333333333333333,0.3333333333333333,0.5508111694107714,Mixed,51
1.0,0.0,0.9509448515233321,All-positive,51
1.0,0.0,0.9521622655951014,All-positive,51
0.13043478260869565,0.43478260869565216,0.6862456857982872,Mixed,51
0.6,0.2,0.7941698642689422,Mixed,51
0.4090909090909091,0.29545454545454547,0.7942902957936031,Mixed,51
1.0,0.0,0.9935608265424912,All-positive,51
0.9534883720930233,0.023255813953488372,0.9823019957323962,Mixed,51
1.0,0.0,0.9959871589085072,All-positive,51
1.0,0.0,0.9697697048329549,All-positive,51
0.8285714285714286,0.08571428571428572,0.9706761565836299,Mixed,51
0.8823529411764706,0.058823529411764705,0.970630100588347,Mixed,51
1.0,0.0,0.9705324096042517,All-positive,51
1.0,0.0,0.9805218669606762,All-positive,51
0.76,0.12,0.9469860745934365,Mixed,51
1.0,0.0,0.7777240100008065,All-positive,51
0.0196078431372549,0.49019607843137253,0.4652377325644652,Mixed,51
0.9555555555555556,0.022222222222222223,0.9804498548855208,Mixed,51
0.2608695652173913,0.3695652173913043,0.9704591115410373,Mixed,51
1.0,0.0,0.9845465866636477,All-positive,51
0.813953488372093,0.09302325581395349,0.6889112413721341,Mixed,51
1.0,0.0,0.9327343067515288,All-positive,51
1.0,0.0,0.9914208308248044,All-positive,51
0.9583333333333334,0.020833333333333332,0.9205992509363295,Mixed,51
0.3333333333333333,0.3333333333333333,0.43971800693033813,Mixed,51
0.9047619047619048,0.047619047619047616,0.9788928053078997,Mixed,51
0.6862745098039216,0.1568627450980392,0.9072824889867841,Mixed,51
0.8604651162790697,0.06976744186046512,0.8697546101350371,Mixed,51
0.3877551020408163,0.6938775510204082,0.6206692330470832,Mixed,50
0.36,0.32,0.6050435091458001,Mixed,50
1.0,0.0,0.9587231700605393,All-positive,50
0.2682926829268293,0.36585365853658536,0.5508776162615356,Mixed,50
0.23404255319148937,0.3829787234042553,0.8252895752895753,Mixed,50
0.7333333333333333,0.13333333333333333,0.8915538668566453,Mixed,50
0.022222222222222223,0.4888888888888889,0.6863935578705183,Mixed,50
0.9565217391304348,0.021739130434782608,0.9292686084142395,Mixed,50
1.0,0.0,0.9886980108499096,All-positive,50
0.0,0.5,0.7115751656000898,Mixed,50
0.625,0.1875,0.9570707070707071,Mixed,50
1.0,0.0,0.9812206572769953,All-positive,50
0.9411764705882353,0.029411764705882353,0.9809967730369308,Mixed,50
0.9,0.05,0.9810364924235632,Mixed,50
0.13333333333333333,0.43333333333333335,0.9968503937007874,Mixed,50
1.0,0.0,0.9959919839679359,All-positive,50
0.12,0.44,0.8802453645615502,Mixed,50
0.7777777777777778,0.1111111111111111,0.8798586572438163,Mixed,50
0.7222222222222222,0.1388888888888889,0.8430538092014057,Mixed,50
0.04,0.48,0.5179910044977512,Mixed,50
0.9459459459459459,0.02702702702702703,0.9705784653347886,Mixed,50
1.0,0.0,0.9093707671469031,All-positive,50
0.3181818181818182,0.3409090909090909,0.9289182365507865,Mixed,50
1.0,0.0,0.9989785495403473,All-positive,50
0.40425531914893614,0.2978723404255319,0.8311683677110842,Mixed,50
0.1836734693877551,0.40816326530612246,0.6894015611448395,Mixed,50
1.0,0.0,0.9979823766779214,All-positive,50
1.0,0.0,0.9711374539111128,All-positive,50
1.0,0.0,0.9655172413793104,All-positive,50
0.8604651162790697,0.9302325581395349,0.44026522241248855,Mixed,50
