rph_delta,discrepancy_level,account_name,consensus_index,toxicity,author_links_history
0.9839691900122249,Very High,Fernando Haddad,0.9908148092378927,0.0154562555,14
1.228320705784004,Very High,Quebrando o Tabu,0.9990460704607046,0.05205809,24
0.17502654561977404,Low,Quebrando o Tabu,0.07639706045602895,0.4269174,24
0.16612053080861486,Low,UOL Notícias,0.9903519842939279,0.01646154,288
0.1821336914113066,Low,UOL,0.9915973951925097,0.0201057,263
0.24208430090762514,Low,UOL Notícias,0.9562039235286768,0.026263772,288
0.08588819473608678,Very Low,Lula,0.995149077141505,0.008607753,26
0.770623244762671,Very High,Quebrando o Tabu,0.15314766286793832,0.028974265,24
0.0989999738817026,Very Low,UOL,0.5978239169494909,0.024967449,263
0.4142969187880998,High,Fernando Haddad,0.7201080130620447,0.49139655,14
0.4153035418893504,High,UOL,0.9830824372759857,0.3722269,263
0.05714696096332095,Very Low,Quebrando o Tabu,0.9912571291964072,0.30527395,24
0.5029964958424179,Very High,UOL Notícias,0.9367866549604916,0.022021262,288
0.057060511550011905,Very Low,Mídia NINJA,0.9979114452798663,0.005780388,39
0.09929825543652882,Very Low,Lula,0.9953298307063632,0.012943043,26
0.1677893867858394,Low,UOL,0.6847253096221022,0.034748793,263
0.5716474195270661,Very High,UOL Notícias,0.9426219682742638,0.017341165,288
0.03522383676239005,Very Low,Revista ISTOÉ,0.9855088702147525,0.0038169413,3
0.12168433865138287,Very Low,UOL Notícias,0.9788716565520341,0.030506283,288
0.2434901847249394,Low,UOL,0.7490445859872611,0.036870047,263
0.3859959997010976,High,UOL,0.13314037626628075,0.0003750184,263
0.2520471464048384,Low,UOL,0.9761748523547524,0.008921904,263
0.09553797546098397,Very Low,Quebrando o Tabu,0.5875845860853357,0.15766735,24
0.05504789701702009,Very Low,Terra,0.8717559824738793,0.0007539637,197
0.45713889756962084,High,UOL Notícias,0.9145553437776022,0.011623607,288
0.6632306050547664,Very High,UOL,0.9771743995226018,0.112746716,263
0.008846753723043999,Very Low,Quebrando o Tabu,0.7128749668170958,0.102192536,24
0.0690899838113772,Very Low,UOL,0.9082150101419878,0.031331215,263
0.6792437656574581,Very High,UOL Notícias,0.9586215120438827,0.112436704,288
0.5024466964644884,Very High,UOL,0.9686856595642805,0.001115238,263
0.1529243604248266,Very Low,Catraca Livre,0.9785773406689712,0.0006086686,53
0.7682975031863567,Very High,UOL,0.33136144680131835,0.015016444,263
0.4731520581723126,High,UOL,0.8986408176166895,0.014136819,263
0.06172513915999789,Very Low,Mídia NINJA,0.998767071320182,0.03015274,39
0.4187151821130296,High,UOL,0.9503985828166519,0.022846194,263
0.05397640270369086,Very Low,Time Ciro Gomes,0.9983527231545352,0.022021262,35
0.0042384185487526205,Very Low,Catraca Livre,0.3330030959752322,0.0012566062,53
0.4105966349933461,High,Terra,0.9857279795505378,0.0000150939995,197
0.3882075571165384,High,UOL,0.7535864104821586,0.030506283,263
0.2471493129308934,Low,UOL,0.9583309352517986,0.007853788,263
0.570379066867106,Very High,Quebrando o Tabu,0.7950270959515461,0.17545098,24
0.371397724479023,High,Mídia NINJA,0.9985274783066,0.005434822,39
0.001178822012783104,Very Low,Terra,0.8197812648597242,0.0000937546,197
0.6581935221487487,Very High,Catraca Livre,0.9326521133302369,0.01005285,53
0.5177391519049227,Very High,UOL,0.5210604558969276,0.104795754,263
0.235321099259043,Low,Guilherme Boulos,0.19087202837930853,0.21642438,3
0.5441722120116227,Very High,UOL,0.9420122610890732,0.024731753,263
0.08298681327901086,Very Low,UOL Notícias,0.4986307453186293,0.018849092,288
0.929190064262946,Very High,Quebrando o Tabu,0.682738669238187,0.00031022466,24
0.05936046130357331,Very Low,Catraca Livre,0.04520881601615873,0.03062413,53
0.49410809030689157,High,UOL,0.9425102660239243,0.01822079,263
0.4141041405904184,High,UOL,0.9483301827347196,0.020607091,263
0.4250342873447946,High,UOL,0.904294843215931,0.063027434,263
0.7542377401273777,Very High,UOL,0.006023411751335379,0.007759543,263
0.3009013137317292,Low,UOL Notícias,0.9549736769188141,0.029327808,288
0.25950334532763114,Low,UOL Notícias,0.8509823003466942,0.008607753,288
0.4886729477820276,High,UOL,0.13284671532846715,0.009173225,263
0.3225679462603376,High,UOL,0.950929788587994,0.044141594,263
0.029720394049338905,Very Low,Terra,0.5937112122465866,0.0018456402,197
0.46243982974441783,High,UOL Notícias,0.7906707228741127,0.019728716,288
0.38861095449248917,High,UOL Notícias,0.9839209225700165,0.007099825,288
0.4213970917454521,High,Terra,0.8827671913835957,0.00063222996,197
0.49854684198220284,Very High,UOL Notícias,0.9722588251612456,0.021785567,288
0.827390313279877,Very High,Quebrando o Tabu,0.14304842669047088,0.024378212,24
0.35338507365930205,High,Terra,0.9676335117639736,0.00009768149,197
0.4422522323348644,High,UOL,0.9466386278504304,0.0006086686,263
0.2451703539657839,Low,Terra,0.9205025699600229,0.0013822668,197
0.6222143495972179,Very High,UOL Notícias,0.8675421530479897,0.039935954,288
0.7382245795246859,Very High,UOL Notícias,0.02430667094978049,0.0030786851,288
0.35010026864293486,High,UOL Notícias,0.9763138415988157,0.10175867,288
0.4780949297041998,High,UOL Notícias,0.9265671641791045,0.015644746,288
0.3567627175882726,High,UOL,0.9675021607605877,0.0013115826,263
0.4578473754806926,High,UOL,0.9497536945812808,0.00823077,263
0.6186909680209427,Very High,UOL,0.9443582960868375,0.10089093,263
0.11339682081957381,Very Low,Fernando Haddad,0.9976961474465634,0.0074139764,14
0.10136646795074689,Very Low,Terra,0.9383886255924171,0.0010916766,197
0.5012139554835284,Very High,UOL,0.9691939981410171,0.014450971,263
0.007595733299447627,Very Low,Catraca Livre,0.9838643511554765,0.0062516155,53
0.2096124032308304,Low,UOL,0.9842897665284748,0.01608456,263
0.3202422140604096,High,UOL,0.9674993035565048,0.008293601,263
0.06262042405459856,Very Low,Brasil 247,0.9963053374678367,0.009298885,8
0.5172271160862202,Very High,UOL Notícias,0.9412271878143411,0.06817148,288
0.040247482499549535,Very Low,UOL Notícias,0.874145828640084,0.025910228,288
0.4881777324663696,High,UOL,0.9595314164004259,0.0016571494,263
0.3278708912880024,High,UOL,0.9486534632715079,0.042657252,263
0.4522757815087291,High,Terra,0.8693162216242324,0.036162965,197
0.1875535029875754,Low,UOL,0.4476162448499117,0.021903414,263
0.49979877840108483,Very High,UOL Notícias,0.9402478607258778,0.034984488,288
0.3924337443887156,High,UOL,0.9398188723342098,0.022610499,263
0.2769427983544537,Low,Catraca Livre,0.9478273402032139,0.00083250157,53
0.3666593449281514,High,UOL,0.9671746776084408,0.0103670005,263
0.3850374034619366,High,UOL,0.7888711644928216,0.008796243,263
0.10644430122567959,Very Low,UOL,0.9026913561736262,0.4269174,263
0.2848881531290374,Low,UOL,0.967436510043359,0.01426248,263
1.1025685221487487,Very High,Catraca Livre,0.991783852109338,0.24924077,53
0.6026778074182509,Very High,UOL Notícias,0.9407002828440456,0.024731753,288
0.44291249910235214,High,UOL Notícias,0.9702248484383393,0.016712861,288
0.1642510565210606,Low,UOL,0.891232470641888,0.044883765,263
0.018706182947370364,Very Low,Catraca Livre,0.9913405767502655,0.0011702145,53
0.38354744715953615,High,UOL Notícias,0.9114451285766026,0.009361716,288
0.298120204124342,Low,Tico Santa Cruz,0.9894647145402432,0.15822013,1
0.19486658968295914,Low,UOL Notícias,0.9428460718783299,0.09308127,288
0.598130352002812,Very High,Coisas pra crente,0.9925925925925926,0.015079274,1
0.2116718752939554,Low,UOL,0.9706519124368534,0.07687678,263
0.34388405189069415,High,UOL Notícias,0.9356526288255297,0.042657252,288
0.06636969204464349,Very Low,Brasil 247,0.9966934696024649,0.009738698,8
0.11228524478970339,Very Low,UOL,0.36081362200477696,0.13214645,263
0.3065547856576458,Low,UOL Notícias,0.962819089900111,0.011372286,288
0.38146364719450343,High,UOL,0.945233612870101,0.02249265,263
0.38191343922669585,High,UOL Notícias,0.9004126031507877,0.002230476,288
0.12048036157029787,Very Low,UOL Notícias,0.5264306091626112,0.018849092,288
0.1364935221729896,Very Low,UOL,0.5608348134991119,0.010995304,263
0.2713480253834952,Low,UOL Notícias,0.9632311071341414,0.012314741,288
0.5281590514089309,Very High,UOL Notícias,0.9242089064153121,0.045378547,288
0.3224900972550941,High,Terra,0.929499409466703,0.007790958,197
0.44183421487800084,High,UOL Notícias,0.9563309866340169,0.02249265,288
0.27463791660987563,Low,Catraca Livre,0.98794022546535,0.036162965,53
0.3968758618137118,High,Lula,0.667406901264093,0.30452284,26
0.02057398524354751,Very Low,UOL,0.9299773558613482,0.044636376,263
0.107257270398058,Very Low,Joice Hasselmann,0.013705066959041428,0.009550206,2
0.3505699378267071,High,Terra,0.9040083289953149,0.0043038763,197
0.008784588429834983,Very Low,Quebrando o Tabu,0.5032936949268543,0.009361716,24
0.5305390351338399,Very High,UOL Notícias,0.4151578947368421,0.23739935,288
0.43989805135987387,High,UOL Notícias,0.936064152579107,0.17198499,288
0.3878382191037084,High,UOL,0.9339194280745822,0.038048524,263
0.044387926241317155,Very Low,Time Ciro Gomes,0.7930214115781126,0.010806813,35
0.32443995397189984,High,Lula,0.4447329978899529,0.25462922,26
0.3415893848257526,High,UOL,0.6549856102928728,0.019854378,263
0.024234321896857793,Very Low,UOL,0.9090127114594284,0.01847211,263
0.38267250553084314,High,UOL Notícias,0.9469875316069405,0.0063144458,288
0.18009318001391988,Low,Terra,0.6951817068191098,0.11440011,197
0.4212273292706112,High,UOL Notícias,0.9584829443447038,0.05651112,288
0.14862492899957389,Very Low,Terra,0.9580044205873066,0.0074139764,197
0.9025685221487487,Very High,Catraca Livre,0.3833492822966507,0.007822373,53
0.00330387114462021,Very Low,UOL,0.910958904109589,0.044141594,263
0.3248612538761992,High,UOL Notícias,0.9708186447316882,0.0049950094,288
0.7178330701593518,Very High,Humberto Costa,0.9925988225399496,0.019351736,11
0.4802333112252179,High,UOL Notícias,0.9349629465767061,0.011309455,288
0.11672056547485961,Very Low,UOL,0.8815905743740795,0.018849092,263
0.36998283909840585,High,UOL Notícias,0.07013078205915914,0.019854378,288
0.5006697975989377,Very High,UOL,0.9131642288465099,0.01834645,263
0.8031865125355119,Very High,UOL Notícias,0.0030354131534569982,0.04216247,288
0.7663104381436416,Very High,UOL,0.706074297188755,0.032863233,263
0.07650973650653758,Very Low,O Globo,0.97035127296165,0.011874928,30
0.18531723239041914,Low,UOL Notícias,0.5990325645676773,0.012754552,288
1.030894386902745,Very High,Time Ciro Gomes,0.9439005027785128,0.11429678,35
0.3675342865568444,High,UOL,0.9465779875563184,0.005089255,263
0.07026630676480083,Very Low,Fernando Haddad,0.9952706253284288,0.0046180277,14
0.4490845191288798,High,Time Ciro Gomes,0.5955749002538991,0.021432023,35
0.4042743346467111,High,Terra,0.9410374424679686,0.044388983,197
0.2499304075119243,Low,O Jacaré de tanga,0.9998123651374425,0.48141238,4
0.051199284113811694,Very Low,O Jacaré de tanga,0.9950345805993971,0.044636376,4
0.3292965469541549,High,Mídia NINJA,0.9991176989588848,0.01024134,39
0.30422905345771784,Low,UOL Notícias,0.9611514158670723,0.042657252,288
0.3474231163084994,High,UOL,0.928937402539541,0.012503231,263
0.1646790107408611,Low,Manuela D'Ávila,0.40565160810559586,0.20149297,4
0.5560881057479501,Very High,Terra,0.9426670890085525,0.000021966065,197
0.4322580074089502,High,Jornal Extra,0.8998033329883035,0.008859074,13
0.22768503589664713,Low,UOL Notícias,0.8178324365872406,0.031684756,288
0.6857956772353503,Very High,Catraca Livre,0.5135529798302455,0.78855824,53
0.4382707181668546,High,UOL,0.934125636672326,0.040430736,263
0.19385556558621414,Low,UOL Notícias,0.9275793650793651,0.018849092,288
0.4726597871793358,High,UOL Notícias,0.15651678998292545,0.024142517,288
0.09555308588802361,Very Low,UOL,0.41779837034670075,0.017089844,263
0.0752642610390129,Very Low,Terra,0.599478390461997,0.0033928365,197
0.04767112651576266,Very Low,EL PAÍS Brasil,0.024113475177304965,0.017843807,9
0.40270202151033785,High,UOL Notícias,0.9392331166246517,0.022846194,288
0.23034491548140112,Low,UOL Notícias,0.9858032106585126,0.023317585,288
0.20210710366519313,Low,UOL Notícias,0.9387052341597796,0.018849092,288
0.08777368516216016,Very Low,BBC News Brasil,0.981415579280348,0.000040250667,29
0.7493093886264457,Very High,UOL,0.03705254343730375,0.0008639167,263
0.06564489767292758,Very Low,EL PAÍS Brasil,0.18032464338416135,0.05898502,9
0.08582841266079178,Very Low,Lula,0.5455352738036507,0.05280026,26
0.4782558031231834,High,UOL,0.9671421544515494,0.018723432,263
0.40285583628446486,High,UOL Notícias,0.9478980322003577,0.030859824,288
0.15853733843792084,Very Low,Time Ciro Gomes,0.7984172345570455,0.30136615,35
0.3968264555484899,High,Terra,0.8894529046813311,0.0015550501,197
0.05862332612194809,Very Low,UOL,0.7612068965517241,0.018974753,263
0.17932470982069793,Low,Mídia NINJA,0.3910570700137282,0.1537979,39
0.770623244762671,Very High,Quebrando o Tabu,0.004457652303120356,0.15600902,24
0.9959793934590856,Very High,Burguesia fede,0.9930923892932034,0.006502937,11
0.6954771106060107,Very High,UOL,0.9388118107435076,0.04834723,263
0.08152801397943366,Very Low,Catraca Livre,0.5284719377304383,0.028385026,53
0.2576818267833628,Low,Lula,0.4496155402670983,0.03545588,26
0.2741173896012098,Low,Lula,0.7238149628783552,0.0026074578,26
0.14750688220507258,Very Low,O Globo,0.76171875,0.034984488,30
0.3190460188227682,High,UOL Notícias,0.9444444444444444,0.0037069882,288
0.45934479439252296,High,Portal R7,0.8215847828298241,0.0019555932,1
0.3657175718987256,High,UOL,0.9508413064995052,0.044141594,263
0.4211408024100331,High,Terra,0.8731657260133402,0.000023806797,197
0.19676085940139887,Low,UOL Notícias,0.39704301075268816,0.037577134,288
0.3134348938921624,High,UOL,0.9551259100131281,0.0466155,263
0.03210074502140636,Very Low,Catraca Livre,0.11800610376398779,0.028502874,53
0.08227072732759699,Very Low,Mídia NINJA,0.07855582145458329,0.050326355,39
0.2882159549842548,Low,Fernando Haddad,0.6530051642676629,0.11223003,14
0.5254586292227147,Very High,Catraca Livre,0.5506152414434908,0.008482091,53
0.5558760779096258,Very High,Time Ciro Gomes,0.974663018141279,0.033806015,35
0.6897669549980746,Very High,Jovem Pan News,0.9780040733197556,0.000013130552,3
0.4977585755695987,High,Catraca Livre,0.984375,0.0010209925,53
0.4593716620113797,High,Catraca Livre,0.1781701444622793,0.0014215357,53
0.5750984399906878,Very High,Fernando Haddad,0.8081574093051855,0.3389984,14
0.25468917479575914,Low,BBC News Brasil,0.967793452222518,0.000013130552,29
0.3761757503662838,High,Fernando Haddad,0.9920609376676323,0.054284602,14
0.22938705639184265,Low,Catraca Livre,0.8845834814551488,0.11036996,53
0.45167516081107095,High,Marco Feliciano,0.9696061201281919,0.5024724,1
0.7966682048220766,Very High,Fernando Haddad,0.9408081957882755,0.055521555,14
0.7126533501864858,Very High,Fernando Haddad,0.7714053284523084,0.30514878,14
0.5214500935017027,Very High,UOL,0.9405413863245189,0.022964042,263
0.3157551021215997,High,Gazeta do Povo,0.9123832974248487,0.008356431,52
0.0972083115995579,Very Low,Mídia NINJA,0.008561462847479126,0.25084448,39
0.07613932395280187,Very Low,UOL Notícias,0.9652731401095231,0.011183795,288
0.5764592586492079,Very High,UOL Notícias,0.6025701300736561,0.005686143,288
0.25940761863508466,Low,Catraca Livre,0.2572084715488645,0.021785567,53
0.26339918277840285,Low,Time Ciro Gomes,0.9981265611990008,0.36867723,35
0.10908002167788561,Very Low,UOL,0.9523162445954293,0.019351736,263
0.031733842077779406,Very Low,Cartazes & Tirinhas LGBT,0.798005249343832,0.25462922,49
0.5154671545040197,Very High,Catraca Livre,0.9828186672858138,0.00011338907,53
0.06334117651017868,Very Low,Catraca Livre,0.9538410079161557,0.000051295057,53
0.2553348647808034,Low,UOL,0.9638741134751773,0.00028862673,263
0.3910425791856551,High,Terra,0.9638260097647581,0.009738698,197
0.5597915949941696,Very High,UOL,0.21365056476808458,0.000039268944,263
0.3461955968904336,High,UOL,0.813856529736358,0.051068526,263
0.48115953263269207,High,Terra,0.955857763905919,0.021432023,197
0.17932470982069793,Low,Mídia NINJA,0.2582370560547711,0.04166769,39
0.42831297544415514,High,UOL Notícias,0.8762088974854932,0.014513801,288
0.18581148419670412,Low,UOL Notícias,0.9516919486581097,0.02873857,288
0.012709289458071534,Very Low,UOL Notícias,0.6947185142193848,0.044141594,288
0.4508342463288598,High,UOL Notícias,0.7452937820878494,0.0438942,288
0.3036214740489708,Low,Lula,0.9984420209214333,0.011749268,26
0.5447806218659622,Very High,Time Ciro Gomes,0.8717825739408473,0.059479803,35
0.2279192626663289,Low,Terra,0.9472378216011492,0.0047436883,197
0.18697798619375386,Low,UOL Notícias,0.8291734604289477,0.10522962,288
0.3030026538135188,Low,UOL Notícias,0.9285188998382115,0.019100413,288
0.112646225192916,Very Low,Quebrando o Tabu,0.3118632928031548,0.031684756,24
0.09621320387375853,Very Low,Brasil 247,0.9969036560676432,0.0013272902,8
0.40385137970640017,High,UOL Notícias,0.9125640015754234,0.1693855,288
0.45158449724908584,High,UOL Notícias,0.9330450104116611,0.013697007,288
0.2891545442449702,Low,Brasil Conservador,0.9984285553934223,0.2648175,23
0.4397843654100171,High,Terra,0.45604395604395603,0.009110395,197
0.3409425471962117,High,Gazeta do Povo,0.9165361378384426,0.004680858,52
0.2525339185756856,Low,UOL,0.7708029197080292,0.26104406,263
0.26360244881134687,Low,UOL Notícias,0.9835002946375958,0.03639866,288
0.20332968531618667,Low,CartaCapital,0.05686320205080401,0.0055604824,3
0.06810713224566178,Very Low,Lula,0.9927272727272727,0.10739898,26
0.40902112674210284,High,UOL Notícias,0.9216885007278021,0.0068170885,288
0.15015789318119482,Very Low,Time Ciro Gomes,0.5869597726932855,0.11652588,35
0.6746563693243096,Very High,UOL,0.9708908406524467,0.01646154,263
0.37353399396996984,High,UOL Notícias,0.652672908486862,0.014073989,288
0.2567685840072796,Low,Terra,0.901392259547835,0.0011230918,197
0.2796156094140386,Low,UOL,0.9827673593512417,0.015770407,263
0.46966211776067984,High,UOL Notícias,0.8818100625186067,0.37751234,288
0.49092788432874984,High,UOL Notícias,0.9742489270386266,0.012880214,288
0.3847260404477189,High,Terra,0.8865062761506276,0.000056449106,197
0.23652075797299385,Low,UOL Notícias,0.7947154471544715,0.20335422,288
0.0704513376904376,Very Low,O Globo,0.883926318445622,0.103060275,30
0.24746292512275003,Low,Manuela D'Ávila,0.4963205233033524,0.05255287,4
0.3177760623914088,High,UOL Notícias,0.859958932238193,0.007885204,288
0.3425888796093928,High,UOL Notícias,0.3995067817509248,0.02638162,288
0.16677079806448458,Low,O Globo,0.9372738238841978,0.041915078,30
0.2823551521016554,Low,UOL,0.7269279393173198,0.016210219,263
0.09382237650589562,Very Low,UOL,0.808355243938066,0.011560776,263
0.36902424285924484,High,UOL Notícias,0.8776049310243617,0.011749268,288
0.29836831270434716,Low,UOL Notícias,0.668806161745828,0.0037855261,288
0.08169727649144554,Very Low,Brasil 247,0.3144077377213918,0.16851899,8
0.177093363072167,Low,Paulo Eduardo Martins,0.999156355455568,0.3286776,1
0.07463648672463984,Very Low,UOL Notícias,0.7846556233653008,0.019100413,288
0.31160052378708786,Low,UOL Notícias,0.6130035775392751,0.0070684096,288
0.4052141686679194,High,UOL,0.9623376623376624,0.05651112,263
0.4122998148414634,High,UOL,0.9176987614862165,0.014513801,263
0.5520397680621123,Very High,UOL,0.9265723743605176,0.04315203,263
0.3569652010401108,High,UOL Notícias,0.9632881085395052,0.020231359,288
0.10471618302379926,Very Low,Lindbergh Farias,0.985756517065305,0.063423134,14
0.5505818882212892,Very High,Jovens de Esquerda,0.9699026261434052,0.046368107,12
0.6744735106557371,Very High,Terra,0.6245794227023198,0.054531995,197
0.017933102777345916,Very Low,Terra,0.8620931046552328,0.000012885122,197
0.6286793722235273,Very High,UOL,0.876277421992097,0.008356431,263
0.4109744271967568,High,Fernando Haddad,0.6228783340464984,0.003675573,14
0.26441488836570193,Low,Terra,0.9276827371695179,0.30427247,197
0.40719602571973085,High,UOL Notícias,0.9597200887523468,0.013948329,288
0.11210135204711086,Very Low,Time Ciro Gomes,0.9676172063798937,0.02402467,35
0.4225647445245139,High,Ivan Valente,0.5873846577606391,0.19409354,5
0.5163333817277781,Very High,Terra,0.9504364967614757,0.00019339954,197
0.34074955698558085,High,UOL Notícias,0.954328897650731,0.0013115826,288
0.7502972775409499,Very High,UOL Notícias,0.6863714122790344,0.027560094,288
0.10745432020392183,Very Low,UOL Notícias,0.7894901470128245,0.0045866123,288
0.40346843477708105,High,Terra,0.32332632842990094,0.0046180277,197
0.15575652916730898,Very Low,Quebrando o Tabu,0.21748604112760453,0.09394901,24
0.387851670434838,High,Quebrando o Tabu,0.11369338439191866,0.09611836,24
0.225980659088131,Low,Eliane Brum,0.536,0.19504376,3
0.3995072726560484,High,UOL,0.8433718920356336,0.022728346,263
0.27693408801440716,Low,UOL Notícias,0.9361611576110086,0.01822079,288
0.3339391190617678,High,UOL Notícias,0.9454638998456526,0.05354243,288
0.35467770329018766,High,Catraca Livre,0.6062608695652174,0.029563503,53
0.20615324711679517,Low,Time Ciro Gomes,0.1620021528525296,0.47119883,35
0.44589029693104887,High,UOL Notícias,0.9013578274760383,0.02826718,288
0.023804745501735135,Very Low,UOL Notícias,0.916952380952381,0.01646154,288
0.3033968925917346,Low,UOL,0.9209057566576304,0.01646154,263
0.2002530154397636,Low,UOL,0.4213081976578121,0.02543884,263
0.41886046265376464,High,Catraca Livre,0.3958600999286224,0.1537979,53
0.6737839175715588,Very High,Estadão,0.8641315111903347,0.01005285,9
0.3396700008614202,High,UOL Notícias,0.9824780976220275,0.075294,288
0.34970441129603386,High,UOL Notícias,0.9471683009805884,0.0027017032,288
0.2435760712871844,Low,Delegado Francischini,0.9997288135593221,0.091913216,4
0.11559141804704438,Very Low,UOL,0.9664145234493192,0.02920996,263
0.31844276436370683,High,UOL Notícias,0.9488292758567219,0.0021833533,288
0.2873837319890428,Low,UOL Notícias,0.9464915091316886,0.05131592,288
0.5602368107231142,Very High,UOL Notícias,0.9063967136150235,0.01633588,288
0.4393898416547591,High,Terra,0.9626510435737825,0.031213367,197
0.554766538541998,Very High,Mídia NINJA,0.5374819102749638,0.19870108,39
0.5054369328990109,Very High,UOL Notícias,0.9440453686200379,0.03309893,288
0.8345657086780769,Very High,Mídia NINJA,0.9510905485789821,0.048099842,39
0.5765214239424169,Very High,UOL Notícias,0.539543057996485,0.019351736,288
0.149013522500554,Very Low,Jovens de Direita,0.9996235648409562,0.32074678,8
0.37423745349007687,High,UOL Notícias,0.952495586583213,0.007696713,288
0.47884999092016556,High,Horta Urbana,0.9965748537177108,0.0070055793,28
0.7332962280237539,Very High,UOL Notícias,0.032267838206332375,0.024260364,288
1.2445673744266081,Very High,Marcelo Freixo,0.6586531702516519,0.02107848,2
0.06404182794229087,Very Low,UOL Notícias,0.18272519954389965,0.037105743,288
0.43011730119311015,High,UOL Notícias,0.9159611163374098,0.01608456,288
0.2805938434584103,Low,Major Olimpio,0.9985889657118668,0.39231625,2
0.41552043325874016,High,UOL Notícias,0.8305084745762712,0.030388435,288
0.11835848338908084,Very Low,Time Ciro Gomes,0.9976994967649173,0.19504376,35
0.30884809327350743,Low,UOL,0.9821664464993395,0.012817383,263
0.3974768077971952,High,UOL Notícias,0.9528521536670547,0.027913637,288
0.623261132563221,Very High,Sâmia Bomfim,0.949936628643853,0.4394682,8
0.4232091863224226,High,UOL,0.9566371681415929,0.013948329,263
0.41802716439796406,High,Manuela D'Ávila,0.8439901406408583,0.113263406,4
0.010222175525669397,Very Low,Catraca Livre,0.45290423861852436,0.007351146,53
0.1737359298993126,Low,UOL,0.40901152637093957,0.036634352,263
0.13158686853053447,Very Low,Brasil Contra Jair Bolsonaro,0.9955693398316349,0.007602467,59
0.1860031000792879,Low,Terra,0.2626168224299065,0.0020891076,197
0.3255762242230608,High,UOL Notícias,0.7642201834862385,0.07450261,288
0.6794639500033189,Very High,UOL Notícias,0.9454094292803971,0.04834723,288
0.6318305944798139,Very High,UOL Notícias,0.9496080627099664,0.0069113337,288
0.20174819135826788,Low,Terra,0.9017211274632078,0.01646154,197
0.24305345332896872,Low,Ciro Gomes Zueiro,0.9508315256688359,0.17371799,9
0.4307079675992941,High,Terra,0.9065074135090609,0.00002478852,197
0.09215248455549362,Very Low,UOL,0.9655172413793104,0.011183795,263
0.2684688835965438,Low,Time Ciro Gomes,0.9992551210428305,0.3234372,35
0.11093103415170791,Very Low,Mídia NINJA,0.9984898822108125,0.03357032,39
0.08415745104779086,Very Low,UOL Notícias,0.6409032494951349,0.06421452,288
0.7527636048266455,Very High,Catraca Livre,0.04970989493492238,0.0012330448,53
0.23577418638368564,Low,Catraca Livre,0.24628930817610062,0.004932179,53
0.2252112477239709,Low,Terra,0.8981877418041132,0.000037550926,197
0.029703627553051087,Very Low,Terra,0.4006713457430577,0.000017916454,197
0.45331498488378197,High,Mídia NINJA,0.77460024600246,0.0008364285,39
0.11701172522575498,Very Low,Mídia NINJA,0.07493379031001714,0.020607091,39
0.3833215562821524,High,UOL,0.9433681073025335,0.011183795,263
0.4978920814027331,High,Jovens de Esquerda,0.454375,0.102626406,12
0.7825268546026657,Very High,Estadão,0.8819011041766682,0.006502937,9
0.4074186940986332,High,UOL Notícias,0.7147021315357989,0.02343543,288
0.43401717787523886,High,UOL Notícias,0.9264776549735704,0.019603057,288
0.4500303384779306,High,UOL,0.9152941176470588,0.019603057,263
0.07610343555458865,Very Low,Catraca Livre,0.9497939303109779,0.12867521,53
0.10231486161081282,Very Low,Time Ciro Gomes,0.9693812460131831,0.17891699,35
0.015082811852711903,Very Low,Terra,0.5127180996426319,0.00057332654,197
0.8277970707650302,Very High,BBC News Brasil,0.4601287766220901,0.01438814,29
0.4997823536364249,Very High,Terra,0.2589792060491493,0.000042704974,197
0.13025029267958355,Very Low,Burguesia fede,0.9941910131556467,0.013822667,11
0.04694805449485413,Very Low,UOL Notícias,0.9592827792304819,0.01608456,288
0.38475422122075814,High,UOL Notícias,0.9054988475469213,0.027913637,288
0.4906064522056435,High,BBC News Brasil,0.8713506576836701,0.027088705,29
0.29294672340217587,Low,UOL Notícias,0.7497949138638228,0.4269174,288
0.6586432087216179,Very High,UOL Notícias,0.9760416666666667,0.01646154,288
0.4076583410968841,High,Terra,0.8467069782644223,0.000015032642,197
0.4188689968871566,High,UOL,0.9420350291909925,0.021432023,263
0.377891512855009,High,Canal da Direita,0.994041285379868,0.23090743,3
0.014755291126657855,Very Low,BBC News Brasil,0.488296488946684,0.005089255,29
0.25130996414679213,Low,UOL Notícias,0.7314893617021276,0.28674445,288
0.34858952448198477,High,Humberto Costa,0.9759444350330341,0.6342749,11
0.10815279273883915,Very Low,BBC News Brasil,0.9792869269949066,0.00014529508,29
0.1813835514987261,Low,Terra,0.8791189427312776,0.017341165,197
0.40581239912747313,High,UOL Notícias,0.7756883814640698,0.014765122,288
0.5200098437079498,Very High,Ciro Gomes Zueiro,0.8892797630068506,0.044883765,9
0.08152801397943366,Very Low,Catraca Livre,0.4271134546691614,0.17631748,53
0.41886046265376464,High,Catraca Livre,0.21538177112220375,0.25462922,53
0.07245712845320984,Very Low,Lula,0.9886558954967343,0.009864358,26
0.24572118054083913,Low,Time Ciro Gomes,0.3209302325581395,0.28548008,35
0.33018243628774185,High,UOL Notícias,0.9019339714788045,0.0926474,288
0.43681538730039676,High,Humberto Costa,0.9732252950502026,0.52007306,11
0.6558138511498499,Very High,UOL Notícias,0.9340482573726542,0.026263772,288
0.3036218295912281,Low,Terra,0.9856972586412396,0.0024032593,197
0.4619034575337406,High,UOL,0.9187782020131898,0.04290464,263
0.5449528211450171,Very High,Terra,0.791550279329609,0.0014529509,197
0.10639248942169793,Very Low,Terra,0.9253065774804905,0.0069741644,197
0.23418274710989362,Low,O Globo,0.941600155732918,0.119997114,30
0.2839376375418481,Low,Terra,0.970560834730762,0.000025524812,197
0.03649688816327927,Very Low,UOL Notícias,0.9326668026933279,0.0068799187,288
0.37816068249598095,High,Terra,0.9333099333099333,0.000032396878,197
0.23783039381274812,Low,UOL Notícias,0.9032328053807768,0.019728716,288
0.2073242850025061,Low,Décio Lima,0.9967555875991349,0.024967449,7
0.08886613109333504,Very Low,UOL Notícias,0.9520410031118434,0.054284602,288
0.3600138846216528,High,Jean Wyllys,0.9781897491821155,0.47473195,3
0.5144970271987219,Very High,UOL Notícias,0.8313106796116505,0.025203144,288
0.471282269372855,High,Agentes Federais do Brasil,0.9696106362773029,0.057748068,11
0.2989147397366479,Low,Terra,0.9792147806004619,0.000120751996,197
0.14645282968461804,Very Low,Quebrando o Tabu,0.5032234957020058,0.1269396,24
0.09605561628805759,Very Low,O Globo,0.057730832270988894,0.02968135,30
0.5769533860289779,Very High,Terra,0.5434857339291853,0.0006832796,197
0.0730694584884159,Very Low,Terra,0.9167321288295365,0.0013665592,197
0.2201079682036796,Low,UOL,0.8118234804329725,0.058490243,263
0.36917048406898895,High,Terra,0.8575462817696894,0.0005968879,197
0.13778275801014406,Very Low,Quebrando o Tabu,0.24089994512529725,0.054779384,24
0.49882305449485415,Very High,UOL Notícias,0.8678616090037515,0.112436704,288
0.6857956772353503,Very High,Catraca Livre,0.4394950405770965,0.509388,53
0.0359873502266177,Very Low,Lindbergh Farias,0.21419185282522996,0.07608539,14
0.4103032026079135,High,Correio Braziliense,0.9177991382167716,0.014513801,34
0.4683520927164693,High,Estadão,0.19953641104887,0.025910228,9
0.07060647501036021,Very Low,Time Ciro Gomes,0.9984879984879985,0.013445686,35
0.055268345215825986,Very Low,UOL,0.5522388059701493,0.010618322,263
0.230555682483217,Low,Quebrando o Tabu,0.20283533260632497,0.25084448,24
0.4907887791745068,High,Gleisi Hoffmann,0.7054048703227084,0.008733413,6
0.004322813657159585,Very Low,O Globo,0.9584007395424081,0.014765122,30
0.2563129968127949,Low,Terra,0.96527428283845,0.000033869463,197
0.2029911467964456,Low,UOL,0.6913892078071182,0.16245349,263
0.48433034437946615,High,UOL Notícias,0.9379974863845831,0.019477395,288
0.0765082366994449,Very Low,Terra,0.9253527537551206,0.022964042,197
0.45280671590693383,High,UOL Notícias,0.6654456654456654,0.022964042,288
0.22294774755862412,Low,PT - Partido dos Trabalhadores,0.9974203058780173,0.00043195835,4
0.003298681839907225,Very Low,Lula,0.9884169884169884,0.008293601,26
0.22938705639184265,Low,Catraca Livre,0.9567170273581054,0.10045706,53
0.37720129929151586,High,UOL Notícias,0.9332287698857271,0.02035702,288
0.1406400376482087,Very Low,Gazeta do Povo,0.982761923003256,0.0037698185,52
0.0035062170678018534,Very Low,Time Ciro Gomes,0.21757164404223228,0.11357342,35
0.12413363502443714,Very Low,BBC News Brasil,0.8692686623721106,0.0053719915,29
0.4100594150407688,High,UOL Notícias,0.5988301242992932,0.02543884,288
0.4935826939588465,High,Correio Braziliense,0.7440881114350502,0.00014038647,34
0.2771116058967231,Low,UOL Notícias,0.9588007342443402,0.034984488,288
0.1788534290802674,Low,UOL,0.9521396396396397,0.1182615,263
0.6699727774962408,Very High,Burguesia fede,0.7581289218482601,0.009424546,11
0.35521441359353306,High,O Povo,0.9693228582117471,0.005277746,32
0.3207676763424281,High,Décio Lima,0.9566694987255735,0.055274166,7
0.31766000774263836,High,Ultrajano,0.9844928751047779,0.41445592,9
0.165418535188105,Low,Jovens de Direita,0.9980246913580247,0.06025757,8
0.2509723299122746,Low,exame,0.8863936591809776,0.000090318565,2
0.43578093017412917,High,UOL Notícias,0.9500325874429719,0.014450971,288
0.5158119390037766,Very High,UOL,0.9310027598896045,0.02779579,263
0.2846853102321796,Low,UOL,0.9516794342958161,0.0046180277,263
0.07365078267728609,Very Low,O Povo,0.131786771964462,0.019980038,32
0.5924724192518996,Very High,UOL,0.6191638693927373,0.003267176,263
0.37839435201266963,High,Catraca Livre,0.03240589198036006,0.02543884,53
0.20133987760295102,Low,The Guardian,0.5766609880749574,0.24603334,1
0.1813835514987261,Low,Terra,0.8236525379382522,0.06579731,197
0.15772276929662088,Very Low,UOL Notícias,0.5066250974279034,0.036634352,288
0.20111140676021688,Low,UOL Notícias,0.9556650246305419,0.0068485034,288
0.3311949426185112,High,UOL Notícias,0.9609489817342012,0.011058134,288
0.48589510850889994,High,Tarcísio Motta,0.9976152623211447,0.32128486,5
0.3940926099328611,High,Marco Maia,0.8154561902300336,0.008293601,11
0.5869991816234327,Very High,Catraca Livre,0.670926517571885,0.007351146,53
0.32944805449485415,High,UOL Notícias,0.9675700718091267,0.021667719,288
0.0273143487813986,Very Low,EL PAÍS Brasil,0.5467106619921633,0.01017851,9
0.03851194133690827,Very Low,Lindbergh Farias,0.541968470387729,0.4269174,14
0.2969988172551894,Low,UOL,0.963319578175149,0.03639866,263
0.36241468612518285,High,UOL Notícias,0.9349635796045785,0.032863233,288
0.07384504974141382,Very Low,Lula,0.9756733275412685,0.030034892,26
0.14957706915729563,Very Low,Catraca Livre,0.63367069859294,0.021314176,53
0.30050512242473393,Low,O Povo,0.9666666666666667,0.032627538,32
0.3538138271368301,High,O Povo,0.976878612716763,0.0020891076,32
0.2029911467964456,Low,UOL,0.8465177398160315,0.10522962,263
0.22388650852212844,Low,Horta Urbana,0.9728221305508372,0.4269174,28
0.20134080067987414,Low,Jovens de Esquerda,0.9922604142954701,0.1641865,12
0.4295695093916926,High,O Globo,0.9286390906220398,0.005906049,30
0.2769427983544537,Low,Catraca Livre,0.8234912394548994,0.026028076,53
0.1677561573470936,Low,Terra,0.9679723003678857,0.000045650144,197
0.30529727330794443,Low,UOL,0.9366705471478464,0.0020576925,263
0.2915630830947511,Low,Terra,0.43142767885035926,0.00064008374,197
0.1928084235542591,Low,Marco Maia,0.44954128440366975,0.30539915,11
0.3600138846216528,High,Jean Wyllys,0.9770642201834863,0.47473195,3
0.5680529286648041,Very High,UOL Notícias,0.9053627760252366,0.015896067,288
0.3652778698541108,High,UOL Notícias,0.09464027040077258,0.13908891,288
0.31005217580695665,Low,Os Mortadelas,0.7118063484813885,0.0003416398,28
0.9603941618525376,Very High,USP Livre,0.6191130972842901,0.07687678,25
0.08005498854498261,Very Low,UOL,0.35307312696276355,0.046120718,263
0.4989669454840194,Very High,UOL,0.7703328190434208,0.005309161,263
0.11771279389768419,Very Low,Time Ciro Gomes,0.9835138954309939,0.0069741644,35
0.062450909392192444,Very Low,Em Defesa do Brasil,0.9991355089690944,0.025556687,17
0.07544674986746629,Very Low,Terra,0.22641056422569028,0.0006125955,197
0.49624647182790965,High,UOL,0.9312169312169312,0.011309455,263
0.1020480672342719,Very Low,Terra,0.4767818574514039,0.000010553528,197
0.3979265998293876,High,UOL,0.797275204359673,0.034277402,263
0.6718270117525417,Very High,UOL,0.9342465753424658,0.032627538,263
0.053425821677727914,Very Low,Terra,0.11466260781329274,0.000032151445,197
0.2924568024676163,Low,Xico Sá,0.9986728599867286,0.05378982,4
0.25383517396033967,Low,Catraca Livre,0.16535433070866143,0.034748793,53
0.3940926099328611,High,Jovens de Esquerda,0.5726751433557716,0.008482091,12
0.12245746182837133,Very Low,UOL Notícias,0.5578559926386013,0.002717411,288
0.43435167165624267,High,Catraca Livre,0.9912583390844261,0.0010367001,53
0.3917693955118046,High,Burguesia fede,0.3472694016200679,0.000039514372,11
0.010941155106593659,Very Low,EL PAÍS Brasil,0.41681363903586127,0.02873857,9
0.26806030700753014,Low,UOL Notícias,0.9494280553883203,0.03734144,288
0.47420415387406295,High,Ursal- A Nova Ordem Mundial,0.9570990806945863,0.11181668,14
0.2609209274117154,Low,UOL,0.8987538940809969,0.021196328,263
0.25155618163994115,Low,UOL Notícias,0.8873720136518771,0.00816794,288
0.23683960139248372,Low,Humberto Costa,0.9679472071647419,0.42985553,11
0.0107994280046954,Very Low,Eliane Brum,0.18870056497175142,0.3302291,3
0.5248592384191619,Very High,UOL Notícias,0.7328925619834711,0.05131592,288
0.04709715042677551,Very Low,UOL,0.6112274821952242,0.000023806797,263
0.09306686107519387,Very Low,UOL Notícias,0.906423034330011,0.0001374413,288
0.1265234252454599,Very Low,Terra,0.9161362785473606,0.027560094,197
0.5168090388621667,Very High,UOL,0.7811044577511643,0.00014038647,263
0.2355430210372494,Low,UOL,0.9559244419004007,0.049336795,263
0.3663372625180528,High,UOL Notícias,0.9635464936669756,0.004837934,288
1.0305184857411893,Very High,Cartazes & Tirinhas LGBT,0.922784121805329,0.04760506,49
0.13566902377906342,Very Low,Horta Urbana,0.1814690350456073,0.38601747,28
0.1860939430625014,Low,UOL,0.9271392262072861,0.071337044,263
0.010421764248861903,Very Low,Terra,0.9129742637304324,0.0020262774,197
0.4197677695714374,High,UOL,0.9498495486459378,0.011560776,263
1.0441623816383085,Very High,EL PAÍS Brasil,0.26035727860129226,0.0029216092,9
0.4563761392661336,High,UOL,0.9395877754086709,0.010429831,263
0.3895471545726616,High,UOL,0.7259764414135151,0.023199737,263
0.14823789591836886,Very Low,UOL Notícias,0.9494418910045962,0.018095128,288
0.6051431465958231,Very High,A Privataria Tucana,0.9537922987164528,0.015833238,56
0.4307267576021117,High,Gazeta do Povo,0.975,0.01834645,52
0.6811688809046531,Very High,Fora Bolsonaro,0.9932885906040269,0.009864358,30
0.0042384185487526205,Very Low,Catraca Livre,0.4608838869063958,0.050078966,53
0.21748504649572287,Low,Fora Bolsonaro,0.99951992318771,0.037577134,30
0.27463791660987563,Low,Catraca Livre,0.976303317535545,0.01847211,53
0.7455179032034387,Very High,UOL,0.8960612691466083,0.019603057,263
0.5145600025848946,Very High,UOL,0.9656002751977985,0.0042410456,263
0.15139654912173572,Very Low,Gazeta do Povo,0.9845073832001937,0.0038640639,52
0.5645442921951473,Very High,Lindbergh Farias,0.7337813388472474,0.000016198439,14
0.14341598215032741,Very Low,UOL,0.9219773674806433,0.011120965,263
0.2316386403013001,Low,Jovens reacionários defensores da liberdade combatendo o mal,0.9963257807715861,0.0969861,4
0.12219094461740615,Very Low,BBC News Brasil,0.9547534316217591,0.000019634472,29
0.48858216578619956,High,UOL,0.9423076923076923,0.09958932,263
0.3276136843897796,High,UOL,0.458295142071494,0.0056547276,263
0.16082127379151606,Very Low,O Povo,0.9671492204899778,0.0021990607,32
0.13589366310844986,Very Low,Time Ciro Gomes,0.8587776966155345,0.002418967,35
0.4651738436964936,High,UOL,0.7246737103791174,0.045378547,263
0.098850350897541,Very Low,Agentes Federais do Brasil,0.23177148584314708,0.18459146,11
0.08005498854498261,Very Low,UOL,0.3707304911493393,0.029092113,263
0.1,Very Low,Agentes Federais do Brasil,0.9980314960629921,0.0026231653,11
0.2954402216244272,Low,UOL Notícias,0.9694952856350527,0.027913637,288
0.49995519661281707,Very High,Terra,0.8576819407008086,0.0006008148,197
0.21342536597529288,Low,Ursal- A Nova Ordem Mundial,0.9974246716456349,0.050821137,14
0.3652078303649134,High,UOL,0.8660508083140878,0.06263174,263
0.24275570859910578,Low,República de Curitiba,0.962080173347779,0.044636376,13
0.13089405071685667,Very Low,Gazeta do Povo,0.9897672038884625,0.0036284502,52
0.4978920814027331,High,Marco Maia,0.09959758551307847,0.11140333,11
0.5437784343914779,Very High,UOL Notícias,0.2869215291750503,0.018095128,288
0.6532911330599651,Very High,BBC News Brasil,0.7789363920750783,0.00012320631,29
0.4098367372513149,High,Jornal O Dia,0.9062798852406758,0.019603057,16
0.3902506140927686,High,UOL,0.9554536521454308,0.028974265,263
0.3016697535428611,Low,Décio Lima,0.6981837606837606,0.25462922,7
0.21260652902567567,Low,Catraca Livre,0.9397457158651189,0.30539915,53
0.5969348109627417,Very High,Estadão,0.9392383397518186,0.009487377,9
0.6705519455051459,Very High,UOL Notícias,0.6025013594344752,0.01608456,288
0.5047819583278639,Very High,Terra,0.9263285024154589,0.002638873,197
0.36794949884942546,High,Em Defesa do Brasil,0.8813602659166454,0.27412915,17
0.12413363502443714,Very Low,BBC News Brasil,0.93620821638173,0.000014725853,29
0.7693175006648666,Very High,O Globo,0.8367488711358111,0.004523782,30
0.2073243509365721,Low,Marco Maia,0.9963436928702011,0.077668175,11
0.07610343555458865,Very Low,Catraca Livre,0.9520485584218513,0.0013115826,53
0.38643236108310197,High,Coronel Telhada,1.0,0.20056234,1
0.2198219675360379,Low,Terra,0.9055821371610845,0.015016444,197
0.8705519455051459,Very High,UOL Notícias,0.5010238907849829,0.07687678,288
0.6834763524683843,Very High,Horta Urbana,0.30185676392572947,0.07371122,28
0.6513229457505301,Very High,Jandira Feghali,0.5812356979405034,0.009236055,8
0.21496117902470913,Low,UOL Notícias,0.902496328928047,0.013885498,288
0.6874864878892282,Very High,Socialista Morena,0.779020979020979,0.112850055,10
0.05936046130357331,Very Low,Catraca Livre,0.11149927219796216,0.03192045,53
0.1486515121868691,Very Low,O Povo,0.0394047947092863,0.006534352,32
0.5087077850163576,Very High,UOL,0.966557911908646,0.023906821,263
0.12269649049143294,Very Low,Mídia NINJA,0.9751972942502819,0.017843807,39
0.7689759584687839,Very High,República de Curitiba,0.5515527950310559,0.012943043,13
0.044387926241317155,Very Low,Time Ciro Gomes,0.687041564792176,0.018095128,35
0.3030026538135188,Low,UOL Notícias,0.944060773480663,0.11078331,288
0.4307267576021117,High,Gazeta do Povo,0.9815135759676488,0.0023247213,52
0.3629897831149021,High,Terra,0.9329177797566043,0.00010602614,197
0.22716960483647797,Low,COLECTIVO DIGNIDAD,0.6330457863304578,0.18744208,1
0.6865651061078376,Very High,UOL,0.7946370176586004,0.002041985,263
0.005047789321875534,Very Low,UOL Notícias,0.6799078871617732,0.01005285,288
0.3786364546342634,High,UOL,0.9786808794137242,0.051810697,263
0.3087706924015991,Low,Terra,0.9533376539209333,0.000042950407,197
0.8692351888154156,Very High,Catraca Livre,0.040059347181008904,0.000045650144,53
0.3687410606180664,High,UOL,0.8677354709418837,0.011183795,263
0.5788876797107789,Very High,UOL Notícias,0.6820590461771385,0.009801528,288
0.1699698676475334,Low,UOL,0.6546156546156546,0.0010524077,263
0.643899188158598,Very High,República de Curitiba,0.8830985915492958,0.15656179,13
0.14076904516572064,Very Low,URSAL,0.4166666666666667,0.2540519,10
0.293050503306201,Low,Márcio França,0.9963603275705186,0.020960633,1
0.10221229113130492,Very Low,Terra,0.9753623188405797,0.00023266848,197
0.08777368516216016,Very Low,BBC News Brasil,0.9884493213976321,0.002560335,29
0.1511931601832816,Very Low,UOL,0.914295509084676,0.014702292,263
0.14616836951807913,Very Low,UOL Notícias,0.9473684210526315,0.028031485,288
0.21826660292148092,Low,Desiludindo S/A,0.15421398684997012,0.25727063,1
0.031479727160919735,Very Low,Lindbergh Farias,0.9373695198329853,0.09394901,14
0.604187466522002,Very High,Ursal- A Nova Ordem Mundial,0.9898921832884097,0.023788974,14
0.4046627875422461,High,Terra,0.5597259457849271,0.000026751966,197
0.3217252830140247,High,Os Mortadelas,0.9982062780269059,0.38601747,28
0.30945983835286606,Low,Terra,0.8842592592592593,0.008607753,197
0.18035217359103514,Low,UOL Notícias,0.9712804148384523,0.20265625,288
0.18380254738853113,Low,UOL Notícias,0.6456009913258984,0.023553278,288
0.16001086322769012,Very Low,UOL Notícias,0.6659417137886038,0.040430736,288
0.4600048200988741,High,Terra,0.9957212713936431,0.0014686584,197
0.1806106050780809,Low,Mídia NINJA,0.5422378068218042,0.23343207,39
0.10481004543354161,Very Low,UOL,0.956177723676202,0.03734144,263
0.00010671131939965495,Very Low,The Intercept Brasil,0.4080047789725209,0.048842013,3
0.1643390129883434,Low,UOL,0.9791666666666666,0.20265625,263
0.48412951609901383,High,Perolas dos Coxinhas,0.9928464977645306,0.014827953,244
0.09116123700045808,Very Low,UOL,0.9224353628023353,0.31825066,263
0.3940926099328611,High,Marco Maia,0.7290184921763869,0.0065657673,11
0.264199662357923,Low,Leonardo Sakamoto,0.4663840096910963,0.033334624,1
0.5593169397396407,Very High,Ciro Gomes Zueiro,0.6649251132009752,0.1693855,9
0.08152801397943366,Very Low,Catraca Livre,0.4729309271935283,0.028502874,53
0.007791584899043391,Very Low,UOL,0.939764705882353,0.01646154,263
0.5505818882212892,Very High,Jovens de Esquerda,0.9742627345844505,0.09915545,12
0.6508140817123802,Very High,BBC News Brasil,0.9266521423384169,0.000056694535,29
0.6815377212616764,Very High,Brasil Contra Jair Bolsonaro,0.486478085172521,0.6027529,59
0.3396669930048324,High,UOL,0.8728205128205129,0.019854378,263
0.23034491548140112,Low,UOL Notícias,0.9588512644663524,0.02638162,288
0.38643236108310197,High,Projeto60anos/ClaudiaGrande,0.9987488270253363,0.0039583095,1
0.3322331347283314,High,Cartazes & Tirinhas LGBT,0.41284403669724773,0.019728716,49
0.3122206184086819,Low,Operação Bolsonaro,0.9993844259772238,0.0010524077,4
1.1998325764363198,Very High,Gleisi Hoffmann,0.9942047649710238,0.0072569004,6
0.2171245673629086,Low,UOL,0.9410929737402413,0.0068485034,263
0.3305390575379934,High,UOL,0.9689084150050693,0.004900764,263
0.8976743861546785,Very High,Em Defesa do Brasil,0.4899856938483548,0.6027529,17
0.06088524929646516,Very Low,BBC News Brasil,0.5876685934489403,0.000024420373,29
0.4884520067458695,High,Correio Braziliense,0.7803946530872056,0.0013822668,34
0.22209961098506759,Low,O Globo,0.8243865030674846,0.036870047,30
0.5771586376648509,Very High,O Estadista,0.9636591478696742,0.034748793,18
0.35568015360752414,High,UOL Notícias,0.7365988909426987,0.012314741,288
0.7115270502635347,Very High,O Jacaré de tanga,0.9975609756097561,0.02072494,4
0.4241660124513729,High,O Povo,0.5148868598650258,0.45396814,32
0.2862892779256341,Low,Terra,0.9640287769784173,0.00012664234,197
0.34163555449485417,High,UOL Notícias,0.8696721311475409,0.028149333,288
0.26109844529403137,Low,UOL,0.9616591146741025,0.044141594,263
0.22292018902058686,Low,Fora Bolsonaro,0.16843118383060635,0.00017376507,30
0.21245427329178912,Low,Ivan Valente,0.9955357142857143,0.17545098,5
0.17327705405098615,Low,Fora Bolsonaro,0.9934876989869754,0.014073989,30
0.2958428575283891,Low,Terra,0.6373488953730722,0.028974265,197
0.28660704040819207,Low,A Privataria Tucana,0.9960912052117263,0.10002319,56
0.464820909231021,High,Jovens de Direita,1.0,0.013571346,8
0.16467911788371814,Low,Décio Lima,0.31729518855656696,0.28857216,7
0.4158861062350065,High,Melhor Política,0.994475138121547,0.15158679,25
0.6710980130803696,Very High,Política Feita com a Verdade,0.9749679075738126,0.016587202,13
0.6527756331137371,Very High,TODAS Fridas,0.9519807923169268,0.004775103,4
0.35917294180010717,High,UOL Notícias,0.667167543200601,0.008544922,288
0.45933516061312607,High,Terra,0.635551948051948,0.000012332902,197
0.008361969679754888,Very Low,Jandira Feghali,0.998661311914324,0.049584184,8
0.08594537061962093,Very Low,Terra,0.9439935064935064,0.000026751966,197
0.1989480184220174,Low,UOL,0.9321054532322138,0.000013682772,263
0.27930568170969117,Low,UOL Notícias,0.9373040752351097,0.027088705,288
0.3344559249663986,High,UOL,0.9363106796116505,0.05131592,263
0.04300462050579609,Very Low,Terra,0.7408376963350786,0.0028744866,197
0.2557923897088951,Low,UOL Notícias,0.848990342405619,0.045625936,288
0.007350794120833615,Very Low,Catraca Livre,0.058491895701198025,0.0032828837,53
0.44916068309380186,High,UOL Notícias,0.7450199203187251,0.25462922,288
0.33598841213397795,High,Terra,0.9457245263696876,0.000015523503,197
0.3376142025719161,High,Marco Maia,0.9846153846153847,0.04686289,11
0.18517456817988553,Low,Melhor Política,0.9956347762822845,0.036870047,25
1.0305184857411893,Very High,Cartazes & Tirinhas LGBT,0.9389438943894389,0.006440107,49
0.7357783847759337,Very High,Os Mortadelas,0.07661016949152542,0.37694603,28
0.8999283457526528,Very High,Pixuleco,0.6976568405139834,0.2396185,12
0.189911399997302,Low,Planète Amazone,0.8627316403568978,0.3140926,1
0.014411095295269568,Very Low,UOL Notícias,0.9618970409404135,0.014513801,288
0.48934707637683394,High,O Povo,0.4208409506398538,0.004272461,32
0.5390753818903441,Very High,Terra,0.9680116321337695,0.007853788,197
0.611791620406603,Very High,Associação Espírita Mensageiros de Luz,0.775623268698061,0.022846194,1
0.05100713679854285,Very Low,Jandira Feghali,0.25999316706525455,0.05280026,8
0.13940244039010768,Very Low,Terra,0.9248554913294798,0.1587729,197
0.18477378260785216,Low,BBC News Brasil,0.9218019549511263,0.0058432184,29
0.14197402588636254,Very Low,Horta Urbana,0.9775196702884975,0.016964182,28
0.6581935221487487,Very High,Catraca Livre,0.9545945945945946,0.11440011,53
0.37943720318509594,High,Terra,0.9341692789968652,0.00023855883,197
0.2,Low,Agentes Federais do Brasil,0.9984859954579863,0.00091496634,11
0.6581935221487487,Very High,Catraca Livre,0.9727582292849035,0.0032985911,53
0.1837229806501619,Low,Mídia NINJA,0.29050678087080656,0.00006332117,39
0.24572118054083913,Low,Time Ciro Gomes,0.16543816543816545,0.11088664,35
0.15853733843792084,Very Low,Time Ciro Gomes,0.7573283858998144,0.11036996,35
0.28945437449298106,Low,Terra,0.8387563268257412,0.0016257343,197
0.5407895920712449,Very High,UOL Notícias,0.9324144064028457,0.044388983,288
0.3851321224566264,High,UOL,0.9447368421052632,0.008105109,263
0.08879688483084987,Very Low,UOL Notícias,0.964171465131158,0.026617315,288
0.1439977026249984,Very Low,UOL,0.5166077738515901,0.05799546,263
0.14957706915729563,Very Low,Catraca Livre,0.7590551181102362,0.0201057,53
0.23191096813999987,Low,UOL Notícias,0.864687909209952,0.0068485034,288
0.010960827779294791,Very Low,UOL,0.7275913870806209,0.12520397,263
0.4996390446802446,Very High,UOL,0.9663551401869159,0.018095128,263
0.4015478330644907,High,URSAL,0.9970326409495549,0.071337044,10
0.49789204721469904,High,Jornalistas Livres,0.17516152189519024,0.16591948,8
0.2647257561396025,Low,Brasil Contra Jair Bolsonaro,0.9985564778058462,0.014513801,59
0.12963613608949764,Very Low,Catraca Livre,0.29774812343619683,0.010806813,53
0.39464961523695513,High,UOL Notícias,0.9545867393278837,0.051810697,288
0.257231392844754,Low,Jovens de Direita,0.9974271012006861,0.025320992,8
0.39813103200285993,High,Operação Bolsonaro,0.9992649761117236,0.32919475,4
0.17055194550514588,Low,UOL Notícias,0.9493565794935658,0.011497946,288
0.5442236501204224,Very High,UOL,0.9502243982048144,0.018849092,263
0.46794593703960596,High,Revista ISTOÉ,0.983638488507986,0.008984734,3
0.3600138846216528,High,Jean Wyllys,0.9893373952779894,0.47473195,3
0.10959425530356981,Very Low,Lula,0.6890881913303438,0.01834645,26
0.10433249571022152,Very Low,Brasil Contra Jair Bolsonaro,0.991869918699187,0.017089844,59
0.27976533802455905,Low,Ivan Valente,0.09799554565701558,0.41910073,5
0.39950082360336586,High,UOL Notícias,0.9554896142433235,0.023671126,288
0.4784529903471096,High,UOL,0.6973894512519979,0.038991302,263
0.4831680001827733,High,Sudaka,0.9959903769045709,0.04240986,4
0.44791388136009985,High,Time Ciro Gomes,0.6742596810933941,0.16331999,35
0.25416941165459694,Low,Mídia NINJA,0.05342362678705794,0.11347008,39
0.39758713007970153,High,Horta Urbana,0.9877049180327869,0.30527395,28
0.15003608641264965,Very Low,Os Mortadelas,0.9633418584825234,0.1641865,28
0.5254586292227147,Very High,Catraca Livre,0.43407864302235927,0.06896287,53
0.37297836164280257,High,UOL,0.9493779493779494,0.02449606,263
0.33761394616165963,High,CartaCapital,0.983739837398374,0.037105743,3
0.06736718010382925,Very Low,Brasil Conservador,1.0,0.3389984,23
0.522131739124253,Very High,Terra,0.9307396323215049,0.000019634472,197
0.3443735962612208,High,UOL Notícias,0.945619335347432,0.112436704,288
0.34655221814068515,High,UOL Notícias,0.9344827586206896,0.011183795,288
0.263662877463479,Low,Luiza Erundina,0.8000757288905718,0.11088664,5
0.4977585755695987,High,Catraca Livre,0.9770020533880903,0.021903414,53
0.014227256999737481,Very Low,Brasil Contra Jair Bolsonaro,0.9855072463768116,0.29953843,59
0.10897308147734333,Very Low,UOL Notícias,0.9476343592099219,0.02449606,288
0.3897267276966884,High,UOL,0.8499751614505713,0.02308189,263
0.5280424182575655,Very High,Correio Braziliense,0.9566591422121896,0.002968732,34
0.595268308238551,Very High,O Povo,0.026450511945392493,0.02826718,32
0.4536438912046229,High,O Povo,0.8215179316096747,0.0002709557,32
0.06088524929646516,Very Low,BBC News Brasil,0.8308418568056648,0.0010367001,29
0.5906072987698276,Very High,UOL,0.939120631341601,0.39231625,263
0.5720308189365907,Very High,UOL,0.9346186085498742,0.013005874,263
0.37394521715387985,High,UOL Notícias,0.9571776155717762,0.04290464,288
0.5205810230825114,Very High,Em Defesa do Brasil,0.9953466728711028,0.30136615,17
0.4087152526082264,High,Cartazes & Tirinhas LGBT,0.6642052079284881,0.2667042,49
0.4816896711947003,High,Lindbergh Farias,0.53774385072095,0.1537979,14
0.08189529023193282,Very Low,Time Ciro Gomes,0.7688777638715061,0.013257195,35
0.16208849330948483,Low,Time Ciro Gomes,0.06949352179034157,0.46982017,35
0.21260652902567567,Low,Catraca Livre,0.9951495553759094,0.104361884,53
0.7295047426007469,Very High,UOL Notícias,0.92643391521197,0.019854378,288
0.35467770329018766,High,Catraca Livre,0.7715260017050298,0.039226998,53
0.6216748362937845,Very High,Brasil Contra Jair Bolsonaro,0.48076144187930336,0.103060275,59
0.3225679462603376,High,UOL,0.9530416221985059,0.022374803,263
0.230055290832777,Low,Jovens de Direita,0.9976,0.09481675,8
0.32271085058606813,High,UOL Notícias,0.9884781565050408,0.05799546,288
0.5386407640318163,Very High,Sudaka,0.9520191923230708,0.005717558,4
0.3823504231207446,High,UOL,0.9587482219061166,0.022021262,263
0.8907004535374294,Very High,Brasil Contra Jair Bolsonaro,0.968222442899702,0.10045706,59
0.1532707687495023,Very Low,GZH,0.8713513513513513,0.006942749,4
0.3789592418306851,High,TODAS Fridas,0.45865268253327957,0.000018161885,4
0.2974993734733842,Low,BBC News Brasil,0.9836769759450171,0.15158679,29
0.5254586292227147,Very High,Catraca Livre,0.341518872214643,0.009361716,53
0.22863840387845363,Low,Sâmia Bomfim,0.6663934426229509,0.23667802,8
0.24668963911618716,Low,BBC News Brasil,0.8933841028081866,0.000025402098,29
0.2089918992958376,Low,O Globo,0.8367346938775511,0.041172907,30
0.8400416422074586,Very High,Flavio Serafini,0.5787755102040816,0.14256015,8
0.2639376636369921,Low,Jandira Feghali,0.9780960404380792,0.017592486,8
0.04812208522180783,Very Low,Lula,0.9934826883910387,0.03639866,26
0.6928230378348271,Very High,BBC News Brasil,0.6490765171503958,0.0068170885,29
0.31301197785788115,High,UOL Notícias,0.9663708547407753,0.011749268,288
0.173236403280269,Low,Jornalistas Livres,0.9948652118100129,0.054284602,8
0.8329726461396199,Very High,Time Ciro Gomes,0.975973487986744,0.39669925,35
0.059521121266570165,Very Low,Time Ciro Gomes,0.06672226855713094,0.021903414,35
0.6928230378348271,Very High,BBC News Brasil,0.5369908561928513,0.00049282523,29
0.1801015605588294,Low,UOL,0.9276517473942366,0.00010848045,263
0.15782057597278848,Very Low,Bolsonaro Herói Nacional,1.0,0.008607753,28
0.4282882132644796,High,UOL,0.9596330275229358,0.024260364,263
0.5949008403134707,Very High,UOL,0.6634199134199135,0.010681152,263
0.18011472116152114,Low,UOL Notícias,0.9772619611558503,0.013445686,288
0.15011208877323168,Very Low,Terra,0.7776659959758552,0.11202335,197
0.27463791660987563,Low,Catraca Livre,0.9689341189073379,0.048099842,53
0.42377497755510646,High,Brasil Contra Jair Bolsonaro,1.0,0.018974753,59
0.3544061733198945,High,Correio Braziliense,0.9421560035056967,0.0043981215,34
0.22337210512776512,Low,UOL Notícias,0.9423503325942351,0.009738698,288
0.1838493141024068,Low,Socialista Morena,0.9921976592977894,0.52272606,10
0.13057370154765213,Very Low,BBC News Brasil,0.458,0.005937464,29
0.029742100603835087,Very Low,Jandira Feghali,0.06542845082313212,0.1883923,8
0.32089459708015244,High,Bolsonaro Herói Nacional,0.9991507430997877,0.067380086,28
0.101694790254237,Very Low,Paulo Pimenta,0.9982698961937716,0.15932569,8
0.7771493158861955,Very High,USP Livre,0.6816208393632417,0.08479069,25
0.782596495299386,Very High,Magaligna,0.7766871165644171,0.08637348,8
0.3366820505868041,High,A Privataria Tucana,0.8818827708703375,0.011812098,56
0.496306818181818,High,CBN,0.21612046058458814,0.1269396,7
0.2017300621187127,Low,Catraca Livre,0.9583135954523923,0.010806813,53
0.22016409298041814,Low,UOL Notícias,0.8677210639827462,0.03969839,288
0.0332209357768944,Very Low,Jair Bolsonaro Presidente 2018,0.7556843513152028,0.3047732,6
0.19022004134044412,Low,UOL Notícias,0.9467084639498433,0.015079274,288
0.15766600358195793,Very Low,Mídia NINJA,0.9982471516213848,0.016838523,39
0.16687559202458058,Low,Horta Urbana,0.9870848708487084,0.33338684,28
0.1264038838008269,Very Low,Mídia NINJA,0.5223233636757694,0.04315203,39
0.4965328473544721,High,Terra,0.961218836565097,0.001633588,197
0.9483270819292184,Very High,Brasil Contra Jair Bolsonaro,0.4696261682242991,0.008419261,59
0.4600106225386749,High,Mídia NINJA,0.5441619991383024,0.20056234,39
0.50210784167419,Very High,Carlos Eduardo,0.2522639068564036,0.17545098,2
0.18423985483707186,Low,UOL Notícias,0.39887352790578595,0.0046180277,288
0.7602429407533998,Very High,Catraca Livre,0.21571428571428572,0.011120965,53
0.10115957759669253,Very Low,USP Livre,0.960496095544327,0.06579731,25
0.19480441875523014,Low,A Privataria Tucana,0.7643378519290928,0.010492661,56
0.5098741905490757,Very High,UOL,0.45830639948287005,0.19219314,263
0.06881740324269753,Very Low,Pau de Arara,1.0,0.3250515,9
0.5223033203100858,Very High,Humberto Costa,0.7958579881656804,0.06184035,11
0.4906064522056435,High,BBC News Brasil,0.9122036874451273,0.0041468004,29
0.22336095406901668,Low,Os Mortadelas,0.5909090909090909,0.36456755,28
0.22032864491550486,Low,UOL Notícias,0.9214285714285714,0.037577134,288
0.3932144598942076,High,UOL,0.9518576661433804,0.007885204,263
0.23827830384162016,Low,BBC News Brasil,0.9405469678953626,0.0072254855,29
0.3784278467278746,High,UOL,0.9388888888888889,0.05205809,263
0.45907065573264366,High,Os Mortadelas,0.9886413280908694,0.25915736,28
0.093489882437145,Very Low,Luiza Erundina,0.07329842931937172,0.19870108,5
0.6215948298220828,Very High,O Estadista,0.9946236559139785,0.26293078,18
0.13391006274876188,Very Low,Terra,0.9574468085106383,0.000333786,197
0.6357863074404144,Very High,República de Curitiba,0.976395823876532,0.103928015,13
0.034092584455941655,Very Low,Sâmia Bomfim,0.6527651858567544,0.24924077,8
0.18778153778373058,Low,O Globo,0.8910291689598239,0.026735162,30
0.3178497833698109,High,Agência Pública,0.9915966386554622,0.003675573,4
0.44239269409621496,High,Tarcísio Motta,0.987438313144908,0.06065326,5
0.1697983235940124,Low,UOL,0.9653636813458684,0.017215505,263
0.4926946244136658,High,UOL Notícias,0.9722684414864116,0.027206551,288
1.1544228336104918,Very High,Gleisi Hoffmann,0.5921052631578947,0.0001835823,6
0.2301680721702889,Low,Terra,0.4216335540838852,0.013697007,197
0.12963613608949764,Very Low,Catraca Livre,0.37480397281756406,0.015896067,53
0.16400804257033264,Low,Diário do Centro do Mundo,0.9954853273137697,0.0054034065,3
0.007350794120833615,Very Low,Catraca Livre,0.037037037037037035,0.21374844,53
0.2347516078630689,Low,UOL Notícias,0.6829268292682927,0.034748793,288
0.05251004876597101,Very Low,UOL,0.9110122358175751,0.012943043,263
0.4731684835435677,High,Ruth Sheherazade,0.9990774907749077,0.0006086686,13
0.009416252294263794,Very Low,TV Poeira,0.9861317483902923,0.3286776,14
0.6273356447403408,Very High,Chega de Corruptos,0.9972677595628415,0.3140926,7
0.1776092527401475,Low,Brasil Contra Jair Bolsonaro,0.9902865468674114,0.718943,59
0.1529243604248266,Very Low,Catraca Livre,0.9800299550673989,0.0068799187,53
0.0615808965098279,Very Low,Terra,0.9269406392694064,0.01419965,197
0.06059169046583446,Very Low,Melhor Política,0.9823442864149092,0.1373533,25
0.04694805449485413,Very Low,UOL Notícias,0.8710155670867309,0.016210219,288
0.652108181141439,Very High,Movimento Endireita Brasil,0.9932773109243698,0.112540044,1
0.23310307115777484,Low,Fato ou Fake,0.9744525547445255,0.017466826,9
0.7594308287932645,Very High,Pau de Arara,0.33175355450236965,0.7856813,9
0.10169391525423699,Very Low,GALO DOIDO -  Fan Page,0.911484593837535,0.014136819,1
0.5788876797107789,Very High,UOL Notícias,0.7606837606837606,0.009801528,288
0.20149072125985587,Low,UOL Notícias,0.9550438596491229,0.021196328,288
0.24310462599550708,Low,A Privataria Tucana,0.997179125528914,0.18079062,56
0.5963142420150691,Very High,TODAS Fridas,0.9272388059701493,0.009990019,4
0.36541009235905547,High,Bolsonaro Herói Nacional,0.9945533769063181,0.4269174,28
0.19480441875523014,Low,A Privataria Tucana,0.7515598411798071,0.00059296103,56
0.0789671364568485,Very Low,USP Livre,0.9989775051124744,0.103494145,25
0.09961252525918463,Very Low,Ultrajano,0.9971604353999054,0.010555492,9
0.20476904868890355,Low,Burguesia fede,0.997148288973384,0.0046180277,11
0.010017844209468867,Very Low,UOL Notícias,0.8149518874907475,0.015581916,288
0.3668147789389714,High,UOL,0.9296956977964324,0.0005890341,263
0.10256852214874868,Very Low,Catraca Livre,0.25736961451247165,0.0008089402,53
0.613822829062848,Very High,Terra,0.9170554691550026,0.00013449613,197
0.3482357154691387,High,Os Mortadelas,1.0,0.14082454,28
0.4166302864245158,High,UOL Notícias,0.9095982142857143,0.019854378,288
0.1322244720428567,Very Low,Gazeta do Povo,0.9769192172604114,0.0029530246,52
0.16683892309831305,Low,Jornal O Dia,0.7444933920704846,0.002261891,16
0.38286789542188915,High,Lula pelo Brasil,0.9970443349753695,0.036870047,12
0.23167722790217593,Low,Nossa Época,0.8564885496183207,0.4269174,1
0.3425554071280058,High,Dilma Resistente,0.9980535279805353,0.23271075,19
0.6718270117525417,Very High,UOL,0.9133858267716536,0.051563308,263
0.5896168904931046,Very High,Eu sou mais Brasil,0.997080291970803,0.019854378,3
0.1252285623515229,Very Low,Agência Pública,0.15519839276745354,0.32919475,4
1.1998325764363198,Very High,Gleisi Hoffmann,0.992831541218638,0.063423134,6
0.4853179517157956,High,UOL,0.9398642095053347,0.01859777,263
0.35148371135975964,High,URSAL,0.9989847715736041,0.01633588,10
0.30553027771503005,Low,Terra,0.9477408818726184,0.00013547785,197
0.28618786640708016,Low,UOL Notícias,0.8899941486249269,0.015707577,288
0.3071485343095484,Low,UOL,0.8962315674494812,0.03545588,263
0.2116850006349995,Low,Melhor Política,0.9947285187137586,0.11202335,25
0.212524918357325,Low,BuzzFeed Brasil,0.30148619957537154,0.00013940474,1
0.5262399759335058,Very High,Carlos Fernando dos Santos Lima,0.891606080634501,0.09828771,8
0.3445545541799075,High,Brasil Contra Jair Bolsonaro,0.9821029082774049,0.030859824,59
0.19424043512324546,Low,Correio Braziliense,0.9280575539568345,0.23379272,34
0.45017604217595786,High,UOL Notícias,0.8248686514886164,0.011812098,288
0.2964093860911395,Low,Bolsonaro Herói Nacional,0.9896305897602073,0.6852916,28
0.792675572140351,Very High,Luiza Erundina,0.9989561586638831,0.040183347,5
0.31973972240192705,High,Revoltados on LINE - Intervenção FFAA,0.556935817805383,0.3389984,18
0.2142610125992696,Low,O Globo,0.7901471529110684,0.021314176,30
0.4461825339531318,High,Chega de Corruptos,0.9968847352024922,0.01005285,7
0.2604136615996205,Low,Melhor Política,0.9926393270241851,0.1798404,25
0.12994464436722744,Very Low,Pau de Arara,1.0,0.035691574,9
0.10635152594734221,Very Low,Ciro Gomes Zueiro,0.9864406779661017,0.3389984,9
0.17748066603053403,Low,Sou esquerda e dai?,0.9978936282253817,0.0665887,4
0.5615303187630429,Very High,Ana Estela Haddad,0.9947368421052631,0.008607753,2
0.41296668752289695,High,O Povo,0.7654118930714675,0.000077556164,32
0.4011348657173693,High,SomostodosBolsonaro,1.0,0.008356431,4
0.5924241120818956,Very High,Fato ou Fake,0.58584686774942,0.023317585,9
0.17765471594620075,Low,Bolsonaro M1L GR4U 3.0,1.0,0.24282593,6
0.4683663246327164,High,Cartazes & Tirinhas LGBT,0.9708939708939709,0.07450261,49
0.5527302779530199,Very High,Fora Bolsonaro,0.8747323340471093,0.16331999,30
0.24904301650242305,Low,O Povo,0.9465301478953356,0.0027802412,32
0.6038513882268384,Very High,Lindbergh Farias,0.5015051173991572,0.012943043,14
0.37839435201266963,High,Catraca Livre,0.16887417218543047,0.008105109,53
0.20732430285964898,Low,Paulo Pimenta,0.9989130434782608,0.15435068,8
0.12056706035367515,Very Low,TV Poeira,0.7832957110609481,0.09568449,14
0.10169391525423699,Very Low,Nelson Pelegrino,0.9978575254418853,0.038991302,1
0.012460779274456324,Very Low,Cartazes & Tirinhas LGBT,0.9989106753812637,0.054779384,49
0.4233658299546575,High,Brasil Contra Jair Bolsonaro,0.39888682745825604,0.36095104,59
0.181990275334742,Low,Leoni Oficial,0.998914223669924,0.19893374,19
0.8107992146713656,Very High,Xico Sá,0.3599114064230343,0.3266089,4
0.8488425702050779,Very High,Botando Pilha,0.6099529253530599,0.51980776,9
0.5171411428916084,Very High,Brasil Contra Jair Bolsonaro,0.9842696629213483,0.13214645,59
0.3948335068668984,High,Cartazes & Tirinhas LGBT,0.47249834327369117,0.22579013,49
1.349026976754488,Very High,NasRuas,0.9855072463768116,0.16158698,2
0.2219704825242228,Low,Socialista Morena,0.7920560747663551,0.47119883,10
0.060971543149964405,Very Low,UOL,0.8950695322376738,0.057005897,263
0.1603138847325345,Very Low,Horta Urbana,0.9854260089686099,0.36095104,28
0.38440949397671087,High,Time Ciro Gomes,0.012373453318335208,0.17025198,35
0.3256223938921624,High,UOL,0.8529886914378029,0.027677942,263
0.12219094461740615,Very Low,BBC News Brasil,0.8570540708514606,0.0022147684,29
0.1909771822346347,Low,Vem Pra Rua Independentes,1.0,0.20195828,4
0.26114958430246343,Low,Pau de Arara,0.5788288288288288,0.30527395,9
0.46276493669589785,High,UOL Notícias,0.8999179655455292,0.009675868,288
0.05862332612194809,Very Low,UOL,0.9094567404426559,0.028031485,263
0.32089459708015244,High,Bolsonaro Herói Nacional,1.0,0.014136819,28
0.441985830165057,High,Pablo Villaça,0.7338663620788121,0.23739935,1
0.6120573863075662,Very High,TV Poeira,0.9964497041420118,0.09741997,14
0.09496707254545567,Very Low,Gazeta do Povo,0.984375,0.17631748,52
0.07771403578033698,Very Low,Paulo Mathias,0.9938080495356038,0.04240986,3
0.44239269409621496,High,Bloco do Pink Floyd,0.9731870810481413,0.11429678,2
0.0930328531665563,Very Low,Ciro Gomes Zueiro,0.9536567704561911,0.09958932,9
0.21330046823320636,Low,Cartazes & Tirinhas LGBT,0.4369602763385147,0.028385026,49
0.4606292664690316,High,Intervenção ANTES QUE Tardia,0.9827586206896551,0.23235008,11
0.24492553396046213,Low,UOL Notícias,0.8229166666666666,0.024967449,288
0.6508140817123802,Very High,BBC News Brasil,0.9481161210623842,0.016021729,29
0.203196968803879,Low,Instituto Mimimises,0.7508960573476703,0.15048122,1
0.5000562226336049,Very High,UOL Notícias,0.8580765639589168,0.01017851,288
1.080517086730537,Very High,Socialista Morena,0.6474201474201474,0.18269104,10
0.32994290772305346,High,Brasil Contra Jair Bolsonaro,0.9144062688366486,0.083999306,59
0.7017753286236893,Very High,Melhor Política,0.6568047337278107,0.038519915,25
0.18783162415915955,Low,Horta Urbana,0.983451536643026,0.021549871,28
0.8146161277071008,Very High,República de Curitiba,0.7581699346405228,0.057005897,13
0.053024129062746506,Very Low,USP Livre,0.9959785522788204,0.009675868,25
0.6581935221487487,Very High,Catraca Livre,0.8429833169774289,0.000038778082,53
0.31160419080791724,Low,BBC News Brasil,0.9690210656753407,0.016964182,29
0.8912759176471406,Very High,Catraca Livre,0.3098827470686767,0.005497652,53
0.10398752252546184,Very Low,Fora Bolsonaro,0.15896820635872824,0.39441586,30
0.22336095406901668,Low,Os Mortadelas,0.6084524549409571,0.06579731,28
0.6107723159859011,Very High,"letra, música & história",0.9937460913070669,0.021785567,16
0.2803431154359851,Low,GRUPO OLAVO DE CARVALHO,0.9988165680473373,0.004900764,123
0.022321100156761836,Very Low,UOL Notícias,0.9063893016344725,0.020231359,288
0.4371271114152266,High,UOL,0.8825136612021858,0.032156147,263
0.47257805726575053,High,Carlos Fernando dos Santos Lima,0.3508667065152421,0.04315203,8
0.054900653350243744,Very Low,Grupo do Movimento Brasil à Direita,1.0,0.011246625,88
0.6411804591723691,Very High,Terra,0.9619306594153637,0.002968732,197
0.49983878295049183,Very High,Direita Carioca,1.0,0.006754258,8
0.3786364546342634,High,UOL,0.9573883161512028,0.01426248,263
0.19315475742936122,Low,Brasil Conservador,1.0,0.0010524077,23
0.58863800627845,Very High,Idelber Avelar,0.7202889034799738,0.18364124,2
0.447008435897436,High,Jornalistas Livres,0.8215845290081097,0.200795,8
0.1742068807377524,Low,UOL,0.9789964994165694,0.015079274,263
0.3808707739574412,High,UOL Notícias,0.9498861047835991,0.017718147,288
0.11262046868282016,Very Low,A Privataria Tucana,0.9559471365638766,0.048099842,56
0.4963415780044636,High,UOL,0.9596100278551533,0.007602467,263
0.4187151821130296,High,UOL,0.925984251968504,0.022964042,263
0.3564442821142272,High,TV Poeira,0.9975429975429976,0.004869349,14
0.5420381207971424,Very High,CartaCapitalista,0.9937926753569212,0.28547668,10
0.19595748733805796,Low,Solidariedade a Dilma,0.9595835884874464,0.028502874,4
0.2122743934675112,Low,Isso é culpa do PT,0.7925925925925926,0.0070369947,9
0.39198678002616805,High,Leoni Oficial,0.31425091352009743,0.071337044,19
0.44785527620911186,High,UOL Notícias,0.9040225829216655,0.0466155,288
0.2696465534895057,Low,Gazeta do Povo,0.7024221453287197,0.010869644,52
0.32229264112570016,High,UOL Notícias,0.8820598006644518,0.038048524,288
0.5144225951497261,Very High,Décio Lima,0.7847593582887701,0.2043827,7
0.13277292329902946,Very Low,Horta Urbana,0.5396931287525016,0.147767,28
0.15881019781776395,Very Low,CUT Brasil,0.9962429555416406,0.01419965,1
0.15445028450854786,Very Low,UOL Notícias,0.8295964125560538,0.034513097,288
0.1001706116504826,Very Low,UOL,0.9376693766937669,0.018095128,263
0.24190611217181288,Low,UOL Notícias,0.7338501291989664,0.024849601,288
0.10124396902933319,Very Low,UOL,0.8294010889292196,0.019100413,263
0.4155139842060576,High,UOL,0.9467680608365019,0.023671126,263
0.16787392475356522,Low,Sudaka,0.9961389961389961,0.03828422,4
0.5720308189365907,Very High,UOL,0.6272401433691757,0.010429831,263
0.9597167255284973,Very High,PrefeiTop,1.0,0.22445217,2
0.10169391525423699,Very Low,Grupo Metropole,0.9518845228548516,0.0035184973,1
0.09441663110584242,Very Low,Brasil de Fato,0.9974779319041615,0.0000100013085,14
0.8207578784632898,Very High,Time Ciro Gomes,0.3732119635890767,0.39441586,35
0.4906064522056435,High,BBC News Brasil,0.9873096446700508,0.000034851186,29
0.18969689182612312,Low,UOL Notícias,0.9483870967741935,0.03309893,288
0.10217056230175581,Very Low,Dilma Resistente,0.3401015228426396,0.09033044,19
0.3906895103048942,High,UOL Notícias,0.8212634822804314,0.013885498,288
0.3338599964720803,High,Lindbergh Farias,0.647675180091683,0.112643376,14
0.4638684368118036,High,UOL,0.6976744186046512,0.034277402,263
0.15424228283678454,Very Low,Melhor Política,0.989100817438692,0.3234372,25
0.000768370658251416,Very Low,Brasil Contra Jair Bolsonaro,0.6771589991928975,0.1460314,59
0.32623209911267,High,Jair Bolsonaro Presidente 2018,0.8949843260188087,0.046368107,6
0.20874340859996493,Low,Terra,0.9762569832402235,0.015267765,197
0.29117081817611684,Low,UOL Notícias,0.8842504743833017,0.005780388,288
0.04571034225824122,Very Low,Brasil Conservador,1.0,0.016712861,23
0.3211269177777236,High,Carioca Rei do Amendoim,0.8393207054212932,0.0074139764,5
0.3002538291535846,Low,UOL,0.7469879518072289,0.021667719,263
0.48326672213744787,High,UOL Notícias,0.6252964426877471,0.023317585,288
0.3652078303649134,High,UOL,0.728414442700157,0.0054034065,263
0.14517174332769556,Very Low,Horta Urbana,0.9867197875166003,0.023788974,28
0.10815279273883915,Very Low,BBC News Brasil,0.983448275862069,0.00019830816,29
0.31396503757891736,High,Cartazes & Tirinhas LGBT,0.9943181818181818,0.42129645,49
0.550580965144366,Very High,Ciro Progressista,0.9420289855072463,0.040183347,1
0.2665100527628594,Low,Paulo Teixeira,0.06,0.2312681,7
0.19714240529997362,Low,Os Mortadelas,0.9505494505494505,0.47323486,28
0.41442426589775244,High,Brasil Contra Jair Bolsonaro,0.9933598937583001,0.23739935,59
0.07285297049064329,Very Low,UOL,0.9693379790940767,0.06579731,263
0.2540488528980481,Low,UOL Notícias,0.9209039548022598,0.027913637,288
0.3008887540608761,Low,Movimento Brasil LIVRE E SOBERANO-Rede Internacional da Legalidade,0.9986693280106453,0.012566062,30
0.336336762536617,High,Canal da Direita,0.9602888086642599,0.06104896,3
1.102107481674286,Very High,Áurea Carolina,0.40346205059920104,0.2330714,2
0.39080777831954255,High,Horta Urbana,0.3449899125756557,0.37751234,28
0.08598349886060008,Very Low,Jandira Feghali,0.6168741355463347,0.15600902,8
0.21260652902567567,Low,Catraca Livre,0.9798850574712644,0.15932569,53
0.13363659339210676,Very Low,Ruth Sheherazade,0.9915966386554622,0.1460314,13
0.36455875670964866,High,Política Feita com a Verdade,0.19168900804289543,0.02543884,13
0.3683468652412465,High,Brasil Contra Jair Bolsonaro,0.7920858484238766,0.32919475,59
0.32870966492750947,High,Brasil Contra Jair Bolsonaro,0.668010752688172,0.1641865,59
0.5871411952398071,Very High,Brava Gente Brasileira,0.9872701555869873,0.32236105,2
0.5963141586817355,Very High,"Pense, é grátis",0.8662952646239555,0.01847211,3
0.4933601893737128,High,"Todos contra a ""globo"" e todos a favor do Lula.",1.0,0.03592727,117
0.25383517396033967,Low,Catraca Livre,0.5421853388658368,0.37751234,53
0.523880285755359,Very High,A Privataria Tucana,1.0,0.049831573,56
0.3669861686452067,High,Gazeta do Povo,0.9930216329378926,0.0040525547,52
0.20866258358235246,Low,Em Defesa do Brasil,0.9986216402481047,0.0032514685,17
0.2593831443628801,Low,BBC News Brasil,0.8455476753349094,0.02402467,29
0.18991189999730196,Low,Zé de Abreu 5.1,0.23374827109266944,0.015833238,1
0.40753430629469894,High,Esquerda Revolucionária,0.9971949509116409,0.112643376,25
0.2352968035441004,Low,UOL,0.7567804024496938,0.0008678436,263
0.31944907836325664,High,Vamos Falar de Patriotismo,0.9985964912280701,0.3367073,5
0.39497558065708793,High,Questione,0.9913606911447084,0.2553839,6
0.3141247798348171,High,A Privataria Tucana,0.9958246346555324,0.013445686,56
0.35593264656221707,High,Jornal O Dia,0.7324656543745481,0.0029844397,16
0.5289192688902029,Very High,O Povo,0.7279885468861846,0.27975297,32
0.34525557785085287,High,UOL Notícias,0.8837863167760075,0.005434822,288
0.10831606578042252,Very Low,Fernando Horta,0.43197026022304835,0.2524482,5
0.29030586653869284,Low,UOL Notícias,0.8444995864350703,0.022256956,288
0.2879377738572442,Low,Isso é culpa do PT,0.686429512516469,0.012566062,9
0.3375684442569125,High,Correio Braziliense,0.9203125,0.019226074,34
0.10169441525423695,Very Low,Grêmio Antifascista,0.9940029985007496,0.006377276,2
0.16679346255377986,Low,Time Ciro Gomes,0.4261241970021413,0.015581916,35
0.011195649717825551,Very Low,Ciro Gomes Pernambuco,0.022598870056497175,0.25462922,11
0.09264373695742889,Very Low,Mídia NINJA,0.8525206922498119,0.16043124,39
0.5869991816234327,Very High,Catraca Livre,0.7003154574132492,0.062236045,53
0.31845696149750413,High,A Privataria Tucana,0.6804915514592934,0.31132057,56
0.2686721496294878,Low,UOL Notícias,0.9443892750744787,0.0154562555,288
0.9025685221487487,Very High,Catraca Livre,0.5258092738407699,0.09112182,53
0.25497110980527277,Low,Socialista Morena,0.8769483182936834,0.09525062,10
0.78978061248688,Very High,Jair Bolsonaro Presidente 2018,0.8428465530022239,0.45761138,6
0.3469571957671036,High,UOL,0.9726775956284153,0.004492367,263
0.3700498822187153,High,A Gazeta Petista,0.85,0.1883923,152
0.8503798759110479,Very High,Jornal O Dia,0.19968429360694553,0.12086493,16
0.8132835604139587,Very High,Cômicas Políticas,0.9970523212969786,0.02638162,6
0.41013650695643455,High,BBC News Brasil,0.4091238233164374,0.0026074578,29
0.1880596557070967,Low,Analfabeto Político,0.5863746958637469,0.036634352,40
0.23532091925911502,Low,Luciana Genro,0.00941346850108617,0.15987846,6
0.038700416274587535,Very Low,UOL Notícias,0.8414096916299559,0.024849601,288
0.29767438615467845,Low,Em Defesa do Brasil,1.0,0.0014765123,17
0.002537106127238342,Very Low,The Intercept Brasil,0.4104803493449782,0.000010676244,3
0.506839046347447,Very High,Leoni Oficial,0.14868804664723032,0.4977744,19
0.24683693469389986,Low,UOL Notícias,0.9457167090754877,0.026145924,288
0.17748066603053403,Low,Afrânio Silva Jardim,0.9807692307692307,0.20032968,4
0.11851233903287423,Very Low,Direita Paraíba,1.0,0.005026425,14
0.2017300621187127,Low,Catraca Livre,0.9757869249394673,0.2820025,53
0.39529109686291314,High,UOL Notícias,0.9304495335029687,0.01822079,288
0.11341268793562098,Very Low,Paulo Mathias,0.38558986539984164,0.00024150399,3
0.45789200472581537,High,Falando Verdades,0.06835066864784546,0.00014333164,8
0.19611472116152112,Low,UOL Notícias,0.8686567164179104,0.022374803,288
0.7588600610484749,Very High,UOL Notícias,0.9866071428571429,0.025674535,288
0.233542862095842,Low,Jair Bolsonaro Presidente 2018,0.8986666666666666,0.27975297,6
0.4667723073082445,High,Bolsonaro Herói Nacional,1.0,0.016021729,28
0.1778424049835224,Low,UOL,0.884108867427568,0.030034892,263
0.507542984199054,Very High,Aliança Carioca,0.40106951871657753,0.2820025,12
0.4485247333672396,High,Carina Vitral,0.6029277218664227,0.045625936,13
0.31491596724809684,High,BBC News Brasil,0.5532390171258377,0.00008491909,29
0.2143317548787094,Low,UOL,0.4375896700143472,0.01633588,263
0.0036789969709584702,Very Low,USP Livre,0.9911190053285968,0.20839658,25
0.022687255671895792,Very Low,UOL,0.6585928489042676,0.0466155,263
0.23636548313175643,Low,Brasil Contra Jair Bolsonaro,0.9727065959059894,0.17631748,59
0.3935202916329914,High,UOL,0.9379715004191115,0.013257195,263
0.3071839787788086,Low,UOL,0.859697386519945,0.009801528,263
0.025645196753334654,Very Low,Analfabeto Político,0.8575851393188855,0.17718399,40
0.1897807924868561,Low,Luciana Genro,0.1366120218579235,0.5921536,6
0.49283754972490484,High,UOL Notícias,0.8486377396569122,0.016210219,288
0.18991206666396865,Low,Esquerda Diário,0.12349397590361445,0.067380086,1
0.17293208086622647,Low,Brasil Contra Jair Bolsonaro,0.19155354449472098,0.37340668,59
0.17591613170074588,Low,UOL Notícias,0.9637023593466425,0.015833238,288
0.2835902787701635,Low,Correio Braziliense,0.9639423076923077,0.005529067,34
0.1880596557070967,Low,Analfabeto Político,0.7093358999037536,0.018723432,40
0.009860963619334306,Very Low,Catraca Livre,0.762660619803477,0.04166769,53
0.5778235192289619,Very High,UOL Notícias,0.9631255487269534,0.008921904,288
0.07290857246731487,Very Low,UOL Notícias,0.6151940545004129,0.009864358,288
1.0822614933934334,Very High,Cartazes & Tirinhas LGBT,0.7864923747276689,0.0665887,49
0.4828098938921624,High,UOL,0.9290780141843972,0.034277402,263
0.44785527620911186,High,UOL Notícias,0.8124494745351657,0.034984488,288
0.5177391519049227,Very High,UOL,0.7860696517412935,0.20265625,263
0.7810936169405199,Very High,Esquerda Revolucionária,0.8976034858387799,0.0056547276,25
0.9664560446429142,Very High,edita pra mim,0.9256198347107438,0.47119883,88
0.5038404559485603,Very High,Brasil Conservador,0.9980601357904947,0.20149297,23
0.2941886098277912,Low,Jornal Extra,0.81855249745158,0.0052149156,13
0.8014429415747906,Very High,Isso é culpa do PT,0.8427612655800575,0.4269174,9
0.10169391525423699,Very Low,Palmeiras Livre,0.9967923015236567,0.2359567,1
0.38722081080446774,High,Chega de Corruptos,0.9984532095901005,0.28674445,7
0.38122099096760514,High,UOL Notícias,0.7181347150259068,0.023788974,288
0.1134348938921624,Very Low,UOL,0.9805825242718447,0.005026425,263
0.1869560602176226,Low,UOL,0.6612377850162866,0.010304171,263
0.5408723990218537,Very High,UOL,0.8579881656804734,0.039935954,263
0.5125649369136569,Very High,Sociedade Racionalista,0.572139303482587,0.017718147,5
0.35422957122736476,High,Bolsonaro M1L GR4U 3.0,0.9935691318327974,0.012440401,6
1.485261585644752,Very High,Operação Bolsonaro,0.6590909090909091,0.026145924,4
0.38665351123001934,High,🇧🇷 Brasil direita Patriota 🇧🇷,1.0,0.027913637,32
0.3326585957567493,High,Grupo do Movimento Brasil à Direita,1.0,0.40614098,88
0.13569702383421015,Very Low,UOL Notícias,0.9791183294663574,0.09308127,288
0.20266586907171003,Low,GRUPO DE APOIO AO  GOVERNO DO BOLSONARO PRESIDENTE DO BRASIL,0.7782982045277127,0.004869349,54
0.16548514400737957,Low,O Globo,0.8455598455598455,0.0042410456,30
0.15942914275301914,Very Low,UOL Notícias,0.9327731092436975,0.020607091,288
1.5250280306947768,Very High,Fora Bolsonaro,0.32719665271966525,0.09828771,30
0.20968473305027246,Low,Brasil Contra Jair Bolsonaro,0.10641754670999187,0.5779532,59
0.259238491560545,Low,Liberdade de Expressão,1.0,0.011372286,2
0.392392843957326,High,Leoni Oficial,0.9950657894736842,0.11129999,19
0.27143652775881055,Low,Horta Urbana,0.5566218809980806,0.36867723,28
0.0042384185487526205,Very Low,Catraca Livre,0.5977443609022557,0.050078966,53
0.1735014609728175,Low,Melhor Política,0.6702214930270713,0.3048984,25
0.24668963911618716,Low,BBC News Brasil,0.9033232628398792,0.0013979743,29
0.09466936957015137,Very Low,Sâmia Bomfim,0.33279871692060947,0.37073207,8
0.04901651619516567,Very Low,UOL Notícias,0.9051819184123484,0.0036127428,288
0.4661892027786496,High,UOL,0.9006815968841285,0.011812098,263
0.3925861943710325,High,Bolsonaro Herói Nacional,1.0,0.011623607,28
0.6928230378348271,Very High,BBC News Brasil,0.6006768189509306,0.00016591127,29
0.8576102438754345,Very High,Ciro Gomes Pernambuco,0.970074812967581,0.11429678,11
0.1016946652542371,Very Low,Sou esquerda e dai?,0.9711451758340848,0.06500591,4
0.014030206374711068,Very Low,UOL Notícias,0.2602739726027397,0.026499467,288
0.29223397256630385,Low,UOL Notícias,0.9627815866797258,0.0046494426,288
0.18275463132372305,Low,Canal Nobre,0.9901153212520593,0.0055918973,6
0.297487591008416,Low,Eliane Brum,0.5704918032786885,0.23379272,3
0.4499347447710788,High,Perolas dos Coxinhas,1.0,0.05304765,244
0.04670263193770163,Very Low,Marx da Depressão,0.9957671957671957,0.055274166,7
0.027100408958937394,Very Low,Cartazes & Tirinhas LGBT,0.05236907730673317,0.09741997,49
0.8043790891037725,Very High,USP Livre,0.70625,0.028974265,25
0.3351788774356493,High,Índia Capitalista,1.0,0.006125955,4
0.16184672712243642,Low,Brasil Contra Jair Bolsonaro,0.9943872778297475,0.45761138,59
0.30058189483186676,Low,Ruth Sheherazade,0.968,0.002450382,13
0.4082767619280066,High,Intervenção ANTES QUE Tardia,0.996222851746931,0.6020386,11
0.12095444637796449,Very Low,USP Livre,0.9303857008466604,0.051068526,25
0.0980388931356665,Very Low,USP Livre,1.0,0.28674445,25
0.10699028293890878,Very Low,Dilma Resistente,1.0,0.050573748,19
1.054252414828622,Very High,Esquerda Revolucionária,0.3326633165829146,0.22712809,25
0.016870807355922723,Very Low,Bolsonaro M1L GR4U 3.0,0.9975845410628019,0.041915078,6
0.5644207381207663,Very High,Catraca Livre Entretenimento,0.9892665474060823,0.0010209925,10
0.028931026273702764,Very Low,UOL Notícias,0.6934156378600823,0.026735162,288
0.2940031453172295,Low,Bolsonaro Herói Nacional,0.986171132238548,0.01834645,28
0.2794270610217354,Low,UOL,0.9644619940769991,0.027913637,263
0.19810976976529215,Low,Parlatório Livre,0.9982949701619779,0.006377276,10
0.0005202603661764171,Very Low,Paulo Teixeira,0.09837467921300257,0.2540519,7
0.4761349514465328,High,Chega de Corruptos,0.9429559204840103,0.6544696,7
0.5144226610837921,Very High,Marco Maia,0.7023255813953488,0.11150667,11
0.3792779362602214,High,UOL,0.9467680608365019,0.021432023,263
0.8443285508381085,Very High,Correio Braziliense,0.9592760180995475,0.027560094,34
0.10435469354786858,Very Low,CartaCapitalista,0.9877800407331976,0.062236045,10
0.2971194843532775,Low,Correio Braziliense,0.8711538461538462,0.011497946,34
0.08777368516216016,Very Low,BBC News Brasil,0.9930735930735931,0.02308189,29
0.18728224618350708,Low,PT - Partido dos Trabalhadores,0.994823123382226,0.016838523,4
0.6785465008008,Very High,Sou esquerda e dai?,0.5824742268041238,0.18364124,4
0.2790651710235392,Low,Brasil Conservador,1.0,0.39915034,23
0.40871510426083635,High,🇧🇷 Brasil direita Patriota 🇧🇷,0.9982502187226596,0.011246625,32
0.2773114548282737,Low,Gazeta do Povo,0.8859857482185273,0.002858779,52
0.26062972909995574,Low,Humberto Costa,0.7435424354243543,0.23235008,11
0.4326756369403466,High,Paulo Teixeira,0.998220640569395,0.14082454,7
0.21826746006433806,Low,Décio Lima,0.6196319018404908,0.15435068,7
0.048012417035525945,Very Low,Mamatraca,0.9943661971830986,0.038048524,5
0.25206186165931294,Low,Esquerda Revolucionária,0.9947826086956522,0.0024817972,25
0.098850350897541,Very Low,Liberalismo da Zoeira,0.7050043898156277,0.37955463,3
0.007301701247594328,Very Low,Catraca Livre Entretenimento,0.06333973128598848,0.03062413,10
0.7280355221838178,Very High,República de Curitiba,0.06460674157303371,0.20335422,13
0.23656910643992346,Low,Bolsonaro Herói Nacional,1.0,0.33504707,28
0.11968386323151839,Very Low,UOL,0.9909502262443439,0.027442247,263
0.04165725116553565,Very Low,Catraca Livre,0.960820895522388,0.009110395,53
0.6044312013632013,Very High,Deputado Marcon,0.9946855624446412,0.011120965,4
0.25097166324560793,Low,Delegada Sheila,0.9840566873339238,0.11202335,1
0.38282793954166316,High,UOL Notícias,0.9191102123356926,0.02072494,288
0.20027718214515014,Low,BBC News Brasil,0.6928508384819064,0.000084428226,29
0.2602683129184986,Low,Burguesia fede,0.21346324180690876,0.14950264,11
0.3791074121765458,High,"Todos contra a ""globo"" e todos a favor do Lula.",0.9222395023328149,0.010806813,117
0.6147410463201539,Very High,Mídia NINJA,0.7749757516973812,0.019854378,39
0.031228306516933424,Very Low,Brasil Contra Jair Bolsonaro,0.1504424778761062,0.31547862,59
0.17478289205548914,Low,GRUPO OLAVO DE CARVALHO,1.0,0.027913637,123
0.2728415307200973,Low,MIB,1.0,0.15213956,2
0.34268131514860367,High,Os Mortadelas,0.99644128113879,0.0038169413,28
0.6724415364748622,Very High,UOL Notícias,0.8964879852125693,0.10609736,288
0.18440611184251726,Low,Direita Carioca,1.0,0.01005285,8
0.10217056230175581,Very Low,Dilma Resistente,0.27932960893854747,0.36043653,19
0.248740835793553,Low,Aliança Carioca,0.2815533980582524,0.2553839,12
1.1449648812150115,Very High,Fortaleza Ceará,0.2652689152233364,0.006534352,9
0.35229547913414727,High,Brasil Conservador,0.9907578558225508,0.019854378,23
0.5206522533567743,Very High,Cartazes & Tirinhas LGBT,0.9959798994974874,0.055521555,49
0.8721500674147166,Very High,TV Poeira,0.651219512195122,0.3972142,14
0.7602429407533998,Very High,Catraca Livre,0.3323216995447648,0.009236055,53
0.0042384185487526205,Very Low,Catraca Livre,0.140625,0.071337044,53
0.21958652297599424,Low,Catraca Livre Entretenimento,0.9639126305792972,0.0006086686,10
0.46975506724567095,High,Girls In The House,0.9792207792207792,0.11067997,1
0.026697927094780805,Very Low,Fora Bolsonaro,0.6077669902912621,0.50789946,30
0.0758886826059545,Very Low,USP Livre,1.0,0.0017592487,25
0.7013503196924553,Very High,Cartazes & Tirinhas LGBT,0.2890995260663507,0.20172562,49
0.236486191150473,Low,CBN,0.3186046511627907,0.0030786851,7
0.02519742263374447,Very Low,Horta Urbana,0.1836734693877551,0.200795,28
0.09028627935428585,Very Low,Revoltados on LINE - Intervenção FFAA,0.9333986287952988,0.3977292,18
0.2672353286290363,Low,Não fechem minha escola,0.1736745886654479,0.03015274,2
0.2960492189430103,Low,Catraca Livre Entretenimento,0.959758551307847,0.11036996,10
0.8244061557921385,Very High,Com Márcio França SP Avança,0.9853881278538813,0.008796243,2
0.2397792291062034,Low,UOL,0.9509803921568627,0.035220183,263
0.18991206666396865,Low,Esquerda Diário,0.3010948905109489,0.16043124,1
0.43840278278415357,High,Bolsominions,0.9981006647673314,0.036870047,7
0.15491522913468325,Very Low,Bolsonaro: aqui não,0.11235955056179775,0.062236045,18
0.7808689825830869,Very High,Sociedade Racionalista,0.0647887323943662,0.0045551974,5
0.30738563697106647,Low,Brasil Contra Jair Bolsonaro,0.9981600735970562,0.017843807,59
0.0894248006288123,Very Low,Ciro Gomes Zueiro,0.27514231499051234,0.25084448,9
0.11985160301157716,Very Low,Isso é culpa do PT,0.5854823304680038,0.20572066,9
0.4787780972985896,High,UOL,0.8894472361809045,0.019100413,263
0.03767099505204141,Very Low,Cartazes & Tirinhas LGBT,0.14206128133704735,0.050326355,49
0.012581991558676564,Very Low,Bolsonaro Herói Nacional,1.0,0.010618322,28
0.6581935221487487,Very High,Catraca Livre,0.5390946502057613,0.018723432,53
0.13517999958058988,Very Low,UOL Notícias,0.8978723404255319,0.014702292,288
0.16081763336757313,Very Low,UOL Notícias,0.7856353591160221,0.027913637,288
0.37800268686589483,High,UOL Notícias,0.7897727272727273,0.01237757,288
0.4756024516763374,High,Carina Vitral,0.9961277831558567,0.043646812,13
0.8248515746438556,Very High,FORÇABRASIL,0.3681159420289855,0.3286776,3
0.4612125503034564,High,Blog do Josias,0.6663101604278074,0.19986437,30
0.5981308520028119,Very High,Forças Militares,0.9905123339658444,0.32919475,2
0.349276738595329,High,Marcos Alexandre Santos,0.9981167608286252,0.19314334,6
0.49245668246761265,High,O Incomum,0.6460431654676259,0.2648175,3
0.2701747058043884,Low,UOL,0.9664921465968587,0.03734144,263
0.2887096003365014,Low,UOL,0.9339045287637698,0.009236055,263
0.5439466219748905,Very High,Horta Urbana,0.4118792599805258,0.3389984,28
0.15192120210135995,Very Low,Esquerda Revolucionária,1.0,0.00023365021,25
0.44751617979136654,High,Horta Urbana,0.28530259365994237,0.36095104,28
0.7874174395723381,Very High,Mulheres Unidas Contra Bolsonaro,0.9681697612732095,0.012314741,14
0.043451044405219075,Very Low,Lula pelo Brasil,0.9942252165543792,0.3234372,12
0.1788273582283334,Low,Comunidade Socialista Brasileira,0.9646017699115044,0.36095104,6
0.3752284529765201,High,Sou esquerda e dai?,0.1051108968177435,0.32919475,4
0.08063357197154342,Very Low,Ultrajano,0.996222851746931,0.4274071,9
0.0724119929501994,Very Low,Cartazes & Tirinhas LGBT,0.17391304347826086,0.000024052228,49
0.204297603228353,Low,"letra, música & história",0.9631425800193987,0.13041082,16
0.14815326143674923,Very Low,Brasil Conservador,1.0,0.25915736,23
0.21037788219382886,Low,UOL Notícias,0.7605263157894737,0.01005285,288
0.04355254723534352,Very Low,Muda Mais,0.039014373716632446,0.6342749,5
0.44163569953640247,High,Correio Braziliense,0.7895927601809954,0.000020125333,34
0.09218297216809868,Very Low,Tenente Santini,0.9808510638297873,0.29405528,4
0.18800311059827046,Low,Brasil Contra Jair Bolsonaro,0.6921465968586388,0.038048524,59
0.341664215655478,High,Leoni Oficial,0.7299670691547749,0.034513097,19
0.04746296178942022,Very Low,Xico Sá,0.6560999039385207,0.19789438,4
0.42602346611891206,High,Terra,0.9779116465863453,0.04834723,197
0.1641015605588294,Low,UOL,0.9699421965317919,0.0076652975,263
0.2701747058043884,Low,UOL,0.8308227114716107,0.015707577,263
0.09696201919395714,Very Low,BBC News Brasil,0.9391100702576113,0.018974753,29
0.3062794805230084,Low,UOL,0.9716859716859717,0.029445656,263
0.07469676535631764,Very Low,Os Mortadelas,0.16666666666666666,0.37694603,28
0.03684204493690435,Very Low,Lindbergh Farias,0.3826173826173826,0.0001335144,14
0.8112543448519746,Very High,Carlos Fernando dos Santos Lima,0.982740021574973,0.09481675,8
0.2073589445250734,Low,UOL,0.9527235354573484,0.009738698,263
0.3127012250242671,High,Terra,0.5269230769230769,0.000026015674,197
0.21465855038373693,Low,Caneta Desmanipuladora,0.9960591133004926,0.3140926,1
0.39772968343446813,High,A Privataria Tucana,0.4612868047982552,0.009738698,56
0.1462497131860494,Very Low,Cartazes & Tirinhas LGBT,0.8205128205128205,0.08320791,49
0.170125123488552,Low,Agentes Federais do Brasil,1.0,0.023906821,11
0.49789165832580995,High,Estamos Com Lula,0.20925553319919518,0.00017376507,2
0.23822349180723654,Low,Correio Braziliense,0.9087136929460581,0.012880214,34
0.07237112932543174,Very Low,iG,0.8043478260869565,0.0045866123,41
0.10996896425693126,Very Low,Direita Carioca,1.0,0.012126249,8
0.3868288346875417,High,Gazeta do Povo,0.9898373983739838,0.0035027897,52
0.1586592247970453,Very Low,Flavio Serafini,0.8257345491388045,0.30539915,8
0.6404422108653431,Very High,GRUPO OLAVO DE CARVALHO,0.16993464052287582,0.071337044,123
0.5493596294745641,Very High,Revoltados on LINE - Intervenção FFAA,0.8146811070998796,0.14429577,18
0.1455090452866714,Very Low,Amauri Teixeira,0.5425641025641026,0.48141238,14
0.3191018720531865,High,Carlos Fernando dos Santos Lima,0.8613861386138614,0.33338684,8
0.008866984625628127,Very Low,BBC News Brasil,0.5523012552301255,0.025910228,29
0.11968386323151839,Very Low,UOL,0.9718706047819972,0.03875561,263
0.18991206666396865,Low,Esquerda Diário,0.2905894519131334,0.00018063713,1
0.3612687384535446,High,UOL,0.7514285714285714,0.18554166,263
0.21370269494601857,Low,CartaCapital,0.8080697928026173,0.009173225,3
0.07845843929456997,Very Low,Esquerda Revolucionária,0.8489583333333334,0.06421452,25
0.5093747214600449,Very High,UOL Notícias,0.9847133757961783,0.006691428,288
0.5972587162751004,Very High,Blog do Josias,0.9868421052631579,0.020231359,30
0.36907805229448937,High,Cartazes & Tirinhas LGBT,0.45934959349593496,0.30502358,49
0.16467913574086102,Low,Paulo Pimenta,0.21548117154811716,0.26104406,8
1.048375283301161,Very High,A Privataria Tucana,0.5288611544461779,0.014136819,56
0.4647179330598884,High,Blog do Josias,0.9855072463768116,0.029799197,30
0.2659972718202708,Low,Bolsonaro M1L GR4U 3.0,1.0,0.034984488,6
0.4212294724800801,High,Pato arrependido,1.0,0.034513097,32
0.22812809241995952,Low,Ciro Gomes Pernambuco,0.9955604883462819,0.011560776,11
0.3278891503039955,High,Correio Braziliense,0.8193411264612115,0.004775103,34
0.33773169228022,High,Reginaldo Lopes,0.9978969505783386,0.01438814,7
0.2129049309176847,Low,Os Mortadelas,0.9264069264069265,0.3127066,28
0.15599739598807605,Very Low,"letra, música & história",0.7575757575757576,0.019728716,16
0.6857956772353503,Very High,Catraca Livre,0.001034126163391934,0.3811502,53
0.6609819323254755,Very High,Brasil Contra Jair Bolsonaro,0.6067415730337079,0.054779384,59
0.15794920757137682,Very Low,República de Curitiba,0.5289017341040463,0.005089255,13
0.2051489739762391,Low,Lula pelo Brasil,0.9916839916839917,0.28087774,12
0.7527636048266455,Very High,Catraca Livre,0.14680851063829786,0.037105743,53
0.5511921455440926,Very High,Jornal Correio,0.07165775401069518,0.3389984,10
0.1842107960138904,Low,UOL,0.9225967540574282,0.0054662367,263
0.0413481502235975,Very Low,Brasil Contra Jair Bolsonaro,0.08324552160168598,0.014639461,59
0.07817272849424917,Very Low,Perolas dos Coxinhas,0.9927095990279465,0.10175867,244
0.30472276093919315,Low,UOL Notícias,0.735,0.027677942,288
0.6962776105030126,Very High,Os Mortadelas,0.5034802784222738,0.15158679,28
0.165418535188105,Low,Leiodetudo,0.9809069212410502,0.031331215,1
1.0686788776898462,Very High,A Privataria Tucana,0.4177215189873418,0.37751234,56
0.31258937205245985,Low,Perolas dos Coxinhas,0.9978947368421053,0.20839658,244
0.048659192709548216,Very Low,Ruth Sheherazade,0.9953810623556582,0.23451406,13
0.14341598215032741,Very Low,UOL,0.9788484136310224,0.01847211,263
0.44106088761968165,High,Os Mortadelas,0.7062750333778371,0.31963667,28
0.5144226610837921,Very High,Jovens de Esquerda,0.5746714456391876,0.016021729,12
0.3518107533065448,High,UOL Notícias,0.961439588688946,0.010618322,288
0.460774989730369,High,Revista ISTOÉ,0.3426183844011142,0.10653123,3
0.173236403280269,Low,Jornalistas Livres,0.9956043956043956,0.17718399,8
0.1219318045209472,Very Low,Fora Bolsonaro,0.9910313901345291,0.3234372,30
0.2339833669045403,Low,iG,0.8074866310160428,0.0042096307,41
0.21343489389216241,Low,UOL,0.8387516254876463,0.009613037,263
0.25979686745794806,Low,"letra, música & história",0.23010752688172043,0.17891699,16
0.226818472993095,Low,Mulheres Unidas Contra Bolsonaro,1.0,0.026263772,14
0.07140345739153747,Very Low,Ciro Gomes Pernambuco,0.9889867841409692,0.0004947887,11
0.3151344699061611,High,A Privataria Tucana,0.6083231334149327,0.27750343,56
0.23795245015605285,Low,UOL Notícias,0.9491298527443106,0.018849092,288
0.05169486511534804,Very Low,Leoni Oficial,0.9931740614334471,0.067380086,19
0.376364344632619,High,Carlos Eduardo,0.8002171552660152,0.009675868,2
0.38983507237459375,High,Grande mobilização Nacional contra a Corrupção,0.9821826280623608,0.7252971,4
0.2289123733577704,Low,UOL,0.8411316648531012,0.019477395,263
0.2748034816022593,Low,Wilson Gomes,0.531317494600432,0.08241652,2
0.247486033519553,Low,CBN,0.8122905027932961,0.0065657673,7
0.7521243201351321,Very High,Grupo do SOLDADO DE AÇO RESISTÊNCIA PATRIÓTICA,0.4244604316546763,0.09568449,3
0.6783526482993161,Very High,Grupo do Movimento Brasil à Direita,0.41414141414141414,0.030741978,88
0.4906064522056435,High,BBC News Brasil,0.8991228070175439,0.00014627681,29
0.7241521269634037,Very High,Acervo do Conhecimento Histórico,0.39556592765460913,0.22846605,12
0.1840824637539476,Low,Carina Vitral,0.5351609058402861,0.019477395,13
0.276831446143933,Low,Pérolas Online,0.92018779342723,0.051068526,2
0.21297743998727942,Low,UOL,0.9706840390879479,0.036870047,263
0.20027718214515014,Low,BBC News Brasil,0.7312775330396476,0.00045944663,29
0.31160419080791724,Low,BBC News Brasil,0.8893905191873589,0.015204934,29
0.3909849203863347,High,Analfabeto Político,0.46685472496473907,0.0034556668,40
0.03144296768197685,Very Low,Rafael Zucco,0.9977924944812362,0.025556687,4
0.38129103045680257,High,UOL,0.17229729729729729,0.13908891,263
0.9959190166885306,Very High,Intervenção ANTES QUE Tardia,0.9084194977843427,0.11419344,11
0.34471844591480344,High,Brasil Contra Jair Bolsonaro,0.7795637198622273,0.037577134,59
0.21762587812296952,Low,PeTistas de Coração,0.6886898096304591,0.032391842,7
0.39461764685134226,High,edita pra mim,1.0,0.019477395,88
0.394091686855938,High,"Padre Joãozinho, SCJ",0.7617328519855595,0.34328604,1
0.37522857797652,High,Paulo Pimenta,0.328125,0.4269174,8
0.24098113604408844,Low,Brasil Contra Jair Bolsonaro,0.6042908224076281,0.045873325,59
0.4531568121817675,High,Correio Braziliense,0.8887171561051005,0.0038169413,34
0.45789200472581537,High,Elika Takimoto,0.44269662921348313,0.4014846,7
0.043120750978077334,Very Low,UOL Notícias,0.9468791500664011,0.016838523,288
0.5513489966509844,Very High,CartaCapitalista,0.9972067039106145,0.23451406,10
1.0750474983145066,Very High,LULA INOCENTE  NOSSO PRESIDENTE,0.984779299847793,0.3281604,59
0.33050735666544845,High,Brasil Contra Jair Bolsonaro,0.9726651480637813,0.040925518,59
0.14745042711240475,Very Low,Grande mobilização Nacional contra a Corrupção,0.6761904761904762,0.015393426,4
1.091465627035402,Very High,Mídia NINJA,0.3275862068965517,0.031331215,39
0.19155397348813819,Low,Direita Paraíba,1.0,0.013822667,14
0.29047245256653187,Low,O Estadista,0.806674338319908,0.6027529,18
0.31784983024480945,High,Apenas Mais Uma de Ateu,0.9857142857142858,0.5885171,8
0.608136259379963,Very High,Ciroência,0.9549041713641488,0.38434127,1
0.03802505782658859,Very Low,UOL,0.8723404255319149,0.031213367,263
0.6676269874018493,Very High,Esquerda Revolucionária,0.8450074515648286,0.032863233,25
0.055207571846813464,Very Low,Seja Subversivo,0.796875,0.08716487,14
0.21826752599840404,Low,Jovens de Esquerda,0.36310223266745006,0.02048268,12
0.5820151991271868,Very High,Horta Urbana,0.8293135435992579,0.25084448,28
0.6759447074655411,Very High,Melhor Política,0.012895662368112544,0.19409354,25
0.5446470900908972,Very High,Direita Carioca,0.9735973597359736,0.015896067,8
0.21684413162968597,Low,La Batalla Cultural,1.0,0.0050578397,1
1.0216907972364417,Very High,Bolsonaro M1L GR4U 3.0,0.7537091988130564,0.687436,6
0.19019975477551687,Low,Botando Pilha,0.08538011695906433,0.3389984,9
0.40953345223568316,High,UOL Notícias,0.9195979899497487,0.067380086,288
1.0295106690608915,Very High,Igreja de Santa Cher na Terra,0.9937304075235109,0.37751234,5
0.19999979999999995,Low,Tarcísio Motta,0.9883177570093458,0.104361884,5
0.45007140393487205,High,Canal Nobre,0.7407847800237812,0.0058432184,6
0.754354312893701,Very High,Canal Nobre,0.7762237762237763,0.2853768,6
0.08354929999168892,Very Low,Terra,0.9406207827260459,0.000029942568,197
0.03591325932323042,Very Low,Brasil de Fato,0.9953325554259043,0.040183347,14
0.018706182947370364,Very Low,Catraca Livre,0.9633802816901409,0.059232414,53
0.06190866647102877,Very Low,Ruth Sheherazade,0.9974937343358395,0.6544696,13
0.6915180901994291,Very High,Rafael Zucco,0.9922630560928434,0.27750343,4
0.6532911330599651,Very High,BBC News Brasil,0.7102137767220903,0.0010759691,29
0.0179008633630795,Very Low,USP Livre,0.9290586630286494,0.03828422,25
0.02025445463086628,Very Low,Sudaka,0.9917695473251029,0.013005874,4
0.49928559477988127,Very High,Índia Capitalista,1.0,0.4269174,4
0.16681990982425787,Low,O Estadista,0.8048128342245989,0.3389984,18
0.1507469950033008,Very Low,Portal da Educadora,0.08176100628930817,0.019980038,16
0.1453405520162594,Very Low,Flavio Serafini,0.6144578313253012,0.3389984,8
0.176822768239578,Low,Esquerda Revolucionária,0.9975961538461539,0.005434822,25
0.22077283720662144,Low,Bolsonaro Herói Nacional,0.9976133651551312,0.32919475,28
0.10169477239709412,Very Low,Lula Livre,0.978494623655914,0.3666224,7
0.43435167165624267,High,Catraca Livre,0.9925742574257426,0.009864358,53
0.3408687836429931,High,Brasileiros no Japão,0.854679802955665,0.000101117526,4
0.44198649683172364,High,O Cafezinho,0.5893719806763285,0.54325575,3
0.7181817225501776,Very High,EL PAÍS Brasil,0.8304172274562585,0.00015216715,9
0.29316874770023815,Low,A Privataria Tucana,0.9950433705080545,0.008733413,56
0.002910131578208297,Very Low,Ciro Gomes Zueiro,0.44458281444582815,0.039935954,9
0.19055872885150316,Low,TV Poeira,0.5498652291105122,0.2553839,14
0.9166513299725118,Very High,Bolsonaro M1L GR4U 3.0,0.8516746411483254,0.17198499,6
0.3049875176530696,Low,UOL,0.8951841359773371,0.017466826,263
0.21762203080057552,Low,Mariachi,0.699859747545582,0.07608539,14
0.39758713007970153,High,Horta Urbana,0.9811066126855601,0.025556687,28
0.5516940008882467,Very High,"Todos contra a ""globo"" e todos a favor do Lula.",0.9975,0.03734144,117
0.6695013320356903,Very High,"letra, música & história",0.8533834586466166,0.022964042,16
0.32351463633467503,High,Leoni Oficial,0.4726609963547995,0.1883923,19
0.47157781113851144,High,Brasil Contra Jair Bolsonaro,0.7292682926829268,0.023906821,59
0.13204109303504186,Very Low,Perolas dos Coxinhas,0.926412614980289,0.054037213,244
0.4011452830593182,High,UOL Notícias,0.8026124818577649,0.006785673,288
0.004191976548661436,Very Low,Brasil Contra Jair Bolsonaro,0.2506393861892583,0.4269174,59
0.45903914942198865,High,Os Mortadelas,0.6575,0.2396185,28
0.634024348230195,Very High,MC Carol,0.9771428571428571,0.03592727,1
0.5134127146021916,Very High,O Incomum,0.5277382645803699,0.091913216,3
0.977425377947112,Very High,GRUPO OLAVO DE CARVALHO,0.9578606158833063,0.29953843,123
0.24443596618135444,Low,Brasil Contra Jair Bolsonaro,0.9974842767295597,0.004429537,59
0.549272467173318,Very High,edita pra mim,0.9949937421777222,0.11171334,88
0.029489190632255302,Very Low,Xico Sá,0.18804483188044832,0.31825066,4
0.9930864658054888,Very High,Dilma Resistente,0.4884318766066838,0.3234372,19
0.6564283758721704,Very High,UOL,0.8505897771952818,0.041172907,263
0.07096095543923404,Very Low,Revoltados on LINE - Intervenção FFAA,0.4451450189155107,0.2854835,18
0.052414302397590096,Very Low,Terra,0.9851024208566108,0.009738698,197
0.21684505470660909,Low,Marco Maia,0.9774718397997497,0.008544922,11
0.2694170341678205,Low,Bolsonaro Herói Nacional,1.0,0.0035342048,28
0.29037461063993686,Low,Rafael Zucco,0.9519094766619519,0.24282593,4
0.7748732216511667,Very High,UOL,0.9793548387096774,0.013320025,263
0.04744307337893961,Very Low,UOL,0.9427792915531336,0.001225191,263
0.12901186737232156,Very Low,Pau de Arara,1.0,0.04240986,9
1.2460956596923067,Very High,Jean Wyllys,0.9897039897039897,0.014827953,3
0.1528177588997886,Very Low,UOL,0.7996070726915521,0.0070369947,263
0.12545476102055808,Very Low,Jovens de Esquerda,0.10745891276864729,0.3389984,12
0.009960425871233691,Very Low,David Miranda,0.9771863117870723,0.3389984,20
0.2479241287426916,Low,UOL,0.7464285714285714,0.024142517,263
0.35409253325594336,High,PSOL Carioca,0.7040229885057471,0.3389984,7
0.7270662222222963,Very High,Wilson Gomes,0.28498727735368956,0.32074678,2
0.3515275620209039,High,Questione,0.5788079470198676,0.25462922,6
0.2829815193074372,Low,TV Poeira,0.5539971949509116,0.08716487,14
0.7717832532609691,Very High,Esquerda Revolucionária,0.9890909090909091,0.018095128,25
0.14858364156926662,Very Low,Amauri Teixeira,0.710948905109489,0.021667719,14
0.9068771761157945,Very High,Ultrajano,0.2416452442159383,0.37340668,9
0.2994722967570335,Low,Melhor Política,0.4005235602094241,0.05230548,25
0.39099054057071747,High,Brasil Contra Jair Bolsonaro,0.7155049786628734,0.15490346,59
0.8457233255211605,Very High,Brasil Contra Jair Bolsonaro,0.9792899408284024,0.509388,59
0.34977096101555527,High,Brasil Conservador,0.9948453608247423,0.02402467,23
1.5054237422350183,Very High,Maria do Rosário,0.06882591093117409,0.30502358,5
0.09176707301061648,Very Low,OneL13,0.832258064516129,0.010492661,26
1.1025685221487487,Very High,Catraca Livre,1.0,0.026499467,53
0.22774785758371707,Low,VICE Brasil,0.6840659340659341,0.040925518,3
0.41571114401473097,High,Pragmatismo Político,0.0873015873015873,0.024849601,1
0.4631077800788685,High,#A GAZETA ESQUERDISTA CONTRA O COISO,1.0,0.05304765,108
0.7234367096705837,Very High,David Miranda,0.28083989501312334,0.037577134,20
0.1448044727648814,Very Low,UOL,0.8190954773869347,0.035220183,263
0.16467918381778412,Low,Marco Maia,0.4540612516644474,0.2396185,11
0.23712009374528642,Low,Luizianne Lins,1.0,0.030741978,8
0.4709575897253102,High,Isso é culpa do PT,0.966824644549763,0.5885171,9
0.5336758618084607,Very High,Iconoclastia Incendiária,0.8792569659442725,0.2763787,6
1.0044728919623356,Very High,Bolsonaro Presidente do Brasil,0.9973118279569892,0.21776234,9
0.6250151460112928,Very High,Dilma Resistente,0.9840425531914894,0.071337044,19
0.08640028330564486,Very Low,Fernanda Melchionna,0.5665294924554184,0.30452284,9
0.26276583205618875,Low,Time Lula,1.0,0.00713124,10
0.05142174389093135,Very Low,É melhor Jair se arrependendo,0.8231046931407943,0.034041706,2
0.2166529422059147,Low,Gazeta do Povo,0.9865047233468286,0.003895479,52
0.3364226656295096,High,Política Feita com a Verdade,0.8869565217391304,0.014827953,13
0.41886046265376464,High,Catraca Livre,0.1016949152542373,0.02543884,53
0.4250235051171737,High,Analfabeto Político,0.8513513513513513,0.00022677814,40
0.4762651482378308,High,Chega de Corruptos,0.9973045822102425,0.08637348,7
0.3783409247240817,High,Bolsonaro: aqui não,0.994579945799458,0.39842087,18
0.40150292138595484,High,UOL Notícias,0.8859470468431772,0.030388435,288
0.12313090649979264,Very Low,Catraca Livre,0.9908256880733946,0.000057676258,53
0.1656163682867411,Low,Pato arrependido,1.0,0.015519086,32
0.3660255933968884,High,Comunidade Socialista Brasileira,0.9946018893387314,0.7252971,6
1.2833666994751274,Very High,Gotas de Otimismo e Informação,0.662847790507365,0.22579013,13
0.42980217518623526,High,Haddad Governador,0.9707446808510638,0.009801528,4
0.10775108744354667,Very Low,Carioca Rei do Amendoim,0.9862448418156808,0.3389984,5
0.19409247352260828,Low,Praia grande mil grau,0.42196531791907516,0.010681152,4
0.5427683938219163,Very High,Índia Capitalista,0.9964349376114082,0.024613906,4
0.1902692890973542,Low,"Na dúvida, siga à esquerda",0.9919678714859438,0.00003583291,31
0.4627264006413396,High,Igreja de Santa Cher na Terra,0.6230899830220713,0.013697007,5
0.1391575002074168,Very Low,Direita Carioca,0.9967373572593801,0.014765122,8
0.24946463498667254,Low,Anderson Oliveira,1.0,0.011937759,4
0.0859089280008104,Very Low,Carina Vitral,0.7099447513812155,0.07212844,13
0.5116127839086558,Very High,Dilma Resistente,0.9779917469050894,0.014513801,19
0.49908660015352896,Very High,Ursal- A Nova Ordem Mundial,0.8535714285714285,0.45090583,14
0.3674568881967798,High,Magaligna,1.0,0.03734144,8
0.04143576415829142,Very Low,Brasil Contra Jair Bolsonaro,0.41609822646657574,0.08716487,59
0.20499256844930358,Low,CartaCapitalista,0.6537102473498233,0.17631748,10
0.051199284113811694,Very Low,Vem Pra Rua Independentes,0.9775700934579439,0.32074678,4
0.2499304075119243,Low,Douglas Garcia,1.0,0.50503236,4
0.13470438254399653,Very Low,Melhor Política,0.3587994542974079,0.04290464,25
0.4978919083258101,High,Esta é uma Coxinha,0.03561643835616438,0.022256956,5
0.3538138271368301,High,O Povo,0.984,0.0019163244,32
0.09488235468460754,Very Low,Pau de Arara,0.9972413793103448,0.029092113,9
0.26276581538952204,Low,Time Dilma,1.0,0.00713124,10
1.1126635681593657,Very High,Tenente Santini,0.97953216374269,0.01419965,4
0.060759205374464775,Very Low,Babá,0.6625766871165644,0.06421452,6
0.16134463765122753,Low,Horta Urbana,0.9943977591036415,0.07608539,28
1.4927175523789395,Very High,Melhor Política,0.4347202295552367,0.10522962,25
0.11725712963202493,Very Low,UOL Notícias,0.6199376947040498,0.019100413,288
0.2628500952965916,Low,UOL,0.9414990859232175,0.020960633,263
0.39099054057071747,High,Brasil Contra Jair Bolsonaro,0.684053651266766,0.22712809,59
0.16701486085983386,Low,Fora Bolsonaro,0.22052704576976423,0.04290464,30
0.1870039700817423,Low,David Miranda,0.26795580110497236,0.6020386,20
0.5171009339952002,Very High,A Privataria Tucana,0.5491009681881052,0.008482091,56
0.5947928941445999,Very High,Carlos Fernando dos Santos Lima,0.8370786516853933,0.040430736,8
0.3342898819768523,High,Brasil Conservador,0.9971988795518207,0.0005615459,23
1.1154633402637413,Very High,edita pra mim,0.2846153846153846,0.104361884,88
0.21684488162968607,Low,PT São Paulo,1.0,0.014953613,4
0.4458951549089053,High,PSOL Carioca,1.0,0.3245134,7
0.668836141994828,Very High,Cristiano Caporezzo,1.0,0.020842785,1
0.5600119859843676,Very High,Marx da Depressão,1.0,0.32712606,7
0.14301314280943211,Very Low,Fernanda Melchionna,0.09348441926345609,0.2524482,9
1.0507124009477675,Very High,Brasil Contra Jair Bolsonaro,0.9967585089141004,0.014765122,59
0.5856260508501481,Very High,Pato arrependido,0.6050420168067226,0.00823077,32
0.598130352002812,Very High,William Aragão,0.9877300613496932,0.015079274,1
0.132990656710066,Very Low,Alexandre Padilha,0.47770700636942676,0.102192536,4
0.547017901396287,Very High,Leoni Oficial,0.6096866096866097,0.08874765,19
0.21875608429406723,Low,Gaúchos da resistência.,1.0,0.027206551,66
0.31222072507530424,Low,Mulheres Com Bolsonaro,1.0,0.0010524077,4
0.06048937096850457,Very Low,Blog do Josias,0.646875,0.20242359,30
1.2596655477095793,Very High,Direita Carioca,0.9854862119013063,0.004492367,8
0.20134037760295098,Low,Política no Face II,0.9547511312217195,0.039935954,2
0.3086418201966996,Low,UOL,0.93713163064833,0.049831573,263
0.1168065262905642,Very Low,"Na dúvida, siga à esquerda",0.5960591133004927,0.0029844397,31
0.034609007359846844,Very Low,A Privataria Tucana,0.04992867332382311,0.20335422,56
0.22075309679156174,Low,Ruth Sheherazade,1.0,0.015267765,13
0.10462444597134246,Very Low,Ciro Gomes Pernambuco,0.34281650071123754,0.011058134,11
0.04673556689159597,Very Low,GRUPO DE APOIO AO  GOVERNO DO BOLSONARO PRESIDENTE DO BRASIL,0.9971509971509972,0.025910228,54
0.18220838998381308,Low,Ursal- A Nova Ordem Mundial,0.2198581560283688,0.10783285,14
0.04579584989434782,Very Low,Fora Bolsonaro,0.9593114241001565,0.11109332,30
0.04979186100114619,Very Low,O Estadista,0.9971098265895953,0.2854869,18
0.46829757260795624,High,Brasil Conservador,1.0,0.0016021729,23
0.2206059977604362,Low,"Na dúvida, siga à esquerda",0.0029069767441860465,0.3302291,31
0.05901711212772853,Very Low,Rui Falcão,1.0,0.08241652,7
0.22090531719442164,Low,Jorge Solla,0.7068403908794788,0.46716887,7
0.2942825110486985,Low,Mariachi,0.9913419913419913,0.103928015,14
0.3126387955509792,High,Médicos contra o PT,1.0,0.034277402,7
0.07533451283713655,Very Low,Salvem a Democracia,0.9409020217729394,0.29039988,8
0.384754521668635,High,Viajantes Solitários,0.7247386759581882,0.20973456,1
0.19999975000000003,Low,TODAS Fridas,0.9941605839416059,0.01859777,4
0.418608501719801,High,Leoni Oficial,0.8728323699421965,0.4014846,19
0.0482364718566578,Very Low,Dilma Resistente,0.9851632047477745,0.020960633,19
0.23879210344827595,Low,"Com Açúcar, Com Afeto",0.6441717791411042,0.11129999,1
0.23197088669775495,Low,Carlos Alberto Brilhante Ustra,0.9721254355400697,0.37458646,3
0.7018874169258098,Very High,Perolas dos Coxinhas,0.9595375722543352,0.43965456,244
0.27649006747552707,Low,Guilherme Boulos,0.712166172106825,0.055026773,3
0.019948349172031143,Very Low,O Estadista,1.0,0.008859074,18
0.5696703690642992,Very High,Parlatório Livre,0.9602977667493796,0.3266089,10
0.7542317306099736,Very High,Política Feita com a Verdade,0.5359765051395007,0.017969469,13
0.28704880280744616,Low,BBC News Brasil,0.8664596273291926,0.010681152,29
0.38643236108310197,High,Resistência anti-socialismo,1.0,0.019477395,1
0.2719289989737676,Low,UOL,0.8070500927643784,0.021549871,263
0.21557039580031612,Low,GRUPO OLAVO DE CARVALHO,0.9876796714579056,0.005874634,123
0.3808425996707815,High,OneL13,0.9907834101382489,0.026499467,26
0.22899060058997114,Low,UOL Notícias,0.9536679536679536,0.033334624,288
0.5190388926383867,Very High,The Intercept Brasil,0.39104477611940297,0.008984734,3
0.013964351161364075,Very Low,Esquerda Revolucionária,0.4861788617886179,0.17805049,25
0.4707529171040611,High,Marília Campos,0.997037037037037,0.1537979,2
0.6533375236711636,Very High,Anarcomiguxos VIII,0.7964071856287425,0.15158679,3
0.4710626323091802,High,Margarida Salomão,0.9435364041604755,0.16245349,17
0.212636246412771,Low,Bolsonaro do Nordeste,1.0,0.021432023,9
0.03948765472619864,Very Low,Os Mortadelas,0.30618401206636503,0.50759226,28
0.12364094813469939,Very Low,Comunidade Socialista Brasileira,0.7357910906298003,0.015393426,6
0.10304011464538698,Very Low,Leoni Oficial,0.9936808846761453,0.011058134,19
0.480073371153767,High,O Povo,0.9741219963031423,0.009738698,32
0.6581935221487487,Very High,Catraca Livre,0.8484848484848485,0.016021729,53
0.2499304075119243,Low,Tenente Santini,1.0,0.42568782,4
0.3031835041194827,Low,URSAL,0.7089552238805971,0.0058432184,10
0.10717439760314983,Very Low,UOL Notícias,0.7470355731225297,0.112953395,288
0.20133987760295102,Low,Avaaz,0.215311004784689,0.24603334,1
0.3626216786570022,High,Margarida Salomão,0.9848484848484849,0.19504376,17
0.05885596620850353,Very Low,USP Livre,0.9965156794425087,0.016587202,25
0.13991808287382268,Very Low,Patrus Ananias,0.24423963133640553,0.20705862,10
0.7646962693315367,Very High,Direita do Brasil - Conservadorismo,0.03333333333333333,0.03828422,4
0.4651738436964936,High,UOL,0.42127659574468085,0.07371122,263
0.40772474881783566,High,Acervo do Conhecimento Histórico,0.9491525423728814,0.014953613,12
0.13199260387852219,Very Low,Iconoclastia Incendiária,0.9960707269155207,0.03639866,6
0.4944774173507995,High,OneL13,0.6697674418604651,0.53579444,26
0.18991189999730196,Low,Zé de Abreu 5.1,0.15692307692307692,0.015581916,1
0.8610262092259782,Very High,Brasileiros no Japão,0.9453376205787781,0.011623607,4
0.23494771758299798,Low,Esquerda Revolucionária,0.9074550128534704,0.25727063,25
0.1168065262905642,Very Low,"Na dúvida, siga à esquerda",0.5785953177257525,0.059232414,31
0.2513997889283641,Low,VITÓRIA NA GUERRA BRASIL PEGA FOGO!,1.0,0.06065326,32
0.4033141708330207,High,Juliana Cardoso,1.0,0.023788974,10
0.8555799144556187,Very High,Cartazes & Tirinhas LGBT,0.7619047619047619,0.037577134,49
0.2891815013947959,Low,Mídia NINJA,1.0,0.011560776,39
0.04915297415974518,Very Low,O Estadista,1.0,0.021667719,18
0.1474501308161743,Very Low,Kátia Abreu,0.7561728395061729,0.007602467,2
0.20648052746775097,Low,Revoltados on LINE - Intervenção FFAA,0.9390862944162437,0.32289913,18
0.04038702421570983,Very Low,Perolas dos Coxinhas,0.9562043795620438,0.4269174,244
0.015175907488598761,Very Low,LULA INOCENTE  NOSSO PRESIDENTE,1.0,0.031449065,59
0.28704880280744616,Low,BBC News Brasil,0.7781299524564184,0.011686437,29
0.5059512690470868,Very High,Furacão CHEGA 🌪️,0.18,0.5716857,13
0.200390954109785,Low,Leandro Grespan,0.6613756613756614,0.103060275,3
0.4799653192726993,High,iG,0.4642857142857143,0.004492367,41
0.8829693680683893,Very High,Panelinha Opressora - direita,0.8202247191011236,0.37751234,8
0.652108181141439,Very High,Ciro Para Elas #2022,0.9322033898305084,0.056016337,1
0.3909925660291984,High,Blog do Josias,0.9900990099009901,0.01822079,30
0.3752056622354199,High,O Povo,0.7774244833068362,0.00816794,32
0.36572827883061243,High,Blog do Josias,0.979557069846678,0.01438814,30
0.31136155771342366,Low,Movimento Brasil Livre - Brasília,0.9093851132686084,0.030388435,8
0.0007627504738686453,Very Low,Analfabeto Político,0.44402985074626866,0.63782936,40
0.018595683422407694,Very Low,Bancada Ativista,0.9842767295597484,0.0665887,2
0.247664227655493,Low,PSL - Amazonas,1.0,0.050821137,1
0.44239269409621496,High,Bloco do Pink Floyd,0.9869067103109657,0.15545623,2
0.2424569220509475,Low,Apenas Mais Uma de Ateu,0.9962546816479401,0.015393426,8
0.2263910427965206,Low,UOL,0.7828282828282829,0.054779384,263
0.04873160550576683,Very Low,Dilma Resistente,1.0,0.25462922,19
0.3940158474685866,High,UOL,0.9334916864608076,0.018095128,263
0.060759205374464775,Very Low,Grande mobilização Nacional contra a Corrupção,0.6690391459074733,0.26859093,4
0.2852473688576488,Low,Perolas dos Coxinhas,1.0,0.043399423,244
0.1922842721934891,Low,Pato arrependido,0.9968304278922345,0.01419965,32
0.8152115270886388,Very High,Brasil Contra Jair Bolsonaro,0.5241379310344828,0.09112182,59
0.3057529555719118,Low,Socialista Morena,0.792,0.19504376,10
0.1591235343194728,Very Low,Iconoclastia Incendiária,1.0,0.027677942,6
0.21826726958814757,Low,Anarcomiguxos VIII,0.8233438485804416,0.02449606,3
0.644975221282085,Very High,PT Partido dos Trabalhadores Itupeva,0.993517017828201,0.041172907,2
0.9058690841455664,Very High,Apenas Mais Uma de Ateu,0.30522088353413657,0.37751234,8
0.10169441525423695,Very Low,Choque de Comuna,0.9932203389830508,0.0665887,2
0.5525245311071819,Very High,UOL Notícias,0.7441860465116279,0.069754265,288
0.5177391519049227,Very High,UOL,0.4952561669829222,0.027560094,263
0.23577418638368564,Low,Catraca Livre,0.4223300970873786,0.03192045,53
0.12113781347435326,Very Low,A Gazeta Petista,0.6309314586994728,0.0012566062,152
0.2563585565345732,Low,Portal da Educadora,0.43412526997840173,0.004272461,16
0.3409425471962117,High,Gazeta do Povo,0.9066022544283414,0.11440011,52
0.164678260740861,Low,Feminismo Marxista,0.19934640522875818,0.048099842,1
0.28890159485524575,Low,Pixuleco,0.6673346693386774,0.10566349,12
0.18782885204076116,Low,"Na dúvida, siga à esquerda",0.9967637540453075,0.6289369,31
0.18029361299342772,Low,Sul Vinte Um,1.0,0.00025721156,2
0.34876371440939036,High,Cartazes & Tirinhas LGBT,0.8367346938775511,0.09033044,49
0.7850918869770156,Very High,OneL13,0.9578947368421052,0.47119883,26
0.5718664928816019,Very High,GRUPO OLAVO DE CARVALHO,0.8884297520661157,0.05378982,123
0.10197164141358067,Very Low,Inteligentista,0.5661764705882353,0.47886392,10
0.20376181741898147,Low,Rui Falcão,0.9830508474576272,0.039226998,7
0.5280037765676935,Very High,Brasil Contra Jair Bolsonaro,0.8715953307392996,0.2854699,59
0.7859250748169601,Very High,Leoni Oficial,1.0,0.024378212,19
1.2027438872449239,Very High,Perolas dos Coxinhas,0.6521739130434783,0.37751234,244
0.06921589578890008,Very Low,Ivan Valente,0.30049261083743845,0.34757367,5
0.020666503758418442,Very Low,Meu nome é Enéas,1.0,0.07687678,10
0.26354225431594347,Low,Mariachi,0.3756260434056761,0.37795907,14
1.1904789417994834,Very High,Maria do Rosário,0.9705340699815838,0.15711457,5
0.668398381244147,Very High,Portal da Educadora,0.7747440273037542,0.001523635,16
0.192758432556416,Low,SOSAnimal - Grupo de Socorro Animal de Portugal,0.6443719412724307,0.09481675,1
0.37411130908900353,High,Seja Subversivo,0.987460815047022,0.112850055,14
0.003855005634653741,Very Low,iG,0.9049295774647887,0.003597035,41
0.4051618142680293,High,edita pra mim,1.0,0.0070369947,88
1.4347123954057142,Very High,A Gazeta Petista,0.22077922077922077,0.37751234,152
0.30409704364819234,Low,Cartazes & Tirinhas LGBT,0.7537688442211056,0.05304765,49
0.03142991277624786,Very Low,UOL Notícias,0.901840490797546,0.008105109,288
0.578831649757872,Very High,Alexandre Padilha,1.0,0.041915078,4
0.8692351888154156,Very High,Catraca Livre,0.05416666666666667,0.004460952,53
0.38363616370460596,High,Política no Face II,0.9709618874773139,0.09033044,2
0.4756732917050175,High,Anderson Oliveira,1.0,0.010743983,4
0.10433249571022152,Very Low,Brasil Contra Jair Bolsonaro,1.0,0.010995304,59
0.004538853793023878,Very Low,Movimento Brasil LIVRE E SOBERANO-Rede Internacional da Legalidade,0.9764309764309764,0.09033044,30
0.3071485343095484,Low,UOL,0.8894830659536542,0.01847211,263
0.063574605532142,Very Low,"letra, música & história",0.4446529080675422,0.05799546,16
0.30478219504900805,Low,Jovens de Esquerda,0.370242214532872,0.0055918973,12
0.8277970707650302,Very High,BBC News Brasil,0.5945485519591142,0.000034851186,29
0.2071402903858085,Low,Melhor Política,0.7259100642398287,0.0026859958,25
0.3678738047535616,High,Trave a Batalha da Comunicação - Democratização da Mídia,0.9817850637522769,0.049584184,3
0.22575813411739112,Low,UOL Notícias,0.8859315589353612,0.103928015,288
0.2726981204640136,Low,Carina Vitral,0.9631336405529954,0.03192045,13
0.05354112899119112,Very Low,O Estadista,1.0,0.33836752,18
0.03833978136904326,Very Low,David Miranda,0.5236427320490368,0.020607091,20
0.3460554093834365,High,Melhor Política,0.6926315789473684,0.059479803,25
0.096727864501888,Very Low,Democracia Radical,0.588495575221239,0.36095104,1
0.598131102002812,Very High,Agentes Federais do Brasil III,0.9962546816479401,0.32919475,3
0.18858306782407475,Low,iG,0.5906735751295337,0.006440107,41
0.11467921060197206,Very Low,Leoni Oficial,0.14726027397260275,0.23198941,19
0.5650702619139472,Very High,Pato arrependido,0.5833333333333334,0.18459146,32
0.004280798013519771,Very Low,Douglas Soldan,1.0,0.023553278,6
0.09140854335626059,Very Low,BLOQUEIE A GLOBO VOCÊ TAMBÉM!,0.9824561403508771,0.009047564,69
0.4104238785216145,High,Ciro Gomes Pernambuco,0.992818671454219,0.015519086,11
0.2108762458521275,Low,Em Defesa do Brasil,0.9966159052453468,0.002230476,17
0.9075498570738509,Very High,Perolas dos Coxinhas,0.8663594470046083,0.0059688794,244
0.8295125315272391,Very High,Pato arrependido,0.8007662835249042,0.042657252,32
0.4212350409114925,High,Fernando Horta,0.9602272727272727,0.3389984,5
0.27488716966870586,Low,Direita do Brasil - Conservadorismo,1.0,0.03309893,4
0.394091686855938,High,Parasitas do Brasil,0.722567287784679,0.23667802,1
0.24634965139928344,Low,Bolsonaro Herói Nacional,0.9743589743589743,0.010115679,28
0.08483580400958063,Very Low,Sergio Moro 🇧🇷,1.0,0.0058432184,27
0.7684320877388974,Very High,Blog do Josias,0.7839851024208566,0.05280026,30
0.28138370397380796,Low,Esquerda Revolucionária,0.5889830508474576,0.03109552,25
0.15912323802324235,Very Low,Douglas Belchior 1375,1.0,0.10045706,2
0.07055194550514587,Very Low,UOL Notícias,0.7364705882352941,0.026735162,288
0.0018954024254498325,Very Low,A Privataria Tucana,0.7707231040564374,0.09958932,56
1.1126635681593657,Very High,Douglas Garcia,0.9924528301886792,0.009927189,4
0.2565685333707284,Low,UOL,0.9448529411764706,0.028149333,263
0.24946463498667254,Low,Anderson Oliveira,1.0,0.021667719,4
0.44554812213164247,High,Bolsonaro Herói Nacional,0.9958419958419958,0.015770407,28
0.22938705639184265,Low,Catraca Livre,0.9398496240601504,0.16678599,53
0.5111293668810089,Very High,UOL Notícias,0.9223744292237442,0.040183347,288
0.1865651061078376,Low,UOL,0.910377358490566,0.008356431,263
0.010222175525669397,Very Low,Catraca Livre,0.4174757281553398,0.0143253105,53
0.23595941920059849,Low,Brasil Contra Jair Bolsonaro,0.12998266897746968,0.03592727,59
0.016117734880069068,Very Low,Movimento Brasil LIVRE E SOBERANO-Rede Internacional da Legalidade,0.9965277777777778,0.03015274,30
0.6688368086614946,Very High,Agentes Federais do Brasil II,0.9892857142857143,0.02402467,3
0.4958523849111995,High,Brasil Contra Jair Bolsonaro,0.9930434782608696,0.1100022,59
0.37289211579108783,High,Dilma Resistente,0.07665505226480836,0.00017376507,19
0.33933641777391976,High,LULA INOCENTE  NOSSO PRESIDENTE,0.1724137931034483,0.025320992,59
0.07217238728504405,Very Low,Lula Presidente do Brasil,0.8495049504950495,0.29039988,27
0.49789115832581,High,Barbudinho,0.04085257548845471,0.00017376507,1
0.2593831443628801,Low,BBC News Brasil,0.875751503006012,0.0052463305,29
0.7466073960407479,Very High,UOL Notícias,0.8777292576419214,0.01024134,288
0.0025001756489755333,Very Low,Melhor Política,0.40540540540540543,0.38811707,25
0.21826735292148103,Low,Afrânio Silva Jardim,0.16036036036036036,0.2854971,4
0.4239391525156465,High,Todd Tomorrow,0.9578544061302682,0.11171334,12
0.21684504829635276,Low,Time Lula,0.9965034965034965,0.014073989,10
0.16155879660367703,Low,O Povo,0.9584199584199584,0.0037855261,32
0.5469126773502917,Very High,Política Feita com a Verdade,0.8064516129032258,0.025556687,13
0.8308622350858792,Very High,Brasil Conservador,0.8651685393258427,0.15269235,23
0.09866389255206853,Very Low,Igreja de Santa Cher na Terra,0.0018214936247723133,0.45090583,5
0.06501138762439951,Very Low,Igreja de Santa Cher na Terra,0.5494505494505495,0.049089402,5
0.2677450889732149,Low,Questione,0.7803203661327232,0.032391842,6
0.3234084011953261,High,A Privataria Tucana,0.9961538461538462,0.05131592,56
0.3683412450568637,High,Analfabeto Político,0.725,0.022728346,40
0.44554812213164247,High,Bolsonaro Herói Nacional,0.9955257270693513,0.010869644,28
0.11985514485721638,Very Low,APOIO A VOLTA DO LULA,1.0,0.009298885,26
0.6875625527088379,Very High,Paula Cassol,1.0,0.15324512,2
0.07126402379130164,Very Low,PORTA DE PRIVADA.,1.0,0.0016492956,34
0.5981310186694786,Very High,Agentes Federais do Brasil II,0.9927007299270073,0.32919475,3
0.12965226835569965,Very Low,Os Mortadelas,0.3582887700534759,0.24282593,28
0.5281963313465411,Very High,Lula Pra Sempre Presidente do Brasil #HaddadManu2018,0.8535714285714285,0.009110395,13
0.4399788279899923,High,BBC News Brasil,0.8235294117647058,0.069754265,29
0.5151977035236728,Very High,Ciro Gomes Zueiro,0.09737827715355805,0.25462922,9
0.2323298064450516,Low,UOL,0.7541899441340782,0.0021676456,263
0.22607114030493342,Low,UOL,0.9320594479830149,0.115658075,263
0.222108127145087,Low,Direita Potiguar,1.0,0.3389984,4
1.1900190186415038,Very High,Perolas dos Coxinhas,0.913894324853229,0.37751234,244
0.102156524154882,Very Low,Catu Bahia patria amada,0.99609375,0.014011159,1
0.383635663704606,High,Imprensa Internacional,0.9660377358490566,0.085582085,1
0.20022395661658213,Low,UOL Notícias,0.933806146572104,0.01646154,288
0.03166388137769971,Very Low,Edmilson Rodrigues,0.7299412915851272,0.0466155,2
0.6025629115036555,Very High,Brasil Contra Jair Bolsonaro,0.6049382716049383,0.32074678,59
0.6138709927250586,Very High,MULHERES COM BOLSONARO ALIANÇA PELO BRASIL [OFICIAL],0.5,0.009738698,44
0.2903743884177703,Low,Brava Gente Brasileira,0.952191235059761,0.09655223,2
0.642972902056917,Very High,Mamatraca,0.954337899543379,0.023906821,5
0.10448936143086285,Very Low,Dilma Resistente,0.49536178107606677,0.37795907,19
0.3752286260534431,High,Jovens de Esquerda,0.26022304832713755,0.23667802,12
0.38125698313598244,High,Carina Vitral,0.6595744680851063,0.032863233,13
0.4855226252049323,High,Catraca Livre Entretenimento,0.31717171717171716,0.1537979,10
0.46755519966272807,High,LULA Presidente Brasil,1.0,0.008105109,4
0.20221511448941631,Low,Cartazes & Tirinhas LGBT,0.9924812030075187,0.03828422,49
0.10986105384821554,Very Low,Brasil 247,0.9441340782122905,0.01024134,8
0.13755394402158894,Very Low,Mídia NINJA,0.3775322283609576,0.02968135,39
0.5928340680111283,Very High,Melhor Política,0.7217741935483871,0.25462922,25
0.26592223804085247,Low,Mariachi,1.0,0.007508222,14
0.25383517396033967,Low,Catraca Livre,0.5551257253384912,0.2854835,53
0.392961245398153,High,"letra, música & história",0.7556390977443609,0.39669925,16
0.32204598222995284,High,Fora Bolsonaro,0.6040816326530613,0.027324399,30
0.3752056622354199,High,O Povo,0.7644787644787645,0.011183795,32
0.15585256545093928,Very Low,Douglas Soldan,0.9511278195488722,0.09351514,6
0.5109878640943406,Very High,Agentes Federais do Brasil II,0.9961977186311787,0.04686289,3
0.598131102002812,Very High,Agentes Federais do Brasil III,0.9959016393442623,0.13908891,3
0.7852845573491503,Very High,Inteligentista,0.9921104536489151,0.11119666,10
0.2816,Low,Carlos Jordy,1.0,0.20312156,1
0.09448765052657893,Very Low,Mídia NINJA,0.7984496124031008,0.09438288,39
0.2994213826421784,Low,MULHERES COM BOLSONARO ALIANÇA PELO BRASIL [OFICIAL],1.0,0.010806813,44
0.17055194550514588,Low,UOL Notícias,0.9290187891440501,0.038519915,288
0.05403821842928033,Very Low,UOL Notícias,0.9467312348668281,0.04315203,288
0.012923555087686334,Very Low,Panelinha Opressora - direita,0.8740554156171285,0.36095104,8
0.07845843929456997,Very Low,Esquerda Revolucionária,0.5881104033970276,0.017466826,25
0.5001163356322128,Very High,Mulheres BR,0.6911196911196911,0.09481675,6
0.1990621517968117,Low,Gazeta do Povo,0.8787878787878788,0.013571346,52
0.14705166549198215,Very Low,UOL Notícias,0.7875647668393783,0.017341165,288
0.2978327111346731,Low,Brasil Melhor,0.5892857142857143,0.47323486,10
0.6170092729774348,Very High,Ruth Sheherazade,0.6166666666666667,0.35186127,13
0.187170823791475,Low,Zeca Dirceu,0.9847328244274809,0.0070055793,1
0.4341538960531858,High,A Nossa Bandeira Jamais Será Vermelha,1.0,0.0016492956,13
0.235903614457831,Low,Sou do RN e Apoio Bolsonaro,0.9685534591194969,0.11078331,1
0.5678497239948079,Very High,A Casa de Vidro,0.956989247311828,0.45761138,5
0.48260612421757565,High,Os Mortadelas,0.7345971563981043,0.1537979,28
0.5351780907689789,Very High,Mulheres de bem odeiam Bolsonaro,1.0,0.0109324735,1
0.1484119315382328,Very Low,BOLSONARO O MELHOR PRESIDENTE,1.0,0.09915545,67
0.4661716961216188,High,Dilma Resistente,0.934156378600823,0.11419344,19
0.10815279273883915,Very Low,BBC News Brasil,0.9958246346555324,0.01834645,29
0.31005217580695665,Low,Os Mortadelas,0.8174757281553398,0.028502874,28
0.36851225049120256,High,Orgulho por eleger Jair Bolsonaro PSL #17,1.0,0.013508516,5
0.31491596724809684,High,BBC News Brasil,0.6498054474708171,0.00010995304,29
0.9823466822227775,Very High,Universo Carl Sagan Irônico,0.770573566084788,0.12260055,5
0.22336095406901668,Low,Os Mortadelas,0.5,0.28087774,28
0.6948949969112087,Very High,Ele Não,0.9539473684210527,0.015958898,20
0.15912323802324235,Very Low,"Brasil, é hora de acordar",0.14859437751004015,0.10739898,2
0.12484469781478758,Very Low,OneL13,0.9919678714859438,0.016964182,26
0.0248516457549662,Very Low,Monarquia Brasil,0.9295774647887324,0.012691722,1
0.4807835752605446,High,Trave a Batalha da Comunicação - Democratização da Mídia,0.6981891348088531,0.032391842,3
0.2829815193074372,Low,TV Poeira,0.5452538631346578,0.32074678,14
0.2017300621187127,Low,Catraca Livre,0.9177489177489178,0.018723432,53
1.3716688219582016,Very High,Bolsonaro Herói Nacional,0.9872611464968153,0.004869349,28
0.30749854848016034,Low,Vira Voto,0.9960552268244576,0.02035702,6
0.0924033770964477,Very Low,MÍDIA ANCAP,0.9871794871794872,0.5779532,1
0.2974993734733842,Low,BBC News Brasil,0.9773242630385488,0.00023168676,29
0.298120204124342,Low,Caio Fernando Abreu,0.9728506787330317,0.36867723,1
0.03694972639675942,Very Low,Comunidade Socialista Brasileira,0.7617977528089888,0.26859093,6
0.898305084745763,Very High,Movimento Fora Bozo,1.0,0.5885171,4
0.3385824675056036,High,O Antagonista,0.36395759717314485,0.017341165,13
0.04412622002035538,Very Low,Ultrajano,0.3306613226452906,0.16851899,9
0.14260945765284622,Very Low,Direita Carioca,0.9659090909090909,0.08241652,8
0.30410021685630984,Low,Fato ou Fake,0.9536423841059603,0.0015000736,9
0.0274687048059645,Very Low,USP Livre,1.0,0.11357342,25
0.16566881855782212,Low,Décio Lima,0.9835728952772074,0.03969839,7
0.6209275752186509,Very High,Médicos contra o PT,0.8541666666666666,0.08795626,7
0.5177391519049227,Very High,UOL,0.7391304347826086,0.077668175,263
0.3268987774497534,High,Cômicas Políticas,0.7859778597785978,0.4645176,6
0.164678260740861,Low,Carlos Latuff,0.1868583162217659,0.16851899,1
0.3948362103223465,High,#A GAZETA ESQUERDISTA CONTRA O COISO,1.0,0.0014608046,108
0.7590186358624403,Very High,Inteligentista,0.9745762711864406,0.22177623,10
1.2052173703537323,Very High,Em Defesa do Brasil,0.23943661971830985,0.16765249,17
0.060759205374464775,Very Low,Grande mobilização Nacional contra a Corrupção,0.7351598173515982,0.16678599,4
0.4602898608985867,High,Analfabeto Político,0.946949602122016,0.007508222,40
0.24304126855982858,Low,Blog do Josias,1.0,0.115658075,30
0.3151344699061611,High,A Privataria Tucana,0.7777777777777778,0.043646812,56
0.4019866765650624,High,Elika Takimoto,0.569672131147541,0.54325575,7
0.39772968343446813,High,A Privataria Tucana,0.6805251641137856,0.07212844,56
0.34369100521994767,High,Os Mortadelas,0.5440860215053763,0.10089093,28
0.24822062282424662,Low,Movimento Brasil Livre - Brasília,0.9915611814345991,0.01419965,8
0.024619259350636837,Very Low,UOL Notícias,0.712,0.017089844,288
0.4131520914151376,High,Bolsonaro Presidente do Brasil,0.994535519125683,0.4850187,9
0.04617080712298749,Very Low,Meu nome é Enéas,0.9958333333333333,0.0019555932,10
0.7846153106508944,Very High,Inteligentista,0.9958677685950413,0.02402467,10
0.2380356922953564,Low,UOL,0.8553191489361702,0.009298885,263
0.4658411959930134,High,APOIO A VOLTA DO LULA,0.9747368421052631,0.015142105,26
0.1,Very Low,Carlos Giannazi,0.47186147186147187,0.059727192,3
0.35120893171547424,High,Brasil Conservador,0.9612903225806452,0.27412915,23
0.2444042685900324,Low,UOL,0.9516483516483516,0.007099825,263
0.22562556383352214,Low,UOL Notícias,0.9435897435897436,0.01608456,288
0.3601356201955115,High,Correio Braziliense,0.9049773755656109,0.007885204,34
0.3496842508914996,High,Ultrajano,0.6268343815513627,0.2553839,9
0.41013650695643455,High,BBC News Brasil,0.48497854077253216,0.005277746,29
1.1325203515766478,Very High,GZH,0.9484536082474226,0.0036912805,4
0.594130361719122,Very High,Movimento São Paulo Independente,0.5480769230769231,0.31825066,1
0.1001706116504826,Very Low,UOL,0.9652173913043478,0.04711028,263
0.4637720196959282,High,Portal da Educadora,1.0,0.000025770243,16
0.200041744607455,Low,Gulaguinho de criança,0.9279279279279279,0.17718399,1
0.02710759037538559,Very Low,UOL,0.954337899543379,0.007916619,263
0.23807076654767811,Low,PT São Paulo,0.3898305084745763,0.004932179,4
0.3992466646865765,High,Brasil Contra Jair Bolsonaro,0.2425531914893617,0.295883,59
0.20343407092924393,Low,Rogerio Skylab,1.0,0.014576632,1
0.21684503162968605,Low,Time Dilma,0.9914712153518124,0.014073989,10
0.03466932842015402,Very Low,Mulheres Unidas Contra Bolsonaro,0.04018912529550828,0.6027529,14
0.0248516457549662,Very Low,Agentes Federais do Brasil,0.8089887640449438,0.24763705,11
0.20389153929719506,Low,"letra, música & história",0.019271948608137045,0.032391842,16
0.14957706915729563,Very Low,Catraca Livre,0.9542857142857143,0.017466826,53
0.7748513645049779,Very High,Carioca Opressora,0.8231292517006803,0.2854733,3
0.27654581066278083,Low,Lula,0.45454545454545453,0.02107848,26
0.4225648216849986,High,Luizianne Lins,0.698876404494382,0.0038326487,8
0.9965083180858818,Very High,URSAL,0.9948320413436692,0.4269174,10
0.012240191957022417,Very Low,Brasil Contra Jair Bolsonaro,0.22538293216630198,0.36095104,59
0.16767299401944402,Low,TCPC - Testes De Coordenadas políticas Coerentes,0.09009009009009009,0.165053,3
0.29287670285644685,Low,Fernanda Melchionna,0.0021413276231263384,0.30716252,9
0.5076038371767173,Very High,Vira Voto,1.0,0.09915545,6
1.4226507553220182,Very High,LULA LÁ BRILHA UMA ESTRELA,0.584,0.22579013,95
0.18800649433840877,Low,Perolas dos Coxinhas,0.8146341463414634,0.07608539,244
0.4978920154686671,High,Lula Livre,0.02608695652173913,0.008859074,7
0.173730648040489,Low,Federação Única dos Petroleiros,0.9865771812080537,0.019603057,1
0.550580965144366,Very High,Coração Valente,0.7859154929577464,0.10696511,1
0.225252697273565,Low,CPERS/Sindicato,0.4713656387665198,0.062236045,1
0.06506123944986233,Very Low,UOL Notícias,0.990521327014218,0.008544922,288
0.43146459853059016,High,Parlatório Livre,0.9956043956043956,0.027913637,10
0.4033115704583682,High,TV Poeira,0.6492146596858639,0.05280026,14
0.11648864614801768,Very Low,Emidio de Souza,1.0,0.0002670288,2
0.20133987760295102,Low,Jumentim Amarelo,0.979746835443038,0.23415339,1
0.00439252189736733,Very Low,Tenente Santini,0.9342465753424658,0.009424546,4
0.17858910600810796,Low,Esquerda Revolucionária,0.991304347826087,0.115658075,25
0.042824940075995965,Very Low,Revoltados on LINE - Intervenção FFAA,1.0,0.08241652,18
0.45416073520864564,High,Acervo do Conhecimento Histórico,0.4716981132075472,0.051810697,12
0.05569605186865778,Very Low,"Todos contra a ""globo"" e todos a favor do Lula.",0.22439024390243903,0.11419344,117
0.21631664584235988,Low,UOL Notícias,0.9085365853658537,0.01419965,288
0.44764438886552227,High,Política Estadão,0.8598726114649682,0.00071469473,4
0.6532911330599651,Very High,BBC News Brasil,0.7563218390804598,0.00713124,29
0.11115875697825367,Very Low,Bolsonaro Opressor 2022,0.9865168539325843,0.06500591,41
0.30616002012101895,Low,Mídia NINJA,0.6834532374100719,0.15656179,39
0.41649787205394634,High,Rede Brasil Atual,0.920265780730897,0.020842785,2
0.2267786492511581,Low,Pato arrependido,0.9461883408071748,0.012063419,32
0.15627237438275055,Very Low,Professor Toninho Vespoli,0.42410714285714285,0.42129645,5
0.57030303030303,Very High,São Gonçalo Informa,0.6363636363636364,0.017466826,5
0.49789115832581,High,Sociedade Sem Prisões,0.2579185520361991,0.02107848,1
0.7408485050652388,Very High,Dilma Resistente,0.2545454545454545,0.45921504,19
0.264738044216407,Low,Leoni Oficial,0.9952830188679245,0.20056234,19
0.29437541063908207,Low,Pato arrependido,0.8747203579418344,0.03828422,32
0.3761101584601424,High,Cômicas Políticas,1.0,0.08795626,6
0.22717052150314476,Low,Time Lula,0.42592592592592593,0.2820025,10
0.10898790041741396,Very Low,Revoltados on LINE - Intervenção FFAA,0.9908675799086758,0.036162965,18
0.588090710510053,Very High,Mulheres Unidas Contra Bolsonaro,0.1480637813211845,0.4850187,14
0.3783658876992738,High,Fora Bolsonaro,0.7619047619047619,0.059479803,30
0.010941139167989222,Very Low,Isso é culpa do PT,0.11911357340720222,0.3140926,9
0.49232663065821136,High,Blog do Josias,0.9907621247113164,0.033334624,30
0.348336595907928,High,Instituto Vladimir Herzog,0.9187358916478555,0.056758508,1
0.22584848279996544,Low,Progressista,1.0,0.020231359,9
0.6319702466976589,Very High,Ariovaldo Carlos Jr,1.0,0.007351146,1
0.16155879660367703,Low,O Povo,0.943342776203966,0.005434822,32
0.2319898254736309,Low,Evangélicos contra o Bolsonaro,1.0,0.08241652,2
0.0989999738817026,Very Low,UOL,0.4725274725274725,0.055768944,263
1.4299611557751193,Very High,Brasil Conservador,0.9600997506234414,0.0056233127,23
0.43503812233832206,High,VICE Brasil,0.1299093655589124,0.0002670288,3
0.16439148876268683,Low,O Estadista,0.7434679334916865,0.44002727,18
0.749027336754392,Very High,Major Mecca,0.986046511627907,0.005937464,3
0.23598317274647124,Low,Jornal Extra,0.8958904109589041,0.013822667,13
0.2806536128952837,Low,Evangélicos com Lula,1.0,0.045131154,3
0.5200947971510986,Very High,Partido dos Trabalhadores RJ,0.5501222493887531,0.032156147,10
0.4317682681653071,High,A Privataria Tucana,0.8878504672897196,0.030388435,56
0.5670092820399351,Very High,Mulheres Unidas Contra Bolsonaro,0.36585365853658536,0.1996317,14
0.0052544843299350275,Very Low,Mídia NINJA,0.5943396226415094,0.28674445,39
0.3257901755231696,High,Universo Carl Sagan Irônico,0.989100817438692,0.0046180277,5
1.2489346527337513,Very High,Maria do Rosário,1.0,0.011749268,5
0.6933611187102267,Very High,Eu sou mais Brasil,0.9952718676122931,0.014576632,3
0.38063700765219843,High,MULHERES COM BOLSONARO ALIANÇA PELO BRASIL [OFICIAL],0.6414565826330533,0.01218908,44
0.02717039150314826,Very Low,Haddad Governador,0.010050251256281407,0.15048122,4
0.4906064522056435,High,BBC News Brasil,0.8688524590163934,0.002340429,29
0.16155879660367703,Low,O Povo,0.9642857142857143,0.006283031,32
0.48593537440012924,High,Política Estadão,0.9012345679012346,0.000057676258,4
0.0011692580409645714,Very Low,Burguesia fede,0.8284313725490197,0.011372286,11
0.5685376917098737,Very High,UOL,0.8300653594771242,0.07371122,263
0.4007772497316854,High,MULHERES COM BOLSONARO ALIANÇA PELO BRASIL [OFICIAL],0.9442231075697212,0.006754258,44
0.4405840331137248,High,Perolas dos Coxinhas,1.0,0.05131592,244
0.098850350897541,Very Low,São Gonçalo Informa,0.5133689839572193,0.022964042,5
0.42370242617597326,High,Brasil Conservador,0.994750656167979,0.06579731,23
0.2882399840742951,Low,Revoltados on LINE - Intervenção FFAA,0.3617021276595745,0.30514878,18
0.5101312484669254,Very High,Homens contra o bolsonaro,0.6780185758513931,0.62702215,2
0.22717050483647805,Low,Time Dilma,0.35626535626535627,0.2820025,10
0.37085434725050687,High,Botando Pilha,0.6618357487922706,0.42129645,9
0.0008248776268123814,Very Low,Carioca Rei do Amendoim,0.791907514450867,0.33587718,5
0.004225252926010836,Very Low,Socialista Morena,0.25,0.06421452,10
0.2182037938620751,Low,Liga da Justiça Page,0.9953051643192489,0.11212669,4
0.027875903354741993,Very Low,"letra, música & história",0.062034739454094295,0.09438288,16
0.20383829839729314,Low,UOL Notícias,0.946949602122016,0.032156147,288
0.441985830165057,High,HKA,0.021479713603818614,0.102192536,1
0.1310385048892904,Very Low,UOL,0.9748427672955975,0.017341165,263
0.40201819435833774,High,Pixuleco,0.773955773955774,0.2854971,12
1.0695487545233195,Very High,O Globo,0.9805194805194806,0.017089844,30
0.509420888881595,Very High,Reginaldo Lopes,0.974293059125964,0.11057663,7
0.06088524929646516,Very Low,BBC News Brasil,0.8341708542713567,0.017592486,29
0.3378940089608953,High,Gaúchos da resistência.,1.0,0.0014608046,66
0.06221490799970042,Very Low,Gotas de Otimismo e Informação,0.7843137254901961,0.11305673,13
0.5870020003208829,Very High,Agência Pública,0.012165450121654502,0.06421452,4
0.38261109531399146,High,Brasil Contra Jair Bolsonaro,0.2971246006389776,0.083999306,59
0.3543749471404371,High,Vem Pra Rua Brasilia,0.7108433734939759,0.2359567,12
0.8566474788682106,Very High,Amauri Teixeira,0.8972809667673716,0.038991302,14
0.698252111876343,Very High,Direita Santa Catarina,1.0,0.007099825,1
0.008632139419278428,Very Low,Brasil Contra Jair Bolsonaro,0.9044943820224719,0.017718147,59
0.0298103026668618,Very Low,Fora Bolsonaro,0.3891625615763547,0.38811707,30
0.13057370154765213,Very Low,BBC News Brasil,0.8279569892473119,0.004932179,29
0.35912361418478467,High,Política Feita com a Verdade,0.9951573849878934,0.029092113,13
0.6200346807273007,Very High,iG,0.9219512195121952,0.000014664496,41
0.7997445656672973,Very High,revista piauí,0.17060367454068243,0.000034851186,2
0.13475524041864673,Very Low,Gary Smith,0.9271844660194175,0.01646154,3
0.06221490799970042,Very Low,Gotas de Otimismo e Informação,0.5176151761517616,0.15711457,13
0.394091686855938,High,Mulheres contra Bolsonaro,0.38461538461538464,0.4269174,1
0.48589497517556657,High,PSOL Rio de Janeiro,1.0,0.3245134,3
0.010826966385729664,Very Low,Panelinha Opressora - direita,0.9949874686716792,0.056263726,8
0.4312132965875166,High,Intervenção ANTES QUE Tardia,0.9845758354755784,0.14950264,11
0.5029670325077594,Very High,Blog do Josias,0.9295774647887324,0.059974585,30
0.10169441525423695,Very Low,Idelber Avelar,0.9949367088607595,0.00004417756,2
0.18800649433840877,Low,Perolas dos Coxinhas,0.9797979797979798,0.23271075,244
0.40770758060385315,High,Movimento Brasil LIVRE E SOBERANO-Rede Internacional da Legalidade,0.8484107579462102,0.0008364285,30
0.9375544254145602,Very High,A Gazeta Petista,0.4084507042253521,0.011372286,152
0.3742752008238995,High,Seja Subversivo,0.931758530183727,0.0665887,14
0.8264712356458486,Very High,PORTA DE PRIVADA.,0.14720812182741116,0.055274166,34
0.18563685482990844,Low,Brasil Contra Jair Bolsonaro,0.6772151898734177,0.17805049,59
0.05017843602783412,Very Low,Movimento Brasil LIVRE E SOBERANO-Rede Internacional da Legalidade,0.9901960784313726,0.0070055793,30
0.6200346807273007,Very High,iG,0.9380530973451328,0.000101117526,41
0.4255433985673558,High,"Todos contra a ""globo"" e todos a favor do Lula.",0.2283464566929134,0.4421347,117
0.3113523457130762,Low,"Na dúvida, siga à esquerda",0.43529411764705883,0.37458646,31
0.6718368132770551,Very High,UOL Notícias,0.8118466898954704,0.021785567,288
0.049048078847170586,Very Low,UOL,0.9891304347826086,0.022728346,263
0.4455514073613996,High,UOL,0.6440129449838188,0.00017572852,263
0.43503812233832206,High,VICE Brasil,1.0,0.00015609404,3
0.15814613081574858,Very Low,Gotas de Otimismo e Informação,0.9900990099009901,0.009675868,13
0.4620655959579196,High,Luizianne Lins,0.569620253164557,0.2763787,8
0.198236981401793,Low,Bolsonaro do Nordeste,1.0,0.04067813,9
0.3323363106265812,High,Parlatório Livre,0.7684210526315789,0.2763787,10
0.0333535961240482,Very Low,Margarida Salomão,0.9081632653061225,0.3389984,17
0.3409425471962117,High,Gazeta do Povo,0.9298245614035088,0.11171334,52
0.830559101255167,Very High,República Riograndense #direitarsbr,0.934010152284264,0.22311419,3
0.4577118900802096,High,Acervo do Conhecimento Histórico,0.11055276381909548,0.079250954,12
0.1018319848561221,Very Low,PS4 Brasil,0.8846153846153846,0.03062413,25
0.048194073553935624,Very Low,GRUPO DE APOIO À OPERAÇÃO LAVA JATO - JUIZ SÉRGIO MORO,1.0,0.1798404,57
0.0823927916962186,Very Low,Flavio Serafini,0.989247311827957,0.09872158,8
0.09514329975327696,Very Low,Pato arrependido,0.7723577235772358,0.37340668,32
0.5886383396117834,Very High,Judeus unidos contra Bolsonaro,0.45896656534954405,0.1996317,6
0.49245651580094596,High,Alexandre Lindenmeyer,0.9940119760479041,0.015644746,2
0.35578378098971175,High,Bozonaro,0.8533724340175953,0.021432023,8
0.02111902304605484,Very Low,Conservador Arretado,0.8766066838046273,0.00804228,7
0.43963468933076116,High,TV Poeira,0.8590785907859079,0.005937464,14
0.0605320443189379,Very Low,Mauricio Stycer Vê TV,0.17757009345794392,0.00719407,1
0.3267409049423683,High,Judeus unidos contra Bolsonaro,0.09610389610389611,0.4013387,6
0.24668963911618716,Low,BBC News Brasil,0.9044585987261147,0.0015157812,29
0.16467909407419434,Low,PCdoB - Partido Comunista do Brasil,0.20707070707070707,0.034513097,5
0.37760516085297097,High,Mulheres Unidas Contra Bolsonaro,0.7563451776649747,0.36095104,14
0.4755470075200368,High,MUD - Movimento de União Pela Democracia,0.3813813813813814,0.006785673,11
0.3586020402120846,High,UOL,0.7482014388489209,0.03639866,263
0.384754521668635,High,Leo Britto,0.7616279069767442,0.22579013,1
0.5276093066217751,Very High,Bordalo,0.9806451612903225,0.020842785,7
0.9552939868319834,Very High,Comunidade Socialista Brasileira,0.5431472081218274,0.16043124,6
0.4443519256824473,High,Patrus Ananias,0.2845528455284553,0.011435116,10
0.0451884322297857,Very Low,Comenismo merdapostagem para jovens que estão MUITO cansados,0.23741007194244604,0.02449606,1
0.4561138215372611,High,Pato arrependido,0.9320113314447592,0.1693855,32
0.4688249542029149,High,Avivalista PrValdir Soares,0.036231884057971016,0.104795754,1
0.6694285182651616,Very High,Carina Vitral,0.9895833333333334,0.027324399,13
0.9252533115340678,Very High,"Todos contra a ""globo"" e todos a favor do Lula.",0.8623481781376519,0.3057765,117
0.4830972482186257,High,LULA Eterno Presidente,0.9381443298969072,0.05230548,14
0.20108732007539443,Low,Ultrajano,0.5064935064935064,0.40336934,9
0.354099392664682,High,João Barros Brasil,0.994579945799458,0.015707577,3
0.38643236108310197,High,Estaremos lá,1.0,0.01225191,1
0.4399788279899923,High,BBC News Brasil,0.9324675324675324,0.001672857,29
0.9436007836029917,Very High,LULA INOCENTE  NOSSO PRESIDENTE,0.7131147540983607,0.2820025,59
0.3257901755231696,High,Nova São Paulo,0.9893617021276596,0.025674535,5
0.48078290859387796,High,Grupo Time Ciro Gomes,0.7871148459383753,0.021432023,1
0.27785458663197143,Low,Salvem a Democracia,0.9223300970873787,0.25462922,8
1.3641317446369405,Very High,Fortaleza Ceará,0.9649122807017544,0.013320025,9
0.5134125479355249,Very High,Social-Democracia para o Brasil,0.9947643979057592,0.015142105,2
1.0355503272905322,Very High,GRUPO OLAVO DE CARVALHO,0.08837209302325581,0.04834723,123
0.10169471525423701,Very Low,Hipocrisia: A rainha absoluta,0.9711815561959655,0.05354243,5
0.21268828533221396,Low,Conservadores de Direita Tradicionais,1.0,0.031684756,25
0.004186356364278665,Very Low,Analfabeto Político,0.2413793103448276,0.47900817,40
0.24598173903482923,Low,País Rico É País Sem PT,0.9946236559139785,0.10002319,4
0.6565098363128667,Very High,Sonia Bone Guajajara,0.5012987012987012,0.17285149,3
0.6478431945951297,Very High,Bolsonaro Reeleito 2022,1.0,0.0050578397,2
0.5820834681231862,Very High,Brasil Conservador,0.39893617021276595,0.034748793,23
0.7013503196924553,Very High,Cartazes & Tirinhas LGBT,0.4252199413489736,0.00052620383,49
0.2539656107587446,Low,UOL,0.9481481481481482,0.009298885,263
0.2222130807118613,Low,David Miranda,0.049723756906077346,0.4574824,20
0.2637090578735987,Low,Ele Não,0.9893617021276596,0.15158679,20
0.3299372875386707,High,Analfabeto Político,0.8816901408450705,0.32712606,40
0.5460033799729911,Very High,BBC News Brasil,0.9507692307692308,0.0060631246,29
0.32863833988658,High,Lauro Belchior - Não Cruze os Braços,0.983739837398374,0.4269174,3
0.8886627798072344,Very High,Atlas Político,0.9550561797752809,0.2412222,10
0.013267978408042502,Very Low,Brasil Contra Jair Bolsonaro,0.10625,0.44573322,59
0.02091633960716066,Very Low,Panelinha Opressora - direita,1.0,0.063027434,8
0.38259193488231547,High,Ciro Gomes Pernambuco,0.9312169312169312,0.0010838228,11
0.501161511283128,Very High,Terra,1.0,0.0013587055,197
0.312436947291162,Low,Homem De Direita,0.9924812030075187,0.21508642,5
0.5244934954743392,Very High,Política Estadão,0.9375,0.000047122732,4
0.030325125567347455,Very Low,Seja Subversivo,0.6627218934911243,0.3281604,14
0.038667598179207285,Very Low,Analfabeto Político,0.040214477211796246,0.19893374,40
0.3668147789389714,High,UOL,0.9169139465875371,0.16098402,263
0.9791034658096888,Very High,Grande mobilização Nacional contra a Corrupção,0.5081967213114754,0.10913446,4
0.45983667414280666,High,Galera Vermelha,0.8318840579710145,0.013257195,8
0.8248514324216365,Very High,Mulheres Unidas Com Bolsonaro,0.29591836734693877,0.35186127,4
0.546928525477776,Very High,Pato arrependido,1.0,0.015707577,32
0.09250534462027882,Very Low,Revista Resistência Mulheres e homens pela Democracia e Direitos Humanos,0.6,0.43965456,20
0.23589502725891165,Low,Causa Espécie,0.983957219251337,0.11140333,3
0.6875625527088379,Very High,Manezinho de Floripa,0.9912280701754386,0.13561769,2
0.25042378406170546,Low,Bolsonaro Herói Nacional,1.0,0.11171334,28
0.13479643204441072,Very Low,Bolsonaro: aqui não,0.993920972644377,0.09872158,18
0.5109876974276739,Very High,Forças Militares,1.0,0.04686289,2
0.530113429134632,Very High,ADMINISTRADORES DE PAGINAS E GRUPOS (OFICIAL),1.0,0.034748793,7
0.1252285623515229,Very Low,Agência Pública,0.12637362637362637,0.28674445,4
0.34890135036136777,High,"Todos contra a ""globo"" e todos a favor do Lula.",0.6795252225519288,0.42349213,117
0.30038300114262095,Low,Boicote o Consumismo,0.04297994269340974,0.019477395,1
0.151132393146237,Very Low,Sargento João Henrique,0.9285714285714286,0.015770407,1
0.3952129629854213,High,Rubinho Nunes,0.9942363112391931,0.37751234,2
0.019092491543459933,Very Low,Sociedade Racionalista,0.6698412698412698,0.010429831,5
0.37522770297652,High,Levante Negro,0.07988980716253444,0.05750068,1
0.004717548441950825,Very Low,O Estadista,1.0,0.045625936,18
0.3839639570618128,High,"Todos contra a ""globo"" e todos a favor do Lula.",0.855595667870036,0.02402467,117
0.5176669414993434,Very High,Blog do Josias,0.7612903225806451,0.147767,30
0.04135377040798027,Very Low,Analfabeto Político,0.2111111111111111,0.21642438,40
0.653337745893386,Very High,Jornalistas Livres,0.3224932249322493,0.19504376,8
0.5351315644336965,Very High,Gotas de Otimismo e Informação,0.44481605351170567,0.17631748,13
0.3956787538439401,High,Terra,0.9931740614334471,0.008984734,197
0.07845843929456997,Very Low,Esquerda Revolucionária,0.84,0.026263772,25
0.268920258209493,Low,À Toa no Face,0.8,0.08083374,1
0.5869991816234327,Very High,Catraca Livre,0.7018633540372671,0.0019477395,53
0.15796542102812094,Very Low,Paulo Pimenta,0.988950276243094,0.0066600125,8
0.44239189409621493,High,Nó de Oito,1.0,0.015896067,1
0.030755916654515048,Very Low,Conservadores de Direita Tradicionais,1.0,0.11357342,25
0.014755291126657855,Very Low,BBC News Brasil,0.659217877094972,0.0072569004,29
0.13601087280252533,Very Low,Cartazes & Tirinhas LGBT,0.425414364640884,0.18649188,49
0.27331830193060946,Low,#A GAZETA ESQUERDISTA CONTRA O COISO,0.47513812154696133,0.015330595,108
0.052608579324002314,Very Low,Cartazes & Tirinhas LGBT,0.1309192200557103,0.037105743,49
0.36667972671437526,High,GRUPO DE APOIO À OPERAÇÃO LAVA JATO - JUIZ SÉRGIO MORO,0.9830985915492958,0.021785567,57
0.15356395856887317,Very Low,Portal da Educadora,0.9885057471264368,0.022964042,16
0.30420192422072867,Low,Blog do Josias,0.5486725663716814,0.036870047,30
1.3776206329240535,Very High,Núcleo de Evangélicos e Evangélicas do PT,0.5591054313099042,0.22579013,11
0.38793259714826456,High,Bolsominions,0.398876404494382,0.04290464,7
0.1835600173807144,Low,UOL,0.9691358024691358,0.055274166,263
0.06448983305508948,Very Low,É proibido VIRAR à Esquerda,0.9925373134328358,0.036162965,5
0.212636246412771,Low,Direita Progresso,1.0,0.029799197,1
0.40300334475881733,High,MIB,0.9925373134328358,0.7510937,2
0.5177391519049227,Very High,UOL,0.9574468085106383,0.11479026,263
0.19247986092282945,Low,Meu nome é Enéas,1.0,0.017718147,10
1.1900190186415038,Very High,Perolas dos Coxinhas,0.5671641791044776,0.019854378,244
0.5832611749632188,Very High,Ciro Gomes do Brasil,0.9459459459459459,0.30502358,13
0.368028753302341,High,Bolsonaro - o Mito brasileiro,0.9278688524590164,0.06500591,3
0.2509721632456079,Low,Direita Pernambuco,0.9404761904761905,0.13561769,2
0.5036683631681763,Very High,Não fechem minha escola,0.022727272727272728,0.44933176,2
0.6533375236711636,Very High,Cristãos Progressistas,0.7760617760617761,0.25462922,3
0.4911294878830058,High,MUD - Movimento de União Pela Democracia,0.8461538461538461,0.15711457,11
0.2790651710235392,Low,Brasil Conservador,0.9829545454545454,0.32919475,23
0.6558671275508648,Very High,Supremo é o Povo,0.9941690962099126,0.39842087,8
0.34369100521994767,High,Os Mortadelas,0.7022653721682848,0.3317266,28
0.075228641726521,Very Low,Mulheres Unidas Contra Bolsonaro,0.0847457627118644,0.6289369,14
0.39879089079126895,High,Sociedade Racionalista,0.7415384615384616,0.021549871,5
0.24781216828887664,Low,Juliana Cardoso,0.9885057471264368,0.24603334,10
0.5155341253722898,Very High,Militantes Petistas,0.9942363112391931,0.1104733,6
0.2961334558604189,Low,Fernando Andrade,1.0,0.07845957,5
0.06264231018976985,Very Low,Fora Bolsonaro,0.9825072886297376,0.011874928,30
0.22736368128495255,Low,Compartilhe13,0.6580645161290323,0.013068704,5
0.09898593176748349,Very Low,Bolsominions,0.9940828402366864,0.32182294,7
0.48540779058243966,High,Política Feita com a Verdade,0.9826086956521739,0.015707577,13
0.036994881015476544,Very Low,OneL13,0.43125,0.035220183,26
0.5992836239877045,Very High,Bolsominions,0.8217054263565892,0.059479803,7
0.569499757325221,Very High,LGBT Brasil  ( perfil 2 ),1.0,0.009487377,41
0.3809987358373923,High,A Gazeta Petista,1.0,0.0014608046,152
0.10256852214874868,Very Low,Catraca Livre,0.551622418879056,0.017215505,53
0.20042702461051948,Low,Meu nome é Enéas,1.0,0.23090743,10
0.212524918357325,Low,BuzzFeed News BR,0.4117647058823529,0.00013940474,1
0.22510811195042635,Low,Jorge Solla,1.0,0.049584184,7
0.49789165832580995,High,UerjResiste,0.36023054755043227,0.31686464,2
0.6879051602753936,Very High,Pietra De Pinho,1.0,0.0050578397,2
0.24269856206434914,Low,A Privataria Tucana,0.25882352941176473,0.19029272,56
0.644975521282085,Very High,Fora Tucanada,1.0,0.25084448,5
0.12614454993289115,Very Low,TV Poeira,0.026392961876832845,0.009550206,14
0.27756005269740897,Low,Direita Caipira,0.9942363112391931,0.006722843,3
0.1869182146283802,Low,Eu voto Haddad e Lula me pergunte por quê,0.994269340974212,0.09958932,17
0.20027718214515014,Low,BBC News Brasil,0.9053627760252366,0.033806015,29
0.3065521570395563,Low,Gaúchos da resistência.,1.0,0.013382856,66
0.5759258853362923,Very High,APOIO A VOLTA DO LULA,0.9941860465116279,0.24603334,26
0.2197111811816343,Low,Ursal- A Nova Ordem Mundial,0.989247311827957,0.026263772,14
0.8101313402569633,Very High,"Na dúvida, siga à esquerda",0.9772727272727273,0.007790958,31
0.46584848759996245,High,Ciro Gomes do Brasil,1.0,0.048594624,13
0.08236720751722315,Very Low,Fora Bolsonaro,0.7942122186495176,0.15711457,30
0.7922326792729848,Very High,Frente Progressista,0.2166172106824926,0.025792383,7
0.15058178514439008,Very Low,Delegado Thomé - Cadidato a Deputado Estadual 40000,0.9594594594594594,0.021785567,6
0.05934543439261897,Very Low,Ligue Os Pontos,0.7423312883435583,0.04686289,3
0.5498314364983203,Very High,Luiz Fernando Mainardi,0.9612403100775194,0.036162965,4
0.41364586315333834,High,🇧🇷 Brasil direita Patriota 🇧🇷,0.975103734439834,0.509388,32
0.1729166291082811,Low,PT São Paulo,1.0,0.006534352,4
0.22600524219688833,Low,Cartazes & Tirinhas LGBT,0.6855895196506551,0.015142105,49
0.6905386872345716,Very High,Mariachi,0.59375,0.165053,14
0.0820076963718257,Very Low,Galera Vermelha,1.0,0.041172907,8
0.6816738927275582,Very High,Revista Resistência Mulheres e homens pela Democracia e Direitos Humanos,0.7954545454545454,0.18459146,20
0.241899970888641,Low,Movimento Direita Joinville,1.0,0.011749268,2
0.4840864518497927,High,Direita Pinda,1.0,0.09872158,3
0.45983667414280666,High,Galera Vermelha,0.6739811912225705,0.009801528,8
0.6728437386005086,Very High,O Estadista,0.6428571428571429,0.4850187,18
0.7802037781877897,Very High,David Miranda,0.34801762114537443,0.055768944,20
0.00992959208914601,Very Low,UOL,0.7132352941176471,0.013445686,263
0.21343489389216241,Low,UOL,0.7011494252873564,0.021785567,263
0.30038300114262095,Low,Viva Sem Veneno,0.16012084592145015,0.03734144,1
0.03694972639675942,Very Low,Comunidade Socialista Brasileira,0.8306188925081434,0.39915034,6
0.403685507984931,High,Jair Bolsonaro Presidente 2018,0.905511811023622,0.1798404,6
0.09875486100762643,Very Low,Brasil Contra Jair Bolsonaro,0.47987616099071206,0.3969567,59
0.21826740292148095,Low,Pedro Uczai,0.49696969696969695,0.18744208,5
0.3237673913965956,High,Blog do Josias,0.4857142857142857,0.014702292,30
0.27454534205634107,Low,Luciana Genro,0.744807121661721,0.32557452,6
0.135178730769075,Very Low,Teísta Respeitado,1.0,0.004429537,3
0.18655005695561658,Low,Bolsonaro Litoral #2022🏄‍♂️🇧🇷🏄‍♀️😎👉,1.0,0.36456755,8
0.615244478331365,Very High,RAFAEL GALVÃO,0.6426116838487973,0.22579013,2
0.2690925592517718,Low,Magaligna,0.7437722419928826,0.010806813,8
0.12078829338794844,Very Low,Patriotas Brasil,0.9939759036144579,0.09915545,20
0.212636246412771,Low,Sam Clever,0.9937304075235109,0.069754265,1
0.14906693879181673,Very Low,iG,0.9119496855345912,0.014827953,41
0.4688369286614983,High,Mulheres Com Bolsonaro,1.0,0.02402467,4
0.03299751981847776,Very Low,Ele Não,1.0,0.036870047,20
0.263662877463479,Low,Ok Capitalista,0.9597989949748744,0.025674535,1
0.13931614345825383,Very Low,Botando Pilha,0.6851851851851852,0.024260364,9
0.19407178378202763,Low,GRUPO DE APOIO À OPERAÇÃO LAVA JATO - JUIZ SÉRGIO MORO,1.0,0.0064715217,57
0.05583360261125947,Very Low,PeTistas de Coração,0.9939393939393939,0.112953395,7
0.7540837230446334,Very High,Clara Averbuck,0.9934640522875817,0.007099825,2
0.013417422289027758,Very Low,Gaúchos da resistência.,0.08794788273615635,0.6588125,66
0.7403116993939091,Very High,edita pra mim,0.3981191222570533,0.031684756,88
0.2681941470903639,Low,O ponto de vista da classe trabalhadora,0.9125,0.008796243,4
0.10882790967924316,Very Low,Revista Resistência Mulheres e homens pela Democracia e Direitos Humanos,0.024242424242424242,0.20056234,20
0.23451636843927087,Low,Trabalho Sujo,0.986159169550173,0.029445656,4
1.7040095771823718,Very High,Padre João,1.0,0.10089093,3
0.05221758966500034,Very Low,Bà Lão - Đặc Trị Mụn Thâm Sẹo Rổ Lâu Năm,0.993920972644377,0.51980776,5
0.0604,Very Low,Bruno da Rosa,0.15853658536585366,0.63782936,1
0.598131102002812,Very High,Eu amo meu nordeste,0.8831615120274914,0.13908891,3
0.802850385796765,Very High,GRUPO OLAVO DE CARVALHO,0.15606936416184972,0.4394682,123
1.4347123954057142,Very High,A Gazeta Petista,0.1941747572815534,0.25462922,152
0.6229064235945032,Very High,Mulheres Com Bolsonaro,1.0,0.30993456,4
0.3137092162636488,High,Presidente Lula,1.0,0.006534352,11
0.0744064370421268,Very Low,Leandro Grespan,0.580952380952381,0.3389984,3
0.5667208973093835,Very High,Blog do Josias,0.9622641509433962,0.054037213,30
0.22077283720662144,Low,Bolsonaro Herói Nacional,0.9571865443425076,0.11347008,28
0.63011233761001,Very High,Direita Angrense,1.0,0.019226074,1
0.0057204174074465,Very Low,Edileno Chagas,1.0,0.023788974,1
0.4062398851917282,High,Direita Paraíba,1.0,0.0137598375,14
0.5661013797466097,Very High,Luciane Carminatti,0.8944099378881988,0.31963667,3
0.370606759080884,High,Movimento Meritocracia de Direita,0.9750778816199377,0.01419965,3
0.196177509338668,Low,Rede de Afeto,0.9829059829059829,0.11098998,1
0.5231925317750188,Very High,David Miranda,0.8253275109170306,0.19409354,20
0.4333331597222235,High,Orgulho por eleger Jair Bolsonaro PSL #17,1.0,0.013068704,5
1.7459457669832075,Very High,Bolsominions,0.5830388692579506,0.10522962,7
0.0248516457549662,Very Low,Sikera Junior,0.7058823529411765,0.104361884,1
0.05274961273025536,Very Low,Amauri Teixeira,0.5344262295081967,0.5140397,14
0.5155340512982258,Very High,PT Alagoas,1.0,0.01859777,4
0.05669214906221309,Very Low,Conservadores de Direita Tradicionais,1.0,0.025910228,25
0.18734205516124425,Low,A Gazeta Petista,0.9868852459016394,0.6852916,152
0.06446713806373139,Very Low,UJS - União da Juventude Socialista,1.0,0.07687678,6
0.2757261984943631,Low,Movimento Brasil LIVRE E SOBERANO-Rede Internacional da Legalidade,1.0,0.024731753,30
0.053433291855335185,Very Low,Portal da Educadora,0.48484848484848486,0.029327808,16
0.18349327743406535,Low,Movimento Voto Nulo,0.7647058823529411,0.21241048,10
0.021324412611409715,Very Low,Ele Não,0.717948717948718,0.006502937,20
0.464820909231021,High,Legião de Bolsonaro.,1.0,0.012880214,2
0.557607105903785,Very High,Roberto Robaina,1.0,0.17025198,2
0.45310922882351684,High,União das Esquerdas,1.0,0.05304765,85
0.07839002792265748,Very Low,Fernando Horta,1.0,0.18269104,5
0.1001706116504826,Very Low,UOL,0.900355871886121,0.033806015,263
1.0827796534041139,Very High,Perolas dos Coxinhas,0.15254237288135594,0.6020386,244
0.031442745459810295,Very Low,Top Vídeos,0.9936908517350158,0.00025132124,2
0.13626142210002268,Very Low,Juliana Cardoso,0.1987179487179487,0.30716252,10
1.1025685221487487,Very High,Catraca Livre,0.9920948616600791,0.036162965,53
0.1427655981057563,Very Low,Catraca Livre Entretenimento,0.9361702127659575,0.0017592487,10
0.20726654223981011,Low,Lula Livre,0.9551282051282052,0.059479803,7
0.5351780907689789,Very High,Panorama News,1.0,0.0063144458,1
0.13260997983179823,Very Low,Brasil Conservador,0.9671052631578947,0.008356431,23
0.3830573233686457,High,Inteligentista,0.6634615384615384,0.08637348,10
0.42758756864443037,High,Blog do Josias,0.9927272727272727,0.01834645,30
0.6950213734546837,Very High,Presidente Lula,0.9561128526645768,0.27047762,11
0.15881019781776395,Very Low,CUT São Paulo,0.9936305732484076,0.014073989,1
0.22555192210661104,Low,iG,0.9872611464968153,0.0020262774,41
0.2732958045789922,Low,"Na dúvida, siga à esquerda",0.898989898989899,0.11119666,31
0.1279772453616549,Very Low,Politizados,0.9790209790209791,0.52139956,33
0.172297752741757,Low,Direita sensata,0.9893048128342246,0.09958932,2
0.4906064522056435,High,BBC News Brasil,0.8343949044585988,0.00033967636,29
0.12445561760553214,Very Low,Portal da Educadora,0.9862542955326461,0.14256015,16
0.4919003785244149,High,Solidariedade a Dilma,0.5319148936170213,0.4014846,4
0.06221490799970042,Very Low,Gotas de Otimismo e Informação,0.6384615384615384,0.023906821,13
0.9466119553723908,Very High,"Todos contra a ""globo"" e todos a favor do Lula.",0.34306569343065696,0.049584184,117
0.46700916328995806,High,Delegado Thomé - Cadidato a Deputado Estadual 40000,0.34798534798534797,0.00033967636,6
0.7069698063717197,Very High,"Na dúvida, siga à esquerda",0.9726962457337884,0.32289913,31
0.3682200542740139,High,Lula Presidente do Brasil,0.7105263157894737,0.4575469,27
0.3261018554191412,High,Direita Paraíba,1.0,0.33338684,14
0.21972963728855144,Low,Salvem a Democracia,0.9931506849315068,0.007853788,8
0.32576240736024953,High,#A GAZETA ESQUERDISTA CONTRA O COISO,1.0,0.0201057,108
0.010814220428682075,Very Low,Movimento Brasil LIVRE E SOBERANO-Rede Internacional da Legalidade,0.9935275080906149,0.0665887,30
0.513277619988239,Very High,Ursal- A Nova Ordem Mundial,0.8162544169611308,0.4269174,14
0.605907313144062,Very High,Gustavo Don Mogi SP,0.46236559139784944,0.0041782153,2
0.37497725754831646,High,Bolsonaro Herói Nacional,1.0,0.005497652,28
0.5494378518354681,Very High,Lula Livre,0.8640776699029126,0.10522962,7
0.008866984625628127,Very Low,BBC News Brasil,0.6059479553903345,0.016838523,29
0.03840194666225227,Very Low,David Miranda,0.6677966101694915,0.054779384,20
0.2009924975787984,Low,UOL,0.9628252788104089,0.044388983,263
0.3840292326911334,High,Bolsonaro Herói Nacional,0.9934640522875817,0.009990019,28
0.9382188645917249,Very High,Perolas dos Coxinhas,0.20270270270270271,0.37694603,244
0.36988666238999,High,O Plutocrata 1.0,0.1736111111111111,0.22712809,2
0.20726618509695294,Low,Brasil de Verdade,0.7902621722846442,0.0031572229,2
0.6284954449801535,Very High,#A GAZETA ESQUERDISTA CONTRA O COISO,1.0,0.00713124,108
0.03694972639675942,Very Low,Comunidade Socialista Brasileira,0.7588652482269503,0.16678599,6
0.683819324907353,Very High,Brasil Econômico,0.8972602739726028,0.010743983,1
0.6301128376100099,Very High,República de Blumenau,1.0,0.014136819,2
0.18430796627324075,Low,Revista Resistência Mulheres e homens pela Democracia e Direitos Humanos,1.0,0.04290464,20
0.31491596724809684,High,BBC News Brasil,0.5250836120401338,0.000107007865,29
0.257231392844754,Low,Elisa Robson,1.0,0.05230548,1
0.3463144217025697,High,Ruth Sheherazade,0.9475409836065574,0.5532103,13
0.10164195290009997,Very Low,Revoltados on LINE - Intervenção FFAA,0.9701492537313433,0.05378982,18
0.4385805126176734,High,APOIO A VOLTA DO LULA,1.0,0.026499467,26
0.212636246412771,Low,Deise Do Vale,0.9932885906040269,0.02402467,1
0.24746292512275003,Low,PT São Paulo,0.7016949152542373,0.07608539,4
0.21553377320192235,Low,Panelinha Opressora - direita,0.9926739926739927,0.019980038,8
0.535178590768979,Very High,O que Acontece Você Vê Aqui,1.0,0.012566062,2
0.6558236526743634,Very High,UOL,0.9240506329113924,0.036870047,263
0.060758909078234336,Very Low,Isa Penna,0.8299319727891157,0.16678599,2
0.5262398126682784,Very High,Liga da Justiça Page,0.7706422018348624,0.05354243,4
0.7105338564508228,Very High,Pensadores livres,0.9057591623036649,0.035691574,7
0.8307410972664473,Very High,Todo dia um esforço diferente para não virar ancap,0.39285714285714285,0.47772613,2
0.2707529537707313,Low,Haddad Presidente,1.0,0.011435116,4
0.3676895607167112,High,"Na dúvida, siga à esquerda",0.9932659932659933,0.08716487,31
0.0444436279893643,Very Low,Bolsonaro: aqui não,0.02666666666666667,0.1182615,18
0.5669006559896448,Very High,Dilma Resistente,0.5361216730038023,0.027088705,19
0.5205810230825114,Very High,Em Defesa do Brasil,0.9923954372623575,0.039935954,17
0.4090251163888792,High,"Na dúvida, siga à esquerda",1.0,0.08953904,31
0.500996935901197,Very High,Major Mecca,0.8315018315018315,0.25462922,3
0.42712729893451234,High,Sergio Moro 🇧🇷,0.28888888888888886,0.091913216,27
0.09838701364156399,Very Low,Universa,0.9771863117870723,0.0009228201,2
0.2991295403691394,Low,Cômicas Políticas,0.32432432432432434,0.29039988,6
0.49986937774274465,Very High,GRUPO DE APOIO À OPERAÇÃO LAVA JATO - JUIZ SÉRGIO MORO,0.43119266055045874,0.28312725,57
0.010405728619895305,Very Low,Sonia Bone Guajajara,1.0,0.025203144,3
0.12617591899674213,Very Low,UOL Notícias,0.07936507936507936,0.023553278,288
0.1936393647767053,Low,David Miranda,0.8666666666666667,0.23451406,20
0.004776420837517614,Very Low,Movimento Brasil Livre - Brasília,1.0,0.013445686,8
0.3840790166014855,High,Universo Carl Sagan Irônico,0.9519230769230769,0.008293601,5
0.3054794414993434,Low,Blog do Josias,0.9793103448275862,0.011120965,30
0.189911399997302,Low,Um activismo por dia,0.6771929824561403,0.0070055793,1
0.520375938823604,Very High,Lídice da Mata,0.9644128113879004,0.021785567,2
0.13900296169880666,Very Low,Movimento Brasil Livre - Brasília,0.7935943060498221,0.030741978,8
0.07956254230520665,Very Low,O Brasil,0.9928825622775801,0.41910073,18
0.20732342785964897,Low,Deputado Federal Vicentinho,1.0,0.025792383,1
0.24239268076288523,Low,Haddad Presidente,0.9862068965517241,0.37694603,4
0.2914786271986375,Low,Bolsonaro Herói Nacional,1.0,0.02402467,28
0.4796237278430626,High,Alice Portugal,1.0,0.01646154,3
0.13057370154765213,Very Low,BBC News Brasil,0.3176470588235294,0.009110395,29
0.8312255379799789,Very High,GRUPO DE APOIO AO  GOVERNO DO BOLSONARO PRESIDENTE DO BRASIL,0.2830188679245283,0.33504707,54
0.04979607116250806,Very Low,República Riograndense #direitarsbr,0.9923076923076923,0.11450345,3
0.4807837657367351,High,Lula Livre,0.6512455516014235,0.032391842,7
0.12103519504144544,Very Low,Fernando Horta,0.18996415770609318,0.38811707,5
0.6962776105030126,Very High,Os Mortadelas,0.717391304347826,0.0017121258,28
0.13755394402158894,Very Low,Mídia NINJA,0.4539249146757679,0.04760506,39
0.384754521668635,High,Mudança Já Brasil - Bolsonaro News,0.8275862068965517,0.00804228,1
1.0431448973080335,Very High,Vamos Falar de Patriotismo,0.9857651245551602,0.009236055,5
0.7236458595768263,Very High,Seja Subversivo,0.7854671280276817,0.055521555,14
0.03093489389216239,Very Low,UOL,0.806060606060606,0.032391842,263
0.00497988130448368,Very Low,Bolsonaro Opressor 2022,1.0,0.029092113,41
0.6170090620399458,Very High,Ana Paula Lima,0.5467625899280576,0.014450971,3
0.07529212214742953,Very Low,Melhor Política,0.9930313588850174,0.20973456,25
0.20860914794352614,Low,"Na dúvida, siga à esquerda",1.0,0.23271075,31
0.4979826903216381,High,Tattoo no toco,1.0,0.1140901,2
0.34432144395545217,High,Parlatório Livre,1.0,0.009361716,10
0.3406651353427507,High,David Miranda,0.15492957746478872,0.15048122,20
0.394030321562729,High,Hipocrisia: A rainha absoluta,0.34767025089605735,0.2524482,5
0.5675291313179904,Very High,Em Defesa do Brasil,1.0,0.0021519382,17
0.0848412928335891,Very Low,Mário Magalhães,0.993127147766323,0.01859777,3
0.1597914669059356,Very Low,Direita Democrática Brasileira,1.0,0.030506283,6
0.35233575734450706,High,Curitiba Contra o PT,1.0,0.3561489,37
0.5002658157042112,Very High,Marcos Alexandre Santos,0.9745222929936306,0.022728346,6
0.031664163394370615,Very Low,Flavio Serafini,0.5340501792114696,0.37751234,8
0.39813113866948224,High,Mulheres Com Bolsonaro,1.0,0.32919475,4
0.6260371679785519,Very High,GRUPO OLAVO DE CARVALHO,0.43884892086330934,0.509388,123
0.08725241908574422,Very Low,Socialista Morena,1.0,0.3375374,10
0.6350962651259852,Very High,Parlatório Livre,0.9783783783783784,0.02402467,10
1.392675212140447,Very High,Benedita da Silva,1.0,0.2667042,2
0.18739958462222328,Low,edita pra mim,0.9925373134328358,0.09112182,88
1.6904108796209432,Very High,Lula pelo Brasil,0.7303370786516854,0.10522962,12
0.20134067760295105,Low,A Casa de Vidro,0.9781021897810219,0.37751234,5
0.5667827378544851,Very High,Patrícia Melo,0.8721804511278195,0.055521555,2
0.46700916328995806,High,Mulheres BR,0.5384615384615384,0.13214645,6
0.3389014518344153,High,Política Estadão,0.8731707317073171,0.00041428735,4
0.1982177843711253,Low,Retrogrado Reaça,0.9918032786885246,0.2667042,12
0.492456815800946,High,Waldenor Pereira,1.0,0.055521555,5
0.01083302734178182,Very Low,MUD - Movimento de União Pela Democracia,0.2014388489208633,0.09308127,11
0.20167587956108268,Low,Carioca Opressora,0.9407407407407408,0.005780388,3
0.813655445617757,Very High,"letra, música & história",0.9758064516129032,0.22177623,16
0.16455867684433678,Low,Douglas Soldan,0.055944055944055944,0.03062413,6
0.855073211981479,Very High,Revoltados on LINE - Intervenção FFAA,0.6226415094339622,0.1587729,18
0.155869177895565,Very Low,Cansei de Religião,0.17374517374517376,0.1893425,1
1.3456792253710628,Very High,Lula Presidente do Brasil,0.7363636363636363,0.16158698,27
0.5505814651443659,Very High,Norte de Minas MG (Grupo),0.8809523809523809,0.11429678,2
0.23945076870164583,Low,Fora Bolsonaro,0.75,0.0026859958,30
0.0924033770964477,Very Low,Militares Brazilian,0.8601398601398601,0.11119666,1
0.6791397362377152,Very High,GRUPO OLAVO DE CARVALHO,0.12903225806451613,0.19599396,123
0.368028753302341,High,Bolsonaro Maranhense,0.855072463768116,0.27412915,4
0.24549074610106264,Low,Jorge Solla,0.9928057553956835,0.50789946,7
0.12282574708403204,Very Low,Esquerda Revolucionária,0.25448028673835127,0.08637348,25
0.4807834085938779,High,PT Partido dos Trabalhadores Itupeva,0.8716981132075472,0.003377129,2
0.8786617278202434,Very High,Mídia NINJA,0.13692946058091288,0.01225191,39
0.6397365662582539,Very High,O Estadista,0.7938931297709924,0.35186127,18
0.31473709435529595,High,Aliança Pelo Brasil,0.21333333333333335,0.295883,1
0.6954771106060107,Very High,UOL,0.9411764705882353,0.042657252,263
0.41000523879103845,High,Bolsonaro Herói Nacional,1.0,0.011623607,28
0.19701777153520006,Low,Delegado Thomé - Cadidato a Deputado Estadual 40000,0.5067264573991032,0.011937759,6
0.44239269409621496,High,Bloco do Pink Floyd,0.9389312977099237,0.06421452,2
0.0605320443189379,Very Low,Direita sensata,0.9873417721518988,0.09785384,2
0.9764049348053072,Very High,Gaúchos da resistência.,0.275,0.15711457,66
0.23232711598046007,Low,LULA Presidente Brasil,0.5220588235294118,0.3367073,4
0.07126708828039185,Very Low,Botando Pilha,0.16483516483516483,0.6544696,9
0.4399788279899923,High,BBC News Brasil,0.9197080291970803,0.0003082612,29
0.11999048600856044,Very Low,Brasil de Fato,0.7142857142857143,0.04166769,14
0.2600575262918151,Low,A Privataria Tucana,0.6204379562043796,0.027324399,56
0.20167609049857171,Low,Pixuleco,0.9699248120300752,0.1100022,12
0.26446766715815473,Low,Direita Sorocabana,0.9928571428571429,0.0016650031,3
0.49245668246761265,High,Betão,1.0,0.056263726,3
0.149928416065152,Very Low,Homem De Direita,0.728,0.4850187,5
0.40943482937754233,High,Direita Jovem Pará,1.0,0.49139655,2
0.007324374526315958,Very Low,PT Paulista,1.0,0.0068485034,16
0.512220688408634,Very High,Agentes Federais do Brasil III,0.9847908745247148,0.0010524077,3
0.00706495243863714,Very Low,Movimento Brasil LIVRE E SOBERANO-Rede Internacional da Legalidade,1.0,0.20705862,30
0.32556390020416365,High,Movimento Brasil Livre - Brasília,0.940959409594096,0.013822667,8
0.9346333680128502,Very High,Edmilson Rodrigues,0.1590909090909091,0.11192002,2
0.42285607040343803,High,"LEU NA VEJA, AZAR O SEU!!!!!!",0.8181818181818182,0.14429577,25
0.459421578624137,High,"Menos Marx, mais Mises",0.84375,0.026028076,1
0.1255773267931266,Very Low,Paulo Teixeira,0.6383763837638377,0.2540519,7
0.6277020339249133,Very High,Kerexu,0.42962962962962964,0.027088705,4
0.8902220358571622,Very High,GRUPO OLAVO DE CARVALHO,0.3898305084745763,0.24763705,123
0.04845873830091452,Very Low,Professor Toninho Vespoli,0.27205882352941174,0.19409354,5
0.8030364357782513,Very High,Patrus Ananias,0.1169811320754717,0.0031258077,10
0.650460626972635,Very High,Lula Rei de Minas Gerais,1.0,0.011058134,2
0.3308756626165562,High,TV Poeira,0.15555555555555556,0.25462922,14
0.0817394675800153,Very Low,Mapa Educação,0.9779411764705882,0.014890783,2
0.10169391525423699,Very Low,EnDireita RS,0.3875968992248062,0.2854835,1
0.5678489239948079,Very High,Ateu Porquê o inferno é piada,0.9899497487437185,0.011686437,1
0.08057819320520632,Very Low,Analfabeto Político,0.421875,0.2854869,40
0.15673259239099713,Very Low,Sociedade Racionalista,0.29277566539923955,0.41690505,5
0.5336755655122303,Very High,Vascomunistas,0.8274111675126904,0.08637348,2
1.4152441583314128,Very High,Bolsominions Arrependidos,0.7302325581395349,0.09438288,4
0.15370612330177236,Very Low,Direita Democrática Brasileira,0.8666666666666667,0.019100413,6
0.31416814095819695,High,Esquerda Revolucionária,0.9927007299270073,0.24442963,25
0.4523357315111741,High,ALIANÇA PELO BRASIL,1.0,0.12867521,14
0.9717277368977217,Very High,David Lopes Macedo,0.7945945945945946,0.11098998,7
0.5542317248187296,Very High,Ativismo Protestante,0.4798206278026906,0.019980038,12
0.060759205374464775,Very Low,Grande mobilização Nacional contra a Corrupção,0.7222222222222222,0.39915034,4
0.11473804102196294,Very Low,PT Paulista,1.0,0.10566349,16
0.235321099259043,Low,Mulheres que podem #elenão,0.2958801498127341,0.23162876,3
0.2641175354280192,Low,TV Poeira,0.24812030075187969,0.4269174,14
0.39813113866948224,High,O Mito Mitando,1.0,0.008293601,4
0.16458548331019474,Low,David Miranda,0.5408560311284046,0.022728346,20
0.5678160935469219,Very High,Direita do Brasil - Conservadorismo,0.3484848484848485,0.050573748,4
0.1292682672130787,Very Low,Os Mortadelas,0.4362934362934363,0.17631748,28
0.3718237318856205,High,Seja Subversivo,0.984375,0.36095104,14
0.08965950784901477,Very Low,Dilma Resistente,0.8473895582329317,0.31825066,19
1.3927329549031429,Very High,Rogério Correia,0.8699186991869918,0.1991664,2
0.6775600793639796,Very High,Em defesa da Pátria,1.0,0.0055918973,3
0.468836821994876,High,Operação Bolsonaro,1.0,0.02402467,4
0.16467876074086096,Low,Edegar Pretto,0.3359683794466403,0.37458646,2
0.4211678502421279,High,Haddad 13 presidente,1.0,0.029563503,2
0.1050003192689026,Very Low,Direita Rio,1.0,0.11067997,6
0.43197103336432924,High,País Rico É País Sem PT,0.9354838709677419,0.24924077,4
0.44239269409621496,High,Bloco do Pink Floyd,0.984251968503937,0.0054034065,2
0.3569821301282501,High,Revoltados on LINE - Intervenção FFAA,0.4326923076923077,0.37751234,18
0.2172484095888289,Low,O ponto de vista da classe trabalhadora,0.9731543624161074,0.0201057,4
0.4403157445542181,High,Ilha do Marajó,0.9420289855072463,0.0030629775,9
0.5810709631766591,Very High,BLOG DA DILMA PT,0.9923371647509579,0.0041468004,24
0.2323298064450516,Low,UOL,0.7987421383647799,0.026028076,263
0.5021703885226062,Very High,Parlatório Livre,1.0,0.006377276,10
0.7711828205793181,Very High,BBC News Brasil,0.8620689655172413,0.0046180277,29
0.2950348938921624,Low,UOL,0.946360153256705,0.024967449,263
0.5742658905364606,Very High,Blog do Josias,0.6902654867256637,0.022021262,30
0.25725237966558034,Low,BLOQUEIE A GLOBO VOCÊ TAMBÉM!,0.9923664122137404,0.023788974,69
0.19519315159302808,Low,Lula pelo Brasil,0.556420233463035,0.38811707,12
0.35020328883739593,High,Loucas pelo Ciro,0.92,0.15545623,1
1.2833666994751274,Very High,Gotas de Otimismo e Informação,0.6363636363636364,0.07291982,13
0.44731044604003845,High,Brasil Contra Jair Bolsonaro,0.8578199052132701,0.02249265,59
0.38153511904609816,High,Ursal- A Nova Ordem Mundial,0.99,0.37751234,14
0.8736271132232203,Very High,Inteligentista,0.9914163090128756,0.45549932,10
0.33872035102533193,High,Lula Vale a Luta - Campanha Internacional,0.9844357976653697,0.2028889,1
0.25633588115382766,Low,Os Mortadelas,0.5905511811023622,0.37073207,28
0.10038378780929125,Very Low,Kerexu,0.27692307692307694,0.2854869,4
0.0556550899192148,Very Low,Panelinha da Direita 1.0,0.8157894736842105,0.45703048,2
0.9499282027318223,Very High,O Mito Mitando,0.7525773195876289,0.112333365,4
0.31922855503667813,High,Anti-Bolsonaro,1.0,0.032863233,10
0.241899970888641,Low,Força Democrática RN,0.9922779922779923,0.11912931,1
0.47075283377072763,High,Cirão Paraibano,1.0,0.022728346,3
0.198236981401793,Low,DireitaNews,0.9672131147540983,0.014513801,1
0.09569531266153364,Very Low,Minas é Bolsonaro,1.0,0.011120965,6
0.7798105842159581,Very High,Brasileiros no Japão,0.831858407079646,0.005340576,4
0.027404457894191436,Very Low,Burguesia fede,0.46153846153846156,0.13041082,11
0.605907313144062,Very High,Amigos B Brasil,0.5391705069124424,0.013697007,2
1.2201602630897224,Very High,🇧🇷 Brasil direita Patriota 🇧🇷,0.7175141242937854,0.102626406,32
0.09316600706894668,Very Low,Bolsonaro Opressor 2022,1.0,0.15932569,41
0.149928416065152,Very Low,POVO Claudio MPTV,0.5238095238095238,0.21241048,2
0.646774548964011,Very High,Brasil - Constituinte.,1.0,0.040925518,1
0.5970174515351759,Very High,Blog do Noblat,0.6476683937823834,0.013068704,2
0.12653799615499373,Very Low,Flavio Gomes,0.7899159663865546,0.4269174,2
0.203196968803879,Low,Bolsonaro Maranhense,1.0,0.47886392,4
0.3761734410899682,High,FORA BOLSONARO!!,1.0,0.027913637,48
0.48393907383523677,High,Presidente Lula,0.6929133858267716,0.0665887,11
0.29863769114212185,Low,MBL - Movimento Brasil Livre Praia Grande,0.9888268156424581,0.2854971,4
0.2887651970659572,Low,🇧🇷🇧🇷🇧🇷#INTERVENÇÃOMILITAR🇧🇷🇧🇷🇧🇷  🌟🌟🌟#INTERVENÇÃOMILITAR🌟🌟,1.0,0.054531995,11
1.4485498698906685,Very High,#A GAZETA ESQUERDISTA CONTRA O COISO,0.13548387096774195,0.25462922,108
0.13198987643140792,Very Low,Lula Pra Sempre Presidente do Brasil #HaddadManu2018,0.9754098360655737,0.11119666,13
0.6605797875913746,Very High,Assis Carvalho,0.9760956175298805,0.25462922,6
0.22378165690081597,Low,Por Nossa Democracia,1.0,0.011183795,5
0.13775413085179136,Very Low,Vamos Falar de Patriotismo,1.0,0.0042410456,5
0.17858910600810796,Low,Esquerda Revolucionária,1.0,0.09481675,25
0.49789165832580995,High,Volta Dilma,0.1541501976284585,0.075294,2
0.1929928558547556,Low,Blog do Josias,0.8152173913043478,0.021196328,30
0.6875625527088379,Very High,Bolsonaro Alagoas,0.9887005649717514,0.37751234,2
0.6619262329724824,Very High,Bolsonaro Presidente do Brasil,1.0,0.39021665,9
0.5154671545040197,Very High,Catraca Livre,0.954337899543379,0.11088664,53
0.234181766342344,Low,Metralhando a Corrupção,0.9921259842519685,0.04166769,3
0.2371365774414952,Low,"Na dúvida, siga à esquerda",0.6811594202898551,0.020960633,31
0.39454169544228146,High,Brasil Contra Jair Bolsonaro,0.035856573705179286,0.36456755,59
0.3242905730227814,High,Pensadores livres,0.7549019607843137,0.004523782,7
0.31258937205245985,Low,Perolas dos Coxinhas,1.0,0.0201057,244
0.7031499321922815,Very High,#A GAZETA ESQUERDISTA CONTRA O COISO,0.9310344827586207,0.16043124,108
0.40753430629469894,High,Esquerda Revolucionária,1.0,0.04290464,25
0.3055480451722347,Low,Direita Sorocabana,1.0,0.27750343,3
0.8402349303341969,Very High,Esquerda Revolucionária,0.24663677130044842,0.29039988,25
0.5822276729027595,Very High,Mário Magalhães,0.06172839506172839,0.023553278,3
0.4467228730076608,High,MUD - Movimento de União Pela Democracia,0.031746031746031744,0.033806015,11
0.4423923940962149,High,Pink Floyd Moon,0.983739837398374,0.01218908,1
0.9993764159791113,Very High,A Gazeta Petista,0.0990990990990991,0.023317585,152
0.20726635176361963,Low,PT Conquista,0.9338842975206612,0.20242359,2
0.78978061248688,Very High,Luciana Boiteux,0.08085106382978724,0.5024724,2
1.5611902453145725,Very High,A Nova Revolução,0.5726495726495726,0.11357342,7
0.098850350897541,Very Low,Movimento Direita Joinville,0.4204081632653061,0.0926474,2
0.365712093875842,High,Leoni Oficial,0.03278688524590164,0.2312681,19
0.024771477023456057,Very Low,Luciana Genro,0.01639344262295082,0.3127066,6
0.34000006479999556,High,Paulo Teixeira,0.3168724279835391,0.09351514,7
0.3311975498851135,High,#A GAZETA ESQUERDISTA CONTRA O COISO,0.18699186991869918,0.040925518,108
0.26695057653779586,Low,O Estadista,1.0,0.040183347,18
0.593350535102519,Very High,Esquerda Vermelha,0.9757085020242915,0.007382561,6
0.19999979999999995,Low,O Lembrador,1.0,0.055521555,5
0.5594089518242383,Very High,"Brasil, é hora de acordar",0.7974683544303798,0.11078331,2
0.5564611866426752,Very High,"Na dúvida, siga à esquerda",0.5346534653465347,0.07054565,31
0.32182901499752237,High,LULA LÁ BRILHA UMA ESTRELA,0.32673267326732675,0.39915034,95
0.6005686064067399,Very High,Choque de Comuna,0.06504065040650407,0.52272606,2
0.2051489739762391,Low,Lula pelo Brasil,1.0,0.16331999,12
0.032351634435235366,Very Low,Política Feita com a Verdade,0.8353909465020576,0.039935954,13
0.391779274775757,High,Latraca Crive,1.0,0.3811502,2
0.132990656710066,Very Low,Doutor Maravilha,0.5639810426540285,0.18649188,1
0.597016951535176,Very High,Quem manda no Brasil? Falência Democrática,0.5525114155251142,0.017592486,1
1.3916076685292174,Very High,Gaúchos da resistência.,0.22535211267605634,0.33421695,66
0.5402826564160226,Very High,Nova São Paulo,0.9622641509433962,0.45751464,5
0.10184788112441168,Very Low,Bolsonaro Opressor 2022,0.9897959183673469,0.36095104,41
0.7554989720250107,Very High,Indignação Progressista,0.9836734693877551,0.028974265,4
0.16135155166839693,Low,Revoltados on LINE - Intervenção FFAA,0.9833333333333333,0.15048122,18
0.3282131654538075,High,Politicamente Incorreto,0.9917695473251029,0.19599396,5
0.4106684750800272,High,Mulheres Unidas contra Bolsonaro - RS,1.0,0.025556687,11
0.7655165731198373,Very High,Vire Direita,0.47058823529411764,0.067380086,2
0.271453259236875,Low,Tudo Sobre o Guarujá,0.9783783783783784,0.021314176,1
0.38643236108310197,High,Conexão América,1.0,0.01834645,1
0.459421578624137,High,Sub Sincero,0.7647058823529411,0.15213956,1
0.27996531927269924,Low,iG,0.8739495798319328,0.00014725853,41
0.23888102636481134,Low,🇧🇷 Brasil direita Patriota 🇧🇷,0.5652173913043478,0.07212844,32
0.22715875268667335,Low,Pietra De Pinho,0.9583333333333334,0.37751234,2
0.1245533509965886,Very Low,Gotas de Otimismo e Informação,1.0,0.0103670005,13
0.4710979332150578,High,Caos na Educação?,1.0,0.004712273,6
0.050267287851779696,Very Low,Juliana Cardoso,1.0,0.014513801,10
0.08578180345066033,Very Low,Ação Corrente do Bem,0.9550561797752809,0.01859777,4
0.4215812116204078,High,Revista Resistência Mulheres e homens pela Democracia e Direitos Humanos,1.0,0.03969839,20
0.384754521668635,High,Diário Online Brasil,0.6739130434782609,0.0011073842,1
0.36595232663173777,High,Diário Conservador,1.0,0.000013682772,6
0.09357021325939541,Very Low,Blog do Josias,0.4189189189189189,0.05898502,30
0.49870803859130775,Very High,Chega de Corruptos,0.8933333333333333,0.51869136,7
0.05142174389093135,Very Low,Jair Me Arrependi,0.8509316770186336,0.23162876,2
0.1573235453210352,Very Low,Portal da Educadora,0.9910313901345291,0.004272461,16
0.30203633744660763,Low,Partido dos Trabalhadores RJ,0.2916666666666667,0.044636376,10
0.480783708593878,High,Mulheres da Resistência no Exterior,0.5377777777777778,0.04290464,5
0.08182094204620716,Very Low,VITÓRIA NA GUERRA BRASIL PEGA FOGO!,1.0,0.11192002,32
0.5189669482560599,Very High,Deputada Zeidan,1.0,0.011560776,2
0.4533558496227953,High,O Mito Mitando,1.0,0.03109552,4
0.1408888953092125,Very Low,Progressista,0.559322033898305,0.11479026,9
0.278799206754189,Low,Maria Aparecida De Barros Quintão,1.0,0.52272606,1
0.8703588983558433,Very High,"Todos contra a ""globo"" e todos a favor do Lula.",0.11403508771929824,0.36456755,117
0.24227108173908835,Low,Militantes De Esquerda,0.48623853211009177,0.02107848,3
0.093489882437145,Very Low,História da Ditadura,0.0,0.033806015,1
0.230055290832777,Low,Direita Minas - Rio Paranaíba,1.0,0.00804228,1
0.2619142793100543,Low,"PATRIOTAS EM AÇÃO, CURITIBA",1.0,0.3561489,15
0.7996568789323624,Very High,É melhor Jair se arrependendo,0.6022727272727273,0.011560776,2
0.1376463531044605,Very Low,OneL13,0.09956709956709957,0.23162876,26
0.199678842370847,Low,Frente Brasil Popular SP,1.0,0.0000500679,1
0.02622513136127258,Very Low,MULHERES COM BOLSONARO ALIANÇA PELO BRASIL [OFICIAL],0.9829787234042553,0.112643376,44
0.42867479779504514,High,A Privataria Tucana,0.20535714285714285,0.009424546,56
0.19739236567525797,Low,Velório do Fascismo,0.9875,0.22846605,2
0.4992798827401396,Very High,UOL,0.7170731707317073,0.015142105,263
0.67136066011342,Very High,Caculé Bolsonaro,1.0,0.014450971,1
0.5176526997217423,Very High,Quebrando a Catraca,1.0,0.24763705,2
0.2102188875131199,Low,Coxinha,0.5087719298245614,0.6544696,2
0.7848932672130786,Very High,Os Mortadelas,0.8987341772151899,0.13908891,28
0.49245668246761265,High,Eu Quero Democracia,1.0,0.02343543,3
1.0737140676461303,Very High,LULA LÁ BRILHA UMA ESTRELA,0.16201117318435754,0.15822013,95
0.020767757949571974,Very Low,Mulheres Unidas Contra Bolsonaro,0.9043478260869565,0.011372286,14
0.4858950585089,High,Porto Alegre da contramão,0.9656652360515021,0.12520397,4
0.053560059523499515,Very Low,#A GAZETA ESQUERDISTA CONTRA O COISO,0.9583333333333334,0.04240986,108
0.6930962543170291,Very High,Margarida Salomão,0.46788990825688076,0.3286776,17
0.10475696480097152,Very Low,A Nova Revolução,1.0,0.013005874,7
0.46036850499007653,High,Bolsominions,0.7956989247311828,0.0026859958,7
0.31473709435529595,High,Corruptos,0.8051948051948052,0.091913216,1
0.177093363072167,Low,Cariocas Direitos,0.9900497512437811,0.23451406,1
0.49245668246761265,High,Pedro Patrus,1.0,0.012566062,3
0.355024278717915,High,Mundo Jurídico,0.9369369369369369,0.03639866,3
0.2938255767491341,Low,GRUPO OLAVO DE CARVALHO,1.0,0.044141594,123
0.20732409452631562,Low,Jeferson Fernandes,1.0,0.053295042,3
0.16455838054810634,Low,RUA - Juventude Anticapitalista,0.21030042918454936,0.21642438,2
0.38643236108310197,High,Força Meninas,1.0,0.103494145,1
0.42169532129399556,High,O Globo,0.9593908629441624,0.010555492,30
0.5320259991024591,Very High,Revoltados on LINE - Intervenção FFAA,0.4375,0.04735767,18
0.46656260148305384,High,Perolas dos Coxinhas,0.388646288209607,0.53579444,244
0.4091517035566996,High,Intervenção ANTES QUE Tardia,1.0,0.05131592,11
0.2395986178086954,Low,UOL,0.7339449541284404,0.034984488,263
0.4423923940962149,High,Floydianismo,0.9043478260869565,0.15213956,1
0.21178422863391477,Low,Contas Abertas,0.9423076923076923,0.0024975047,6
0.14262564095438696,Very Low,Revoltados on LINE - Intervenção FFAA,0.9894736842105263,0.011812098,18
0.774793302025339,Very High,GRUPO DE APOIO AO  GOVERNO DO BOLSONARO PRESIDENTE DO BRASIL,0.6076555023923444,0.11429678,54
0.02840109412469316,Very Low,Isso é culpa do PT,0.23684210526315788,0.5721988,9
0.3681267675625256,High,Direita Pará,0.8009950248756219,0.11088664,5
0.1737145342415798,Low,Time Lula,1.0,0.01024134,10
0.6237076661954739,Very High,O que Acontece Você Vê Aqui,0.9423076923076923,0.012314741,2
0.10823661323821271,Very Low,Ele Não,1.0,0.1798404,20
0.29953560430029735,Low,Vira Voto,1.0,0.23162876,6
0.05833020599999239,Very Low,Flavio Serafini,0.37962962962962965,0.3375374,8
0.37522770297652,High,Diário Feminista,0.07142857142857142,0.10609736,1
0.2577149839349011,Low,Lula Pra Sempre Presidente do Brasil #HaddadManu2018,1.0,0.08083374,13
0.38402187440901453,High,Seja Subversivo,0.3333333333333333,0.12520397,14
0.08463318798828967,Very Low,Acervo do Conhecimento Histórico,0.7410714285714286,0.10913446,12
0.23167802790217595,Low,Bloco do Pink Floyd,0.6285714285714286,0.10566349,2
0.33679115155866546,High,Em Defesa do Brasil,0.7864077669902912,0.18459146,17
0.8158806398375097,Very High,Gazeta do Povo,0.9797979797979798,0.0131943645,52
0.49789115832581,High,Andréia de Jesus,0.2,0.1893425,1
0.04113675802523131,Very Low,Cartazes & Tirinhas LGBT,0.7828571428571428,0.39987978,49
0.3196703708004162,High,Direita Paraíba,0.9473684210526315,0.05354243,14
0.3940300215627289,High,Blog do Noblat,0.6162790697674418,0.004492367,2
0.0891331091471006,Very Low,Acervo do Conhecimento Histórico,1.0,0.0068485034,12
0.30166969640000396,Low,Pedro Uczai,0.7880184331797235,0.19504376,5
0.39017310826767865,High,Política Feita com a Verdade,0.1324200913242009,0.47323486,13
0.3779627846457647,High,Liga Cristã Mundial Brasil,0.9910313901345291,0.37073207,3
0.3963753710269878,High,"Todos contra a ""globo"" e todos a favor do Lula.",0.9776536312849162,0.32289913,117
0.3505688251567517,High,A Politizadora,0.2398190045248869,0.4269174,3
0.4707530242469181,High,Direitos Urbanos | Recife,0.9730941704035875,0.38811707,6
0.44658748839536483,High,GRUPO DE APOIO AO  GOVERNO DO BOLSONARO PRESIDENTE DO BRASIL,0.6701030927835051,0.32397532,54
0.032125921913103594,Very Low,Ciro Gomes do Brasil,0.9819004524886877,0.15324512,13
0.5252340029225151,Very High,Movimento Brasil LIVRE E SOBERANO-Rede Internacional da Legalidade,0.38164251207729466,0.00029844395,30
0.11167494223835717,Very Low,Revista Resistência Mulheres e homens pela Democracia e Direitos Humanos,0.013333333333333334,0.44933176,20
0.39782764776371865,High,O Brasil,0.9459459459459459,0.081625134,18
0.43840278278415357,High,A Nova Revolução,1.0,0.027442247,7
0.4978919083258101,High,LULA Presidente Brasil,0.4594594594594595,0.44039994,4
0.5134125479355249,Very High,Fábio Mello,1.0,0.03309893,2
1.355238224573966,Very High,Odair Cunha,0.9516908212560387,0.067380086,4
0.07489814245475634,Very Low,Patrus Ananias,0.29411764705882354,0.06500591,10
0.25561177841138716,Low,UOL Notícias,0.6915887850467289,0.01419965,288
0.2146590503837369,Low,Grêmio Antifascista,0.7395348837209302,0.05131592,2
0.19051793442495912,Low,Pato arrependido,1.0,0.030388435,32
0.0248516457549662,Very Low,Cris Bernart,1.0,0.27750343,2
0.177093363072167,Low,Homem De Direita,1.0,0.09481675,5
0.2080565300814834,Low,Pensadores livres,0.7560975609756098,0.45396814,7
0.023276171362807463,Very Low,Luizianne Lins,1.0,0.05255287,8
0.047688580128424696,Very Low,Inteligentista,0.7647058823529411,0.44393396,10
0.06545969010082875,Very Low,David Miranda,0.31797235023041476,0.22579013,20
0.394091686855938,High,Foi Golpe,0.8032786885245902,0.011246625,1
0.394092486855938,High,Revoltada,0.6767676767676768,0.022374803,5
0.4004278716447186,High,Blog do Josias,0.7935483870967742,0.014827953,30
0.5375823038651848,Very High,Anticorrupção,1.0,0.025910228,5
0.0602498203065527,Very Low,Economia Estadão,0.8073394495412844,0.002717411,1
0.586534555392502,Very High,O Brasil Em Movimento Grita Contra a Corrupção,0.9907834101382489,0.069754265,1
0.24467084560003044,Low,Bolsonaro Herói Nacional,0.7452830188679245,0.37955463,28
0.11043169486649573,Very Low,URSAL,0.9904306220095693,0.72028047,10
0.526018752104808,Very High,Music Dreams PS,0.8705035971223022,0.013885498,2
0.5351315644336965,Very High,Gotas de Otimismo e Informação,0.5414634146341464,0.09033044,13
0.02092220961989555,Very Low,Mariachi,0.46788990825688076,0.37073207,14
0.615244478331365,Very High,Grupo de Apoio aos Povos Originários do Brasil,0.5632183908045977,0.0011073842,5
0.30164689769331043,Low,Pensadores livres,0.6415094339622641,0.27975297,7
0.492456815800946,High,Revoltada,1.0,0.020842785,5
0.4478976867443195,High,OneL13,0.990521327014218,0.004869349,26
0.6982526118763429,Very High,Marcus Saraiva,1.0,0.015016444,2
0.6915180901994291,Very High,MBL - Movimento Brasil Livre Praia Grande,0.9753086419753086,0.059232414,4
0.1300033390613463,Very Low,Catraca Livre Entretenimento,0.8504672897196262,0.000033624034,10
0.05200053969675866,Very Low,Pig Golpista,0.5944700460829493,0.3245134,37
0.19275893255641596,Low,"Enéas, o verdadeiro mito",0.40625,0.5566829,1
0.2129049309176847,Low,Os Mortadelas,0.900990099009901,0.3234372,28
0.010785732517781699,Very Low,URSAL,1.0,0.16245349,10
0.6400706484118162,Very High,BBC News Brasil,0.9238095238095239,0.012880214,29
0.2748034816022593,Low,A culpa não é minha eu votei no Ciro,0.9907834101382489,0.028974265,2
0.4337378147061086,High,Intervenção ANTES QUE Tardia,0.9906542056074766,0.05651112,11
0.055976896799837916,Very Low,Acabou o Pão com Mortadela,1.0,0.019854378,5
0.6683355239281124,Very High,A Gazeta Petista,1.0,0.0041468004,152
0.20732342785964897,Low,Deputado Maurici,0.9066666666666666,0.103060275,1
0.42427301992066335,High,Carioca Rei do Amendoim,0.4869109947643979,0.16158698,5
0.3049775814517144,Low,Brasil de Fato,1.0,0.007508222,14
0.23725471748139193,Low,Luis Felipe Miguel,0.205607476635514,0.20195828,1
0.05166961515001567,Very Low,Ana Paula Lima,0.72,0.005340576,3
0.4338976067177668,High,A Nossa Bandeira Jamais Será Vermelha,0.971830985915493,0.017969469,13
0.4440156551425374,High,APOIO A VOLTA DO LULA,0.22065727699530516,0.012063419,26
0.12452743389563592,Very Low,Lula Presidente do Brasil,0.40625,0.018974753,27
0.6400706484118162,Very High,BBC News Brasil,0.9903381642512077,0.010492661,29
0.16212759180882808,Low,Afrânio Silva Jardim,0.8976744186046511,0.04686289,4
0.4675549496627279,High,Alexandre Lindenmeyer,0.9896907216494846,0.010115679,2
0.12852544703217983,Very Low,"Todos contra a ""globo"" e todos a favor do Lula.",0.25853658536585367,0.042657252,117
0.49415930516109635,High,PSOL Niterói,0.5072463768115942,0.15766735,5
0.07949811027778775,Very Low,"Todos contra a ""globo"" e todos a favor do Lula.",1.0,0.032391842,117
0.31782964294189464,High,Blog do Josias,0.3630573248407643,0.14082454,30
0.2865344863799187,Low,Pais do Col. Pedro II Contra Ideologia de Gênero e Doutrinação dos Alunos,0.8518518518518519,0.5921536,3
0.32780589868345683,High,Revista Resistência Mulheres e homens pela Democracia e Direitos Humanos,0.21348314606741572,0.018095128,20
0.192758432556416,Low,Bonde do Che,0.5104166666666666,0.42349213,1
0.007266471763623272,Very Low,Deputado Marcon,0.9798994974874372,0.19870108,4
0.781732397078519,Very High,Henry Bugalho,0.6116504854368932,0.31963667,3
1.0982310810138107,Very High,Assis Carvalho,0.9903846153846154,0.05824285,6
0.4423923940962149,High,Pink Floyd Moon,0.9714285714285714,0.01822079,1
0.394092486855938,High,Acorda meu povo,0.6449704142011834,0.004932179,4
0.47365867520355137,High,Estação das Flores®,0.961038961038961,0.019351736,6
0.31341283460219527,High,Deputado Paulo Guedes,0.9806763285024155,0.028149333,4
0.35718380601503463,High,Amauri Teixeira,1.0,0.056016337,14
0.46885666751194666,High,PORTA DE PRIVADA.,0.014084507042253521,0.7998551,34
0.15372930446110245,Very Low,OneL13,0.8282828282828283,0.08874765,26
0.3647761899041806,High,Em defesa da Pátria,1.0,0.016712861,3
0.6329615324600388,Very High,Perolas dos Coxinhas,1.0,0.23812068,244
0.5678489239948079,Very High,Eu queria ser brizolista mas o pós-modernismo me obriga a ser stalinista,0.9777777777777777,0.45761138,1
0.3879822802463218,High,Perolas dos Coxinhas,1.0,0.024142517,244
0.3738888054483179,High,União das Esquerdas,0.7894736842105263,0.19789438,85
0.6875627193755046,Very High,Desconstruindo A Esquerda,0.9833333333333333,0.034748793,3
0.10907617339065734,Very Low,LULA LÁ BRILHA UMA ESTRELA,0.6086956521739131,0.0012566062,95
0.41763904412477265,High,Jorge Solla,0.6372549019607843,0.39842087,7
0.0090577762447498,Very Low,Bolsonaro do Nordeste,0.6761904761904762,0.37795907,9
0.6533375236711636,Very High,Menes de Esquerda,0.8831168831168831,0.2763787,3
0.22093253300744564,Low,Os Mortadelas,0.891156462585034,0.2854903,28
0.40716400573820144,High,Bolsonaro Herói Nacional,1.0,0.014073989,28
0.3487126796719716,High,Sergio Moro 🇧🇷,0.36312849162011174,0.6027529,27
0.5221817141579488,Very High,Bolsonaro: aqui não,0.5934065934065934,0.1693855,18
0.09350960172725159,Very Low,Minas é Bolsonaro,0.989010989010989,0.147767,6
0.6846152366864179,Very High,Acabou o Pão com Mortadela,0.8633540372670807,0.20195828,5
0.12413363502443714,Very Low,BBC News Brasil,0.7821782178217822,0.00002233421,29
0.9207508052204852,Very High,Movimento Brasil LIVRE E SOBERANO-Rede Internacional da Legalidade,0.956989247311828,0.0154562555,30
0.5237911343062684,Very High,Bolsonaro Herói Nacional,0.6410256410256411,0.5024724,28
0.46475096735625293,High,Templário,1.0,0.11336674,5
0.1337173055407691,Very Low,Movimento Brasil LIVRE E SOBERANO-Rede Internacional da Legalidade,0.4807692307692308,0.02638162,30
0.1813444701819784,Low,Direita Rio,0.9893048128342246,0.54823303,6
0.687562052708838,Very High,Junior Santos Oficial,0.9801980198019802,0.09525062,1
0.02779349108612042,Very Low,Blog do Josias,0.2283464566929134,0.009738698,30
1.0743527524285392,Very High,Pato arrependido,0.8543689320388349,0.012503231,32
0.5678158713247553,Very High,Direita já,0.4492753623188406,0.15766735,2
0.212636246412771,Low,RJ com Bolsonaro,1.0,0.01024134,1
0.08332230975223376,Very Low,MUD - Movimento de União Pela Democracia,0.14146341463414633,0.11088664,11
0.306949316693823,Low,Canal Nobre,0.9814814814814815,0.681338,6
0.5312974352834283,Very High,Aliança pelo Brasil - Petrópolis/RJ,0.9702970297029703,0.37751234,3
0.5290547665930787,Very High,"Ciro, O Libertador",0.9903381642512077,0.32971194,4
0.557607105903785,Very High,O Brasil do Bem,0.6125,0.61223894,2
0.540577421375863,Very High,"WILSON WITZEL 35,  É POVO DE NOVO!!!",0.21804511278195488,0.008419261,3
0.2601452666228198,Low,Perolas dos Coxinhas,0.5096153846153846,0.015330595,244
0.1169291883513559,Very Low,Todd Tomorrow,1.0,0.25084448,12
0.04749464420387184,Very Low,MUD - Movimento de União Pela Democracia,1.0,0.034984488,11
0.4363153635198245,High,OneL13,0.85,0.06421452,26
0.203196968803879,Low,Amanda Ramalho,0.7037037037037037,0.4269174,1
0.04865940364703725,Very Low,Saia da Matrix / Humberto Matos,0.9215686274509803,0.11192002,3
0.212636246412771,Low,Saulo Pessato,0.9066666666666666,0.15435068,1
0.584926754642281,Very High,Isa Penna,1.0,0.019351736,2
0.22906655190961278,Low,Revista Resistência Mulheres e homens pela Democracia e Direitos Humanos,1.0,0.24282593,20
0.32204598222995284,High,Fora Bolsonaro,0.5978835978835979,0.032156147,30
0.25097166324560793,Low,Portal 30seg,0.968421052631579,0.009298885,1
0.6341896249027363,Very High,Brasil de Fato,0.3333333333333333,0.0004790811,14
0.6545535079742171,Very High,Revista Resistência Mulheres e homens pela Democracia e Direitos Humanos,0.9900497512437811,0.019854378,20
0.19127562638539863,Low,Conservadores Patriotas,0.9574468085106383,0.027677942,6
0.0665435986622539,Very Low,Expansão Direita Brasil,1.0,0.03192045,5
0.0073242145263192615,Very Low,Luiz Fernando Mainardi,1.0,0.032627538,4
0.33122531804803357,High,Compartilhe13,0.18811881188118812,0.14950264,5
0.7439527774877235,Very High,"Na dúvida, siga à esquerda",0.5797101449275363,0.7510937,31
0.286676040008222,Low,Porco Capitalista,1.0,0.028856417,1
0.12467910714086639,Very Low,PSOL Carioca,0.0,0.039462693,7
0.125454726832524,Very Low,Jornalistas Livres,0.34,0.47886392,8
0.2179776401071274,Low,Cartazes & Tirinhas LGBT,1.0,0.11036996,49
0.35404815544675844,High,Ciro Gomes do Brasil,0.9901477832512315,0.029092113,13
0.1485844397860538,Very Low,Conservador Arretado,1.0,0.0055918973,7
0.5883568936901785,Very High,Furacão CHEGA 🌪️,0.696969696969697,0.17371799,13
0.394092486855938,High,Mulheres da Resistência no Exterior,0.4090909090909091,0.051810697,5
0.550580965144366,Very High,Autismo: Autistas na Resistência Democrática,1.0,0.028856417,1
0.6949313150527544,Very High,Sergio Moro 🇧🇷,0.02857142857142857,0.8403191,27
0.29937039941108884,Low,UOL Notícias,0.8282828282828283,0.04166769,288
0.027100408958937394,Very Low,Cartazes & Tirinhas LGBT,0.54,0.25462922,49
0.5603408544895879,Very High,Evangélicos contra o Bolsonaro,0.02,0.52811706,2
0.3115305375130547,Low,PT Bariri SP,1.0,0.010429831,3
1.043713499792389,Very High,Questione,0.47474747474747475,0.04067813,6
0.8591040190945766,Very High,Núcleo de Evangélicos e Evangélicas do PT,0.8625954198473282,0.0032200534,11
0.5981308520028119,Very High,Brasil dos memes,0.9881656804733728,0.32919475,2
0.060203674934355744,Very Low,"Todos contra a ""globo"" e todos a favor do Lula.",0.5584415584415584,0.008010864,117
0.051684395144900086,Very Low,A Privataria Tucana,0.9794871794871794,0.030859824,56
0.07814409207455175,Very Low,Presidente Lula,1.0,0.17718399,11
0.6508140817123802,Very High,BBC News Brasil,0.8888888888888888,0.000010062667,29
0.6154068549848939,Very High,Capitão Gabriel Mazzali,0.8192771084337349,0.11078331,1
0.776104946198732,Very High,Conservadores de Direita Tradicionais,0.2147239263803681,0.8540474,25
0.598131102002812,Very High,Eu amo meu nordeste,0.8742857142857143,0.32919475,3
0.22748990431481997,Low,Velório do Fascismo,0.8777777777777778,0.1893425,2
0.017285070663453306,Very Low,Bolsonaro Opressor 2022,1.0,0.011560776,41
0.0248516457549662,Very Low,BolsoNews,0.8691588785046729,0.09872158,1
0.20133987760295102,Low,Nerd Socialista,1.0,0.027324399,1
0.38483765906699485,High,União das Esquerdas,1.0,0.024260364,85
0.3838873567036695,High,#A GAZETA ESQUERDISTA CONTRA O COISO,0.7321428571428571,0.19789438,108
0.391779274775757,High,Music Dreams PS,1.0,0.07212844,2
0.14629028339869232,Very Low,Marcelino Galo,1.0,0.11212669,2
0.5580456714621944,Very High,PINDA CIDADÃ. Mobilização JÁ!!!!,0.9878048780487805,0.20009702,8
0.10169474858757033,Very Low,Judeus unidos contra Bolsonaro,1.0,0.049089402,6
0.257231392844754,Low,Cidadão Sincero,1.0,0.1996317,1
0.2927274809681507,Low,URSAL,0.9354838709677419,0.76197964,10
0.18991189999730196,Low,Fora Temer e Cunha na cadeia.,0.041237113402061855,0.2854733,2
0.3752285363098533,High,MÍDIA LIVRE,0.3829787234042553,0.18649188,5
0.010736295640173421,Very Low,LULA LÁ BRILHA UMA ESTRELA,0.08021390374331551,0.008293601,95
0.7996568789323624,Very High,Jair Me Arrependi,0.46153846153846156,0.25462922,2
0.24746284178941658,Low,Walter Sorrentino,0.6230366492146597,0.03109552,3
0.16956525296030212,Low,Lula Presidente do Brasil,0.37254901960784315,0.62136006,27
0.3386382250284617,High,Causa Espécie,0.5231788079470199,0.000015216715,3
0.2009924975787984,Low,UOL,0.8676470588235294,0.045625936,263
0.342768247155342,High,Teísta Respeitado,1.0,0.01633588,3
0.11637918032892958,Very Low,Velório da Direita 2.0,0.8518518518518519,0.2854869,5
0.17811880287193493,Low,Relações Públicas,0.8526315789473684,0.009801528,1
0.19878849044550095,Low,Esquerda Revolucionária,0.672514619883041,0.11223003,25
0.0604,Very Low,Rose Cipriano,0.06735751295336788,0.36456755,1
0.044354513948576146,Very Low,Margarida Salomão,0.518324607329843,0.15711457,17
0.21826660292148092,Low,Pós-Moderno,0.2857142857142857,0.4645176,1
0.257231392844754,Low,Deus Vult Brasil,1.0,0.029799197,1
0.7336384974656522,Very High,GRUPO DE APOIO AO BRASIL,0.17757009345794392,0.33504707,39
0.4536033008957649,High,Lula Presidente do Brasil,1.0,0.26859093,27
0.25565509701446615,Low,Portal da Educadora,0.8888888888888888,0.25462922,16
0.7596003119325759,Very High,Perolas dos Coxinhas,0.1891891891891892,0.39842087,244
0.5799670327671126,Very High,Direita Democrática Brasileira,0.36363636363636365,0.30439767,6
0.237255617481392,Low,Time Dilma,0.3089005235602094,0.112540044,10
0.5957837610386156,Very High,Acervo do Conhecimento Histórico,0.8835978835978836,0.07291982,12
0.4287426680534585,High,PeTistas de Coração,0.625,0.3811502,7
1.061097974832351,Very High,Fábio Felix,1.0,0.032156147,3
0.4342851003269031,High,Lula Pra Sempre Presidente do Brasil #HaddadManu2018,0.8624338624338624,0.01017851,13
0.027716121348891787,Very Low,"Na dúvida, siga à esquerda",0.9790575916230366,0.019477395,31
0.5893438405803637,Very High,iG,0.7307692307692307,0.005748973,41
0.0002949581331616047,Very Low,BLOQUEIE A GLOBO VOCÊ TAMBÉM!,0.43169398907103823,0.2854869,69
0.13875426746054353,Very Low,A Nova Revolução,0.053763440860215055,0.28312725,7
0.27835586764364695,Low,Templário,1.0,0.32397532,5
0.1533500240785074,Very Low,Brasil de Fato,0.24468085106382978,0.0013508516,14
0.22516477981341543,Low,Salvem a Democracia,0.06382978723404255,0.011246625,8
0.2974993734733842,Low,BBC News Brasil,0.9649122807017544,0.00053798454,29
0.4570413259176975,High,Orgulho por eleger Jair Bolsonaro PSL #17,0.9722222222222222,0.02072494,5
0.7739234926203543,Very High,cochibispo,0.5885714285714285,0.3389984,2
0.4423923940962149,High,Floydianismo,0.9775280898876404,0.4269174,1
0.007513836655768769,Very Low,edita pra mim,1.0,0.11440011,88
0.2856334009476561,Low,Fernando Andrade,1.0,0.019226074,5
0.1736730242915446,Low,Blog do Josias,0.6637168141592921,0.017969469,30
0.376291833804526,High,Stanley Burburinho,0.11377245508982035,0.037105743,2
0.4211682669087947,High,Time Lula,1.0,0.11357342,10
0.24017234562353212,Low,GRUPO OLAVO DE CARVALHO,1.0,0.15766735,123
0.007058397744349243,Very Low,edita pra mim,1.0,0.037105743,88
0.371697228564464,High,Desquebrando o tabu,0.9733333333333334,0.008293601,2
0.043473602633742336,Very Low,Cartazes & Tirinhas LGBT,0.5767195767195767,0.022374803,49
0.5791286534059772,Very High,#LulaLivre,1.0,0.024967449,22
0.2993535571904484,Low,BLOQUEIE A GLOBO VOCÊ TAMBÉM!,1.0,0.20839658,69
0.5365345676299069,Very High,A Casa de Vidro,0.9890710382513661,0.36095104,5
0.6556838369303266,Very High,LULA Eterno Presidente,0.9651162790697675,0.1460314,14
0.4481214041390128,High,Conservador Arretado,1.0,0.14429577,7
0.497981940321638,High,Trabalhismo e Nacionalismo: Vias Construtoras do Socialismo Brasileiro,1.0,0.1140901,1
0.198236981401793,Low,Bolsonaro - o Mito brasileiro,1.0,0.014136819,3
0.27454552205626903,Low,Ligue Os Pontos,0.43010752688172044,0.10870059,3
0.7304283629714323,Very High,Eu voto Haddad e Lula me pergunte por quê,0.23497267759562843,0.0126288915,17
0.08367147845450595,Very Low,Pato arrependido,0.3114754098360656,0.29953843,32
0.649893377308898,Very High,IPP - Iniciativa Popular Pisoseso,0.2903225806451613,0.007351146,2
0.7993589965332266,Very High,GRUPO DE APOIO À OPERAÇÃO LAVA JATO - JUIZ SÉRGIO MORO,0.905511811023622,0.00025524813,57
0.293713640417386,Low,Teologia da Libertação,0.29347826086956524,0.3969567,1
0.17371451757491307,Low,Time Dilma,1.0,0.01024134,10
0.8687606396892378,Very High,Bolsonaro Opressor 2022,0.35064935064935066,0.045625936,41
0.11733525228251385,Very Low,Todd Tomorrow,0.44680851063829785,0.36095104,12
0.47145013425521376,High,Presidente Lula,0.9893617021276596,0.000023929511,11
0.20167587956108268,Low,Jotta Rios,0.8011049723756906,0.5024724,3
0.49789115832581,High,Muitas,0.5591397849462365,0.1883923,1
0.4507389270248972,High,Queremos O LULA e FORA Bolsonaro,0.9661016949152542,0.00021303401,5
0.12902398313638866,Very Low,Bolsonaro Opressor 2022,1.0,0.030506283,41
0.25050259973107825,Low,edita pra mim,1.0,0.28674445,88
0.6563322533193254,Very High,Carioca Rei do Amendoim,0.28662420382165604,0.25462922,5
0.2019966818547927,Low,À Esquerda,0.03783783783783784,0.08795626,11
0.401868647997188,High,Direita Pernambuco - Ouricuri,0.989010989010989,0.37751234,2
0.0036789969709584702,Very Low,USP Livre,1.0,0.050326355,25
0.23879210344827595,Low,Talíria Petrone,0.8602150537634409,0.0969861,1
0.2986374689199553,Low,Revenda CAC,0.9300699300699301,0.008984734,2
0.1599785897891371,Very Low,GRUPO OLAVO DE CARVALHO,0.8421052631578947,0.24442963,123
0.177093363072167,Low,"Brasil acima de tudo, Deus acima de todos",0.9866666666666667,0.02685301,1
0.21169088445667095,Low,Professor por vocação,0.8651685393258427,0.008984734,1
0.41425537423233283,High,Conservador Arretado,1.0,0.6027529,7
0.557607105903785,Very High,Jones Manoel,1.0,0.08241652,2
0.21199438324912268,Low,Analfabeto Político,1.0,0.10739898,40
0.668836641994828,Very High,FORA PT,0.9887640449438202,0.02402467,2
0.027839642867221265,Very Low,PORTAL DO AMAZONAS,0.9857142857142858,0.019728716,16
0.4807835752605446,High,Pequenas Igrejas & Grandes Negócios 3.0,0.9294117647058824,0.021432023,3
0.2676970973576143,Low,À Esquerda,1.0,0.104795754,11
0.0516007626437045,Very Low,Universo Carl Sagan Irônico,0.7218543046357616,0.5779532,5
0.467555710423559,High,Patriota,1.0,0.044636376,5
0.41013650695643455,High,BBC News Brasil,0.7108433734939759,0.00013645958,29
1.184474046661037,Very High,MOVIMENTO DIREITA E LIBERDADE,0.86,0.012691722,20
0.7603601757422975,Very High,Bolsonaro Presidente do Brasil,1.0,0.3266089,9
0.5351780907689789,Very High,Bolsonaro Camaçari,1.0,0.0058432184,1
0.755631188251872,Very High,MOVIMENTO DIREITA E LIBERDADE,0.7674418604651163,0.30716252,20
0.8235036404755993,Very High,Belém Metrópole da Amazônia,0.8867924528301887,0.23739935,54
0.394091686855938,High,Dicas para Cabeleireiros,0.4899328859060403,0.014890783,1
0.480282300823714,High,Conservadores Sul RJ,0.4266666666666667,0.45751464,2
0.18108925652539576,Low,Babá,0.5974842767295597,0.31825066,6
1.1262317791127179,Very High,Solidariedade a Dilma,0.15428571428571428,0.11652588,4
0.43963468933076116,High,TV Poeira,0.9408284023668639,0.014765122,14
0.5375131504798788,Very High,Conservador Arretado,0.5502958579881657,0.5972042,7
0.3264176053579898,High,"Todos contra a ""globo"" e todos a favor do Lula.",0.12222222222222222,0.11119666,117
0.2569710513851809,Low,Brasileiros.,0.6946564885496184,0.4013387,5
0.22716960483647797,Low,"Somos Lulistas, Dilmistas E Petistas Roxos",0.0,0.1373533,1
0.3927451870634898,High,Dilma Resistente,0.686046511627907,0.15490346,19
0.6982528618763431,Very High,Meu Partido é o Brasil,0.9888888888888889,0.014136819,4
0.102156524154882,Very Low,Ceará é Bolsonaro Presidente,1.0,0.026735162,4
0.0924033770964477,Very Low,Movimento Meritocracia de Direita,0.7368421052631579,0.6027529,3
0.17687077590168654,Low,OneL13,0.441340782122905,0.37694603,26
0.23725563414805872,Low,Time Lula,0.559322033898305,0.112540044,10
0.5981310186694786,Very High,Jesus Cristo eu te amo,1.0,0.32919475,3
0.414016979981455,High,Café da Madrugada,0.38461538461538464,0.82048255,9
0.5134125479355249,Very High,Direita Pernambuco,0.4911242603550296,0.1269396,2
1.0049394448127997,Very High,Socialista Morena,0.4716981132075472,0.1693855,10
0.5840688806120334,Very High,OneL13,0.5384615384615384,0.06381883,26
0.30718386213591564,Low,Prassa é Nossa,0.7441860465116279,0.09785384,4
0.29842040416543847,Low,#A GAZETA ESQUERDISTA CONTRA O COISO,0.9886363636363636,0.043399423,108
0.6670092899566009,Very High,PT Paulista,0.5421686746987951,0.019477395,16
0.132990656710066,Very Low,Ocupa MinC RJ,0.3939393939393939,0.2524482,3
0.09158535789557332,Very Low,Ele Não,0.976878612716763,0.1373533,20
0.3136912706438253,High,A Gazeta Petista,1.0,0.01608456,152
0.8112541815867471,Very High,Liga da Justiça Page,0.910828025477707,0.19124292,4
0.6204749321841779,Very High,ALIANÇA PELO BRASIL,1.0,0.10826672,14
0.20184531299127534,Low,Teísta Respeitado 2.0,1.0,0.0038797716,2
0.20732392785964893,Low,Afonso Florence,0.9760479041916168,0.07212844,2
0.0781182486536155,Very Low,Horta Urbana,0.5116279069767442,0.11078331,28
0.3579882421350194,High,LULA LÁ BRILHA UMA ESTRELA,0.7981651376146789,0.112643376,95
0.3225062694419365,High,É proibido VIRAR à Esquerda,1.0,0.01859777,5
0.8024529735827016,Very High,Café da Madrugada,1.0,0.36456755,9
0.06593505671090805,Very Low,Pato arrependido,0.9649122807017544,0.040183347,32
0.5337284945949717,Very High,Poder360,0.9591836734693877,0.011874928,51
0.060758909078234336,Very Low,Raul Marcelo,0.9631901840490797,0.030859824,2
1.008289643915192,Very High,GRUPO OLAVO DE CARVALHO,0.6557377049180327,0.102626406,123
0.3748879398022944,High,Vira Voto,0.7195121951219512,0.20126031,6
0.177093363072167,Low,Major Mecca,1.0,0.009550206,3
0.492456015800946,High,Fernando Carneiro,0.9882352941176471,0.031684756,1
0.268920258209493,Low,Investigador Brasil Filho,0.8992805755395683,0.049336795,1
0.05440617936930725,Very Low,Ana Paula Lima,0.6457142857142857,0.023788974,3
0.42210510841347165,High,Política Feita com a Verdade,0.8959537572254336,0.019728716,13
0.5373636129622319,Very High,KP_News Notícias,0.9884393063583815,0.0070369947,6
0.37510238621133435,High,LULA LÁ BRILHA UMA ESTRELA,0.9883720930232558,0.013822667,95
0.3644120261034977,High,Inteligentista,1.0,0.0032985911,10
0.2135606039302873,Low,A Gazeta Petista,0.7922077922077922,0.022374803,152
0.28078358859392594,Low,Eliomar Coelho,0.5348837209302325,0.15269235,4
0.571181661557298,Very High,Direita Minas - Betim,1.0,0.1537979,1
1.1788582101390657,Very High,iG,1.0,0.000048104455,41
0.40173379140261567,High,Sergio Moro 🇧🇷,1.0,0.15545623,27
0.041188908848901806,Very Low,Renato Simões,1.0,0.014827953,8
0.2135606039302873,Low,A Gazeta Petista,0.4074074074074074,0.07054565,152
0.11253537346609532,Very Low,Patrus Ananias,1.0,0.019728716,10
0.7711828205793181,Very High,BBC News Brasil,1.0,0.01608456,29
0.37680766074619276,High,Presidente Lula,0.9885057471264368,0.2553839,11
0.155869177895565,Very Low,Mulheres à favor de Bolsonaro,1.0,0.006722843,2
0.132990656710066,Very Low,Gustavo Petta,0.3987730061349693,0.08795626,1
0.5981308520028119,Very High,FORA PT,0.9883720930232558,0.32919475,2
0.11319212964769831,Very Low,Catraca Livre,0.8831168831168831,0.1269396,53
0.19267593214025502,Low,Henrique Fontana,0.9881656804733728,0.029327808,3
0.6936318837925017,Very High,PORTA DE PRIVADA.,0.5072463768115942,0.17371799,34
0.5993304199684106,Very High,Desconstruindo A Esquerda,1.0,0.11088664,3
0.11477624198752567,Very Low,Vip Lins,1.0,0.00823077,3
0.7940823304548825,Very High,Aliança pelo Brasil,0.5409836065573771,0.1373533,3
0.22370780619556996,Low,ZUCCO News Brasil,0.9726027397260274,0.24282593,3
0.20395141206655337,Low,Direita Rio,0.9881656804733728,0.033334624,6
0.06047272885360244,Very Low,Vira Voto,0.30177514792899407,0.07845957,6
0.007037039599792516,Very Low,#A GAZETA ESQUERDISTA CONTRA O COISO,1.0,0.009298885,108
0.1880596557070967,Low,Analfabeto Político,0.535483870967742,0.0011702145,40
0.023042242349622266,Very Low,iG,0.8579881656804734,0.0041782153,41
0.06473781310530768,Very Low,A Politizadora,0.8045112781954887,0.48141238,3
0.7785754504622443,Very High,a gata e o diabo,0.011904761904761904,0.023317585,2
0.046140230042531094,Very Low,A Privataria Tucana,0.10059171597633136,0.62702215,56
0.05689711570208256,Very Low,OneL13,0.45454545454545453,0.12086493,26
0.492456015800946,High,Simão Pedro,1.0,0.067380086,1
0.644974721282085,Very High,Primo Primata,0.9053254437869822,0.36095104,1
0.9058690841455664,Very High,Apenas Mais Uma de Ateu,0.05389221556886228,0.17025198,8
0.132990656710066,Very Low,Capitalismo Empobrecente Parcialmente Automatizado,0.6883116883116883,0.45243698,1
0.3938256901866006,High,Universo Carl Sagan Irônico,0.7258064516129032,0.4013387,5
0.6875628027088381,Very High,Meu Partido é o Brasil,1.0,0.044636376,4
0.7499284010651521,Very High,Curitiba Contra o PT,0.2777777777777778,0.28312725,37
0.07877234294762592,Very Low,Lula Presidente do Brasil,0.9518072289156626,0.000055958244,27
0.8863039249352629,Very High,Lula Presidente do Brasil,0.2903225806451613,0.11378009,27
0.5670092820399351,Very High,Mulheres Unidas Contra Bolsonaro,0.5066666666666667,0.16043124,14
0.1335743296293606,Very Low,Sergio Moro 🇧🇷,0.22388059701492538,0.4977744,27
0.16987393268069728,Low,Rede da Direita Nacional,1.0,0.0054662367,8
0.13093816361308264,Very Low,Os Mortadelas,0.5308641975308642,0.32020867,28
0.177093363072167,Low,BNT - Boca No Trombone PG,0.9583333333333334,0.03015274,1
0.502017059678362,Very High,O Conservador,0.7666666666666667,0.4977744,2
0.21416486530350032,Low,David Miranda,0.15151515151515152,0.046368107,20
0.21826743625481426,Low,Judeus unidos contra Bolsonaro,0.28484848484848485,0.23090743,6
0.02866818830229889,Very Low,Todd Tomorrow,1.0,0.29405528,12
0.655759956725361,Very High,"letra, música & história",0.9607843137254902,0.02249265,16
0.20709871147414716,Low,No Caminho Da Resistência,1.0,0.075294,13
0.16508565866947517,Low,BOLSONARO O MELHOR PRESIDENTE,0.6785714285714286,0.47886392,67
0.4912228890626217,High,PSOL Niterói,0.673469387755102,0.36095104,5
0.5495982802622815,Very High,Ele Não,0.7738095238095238,0.038519915,20
0.2078789398340687,Low,IPP - Iniciativa Popular Pisoseso,0.37423312883435583,0.2786282,2
0.41571114401473097,High,Direita Blindada,0.25153374233128833,0.3811502,1
0.14035790621603705,Very Low,PT Paulista,1.0,0.022374803,16
0.18600536715586874,Low,GRUPO DE APOIO AO BRASIL,0.6323529411764706,0.52007306,39
0.35994112340414197,High,Marcos Alexandre Santos,0.9873417721518988,0.000034605757,6
0.597016951535176,Very High,Ciro da Massa,0.7222222222222222,0.0137598375,1
0.3481310707528237,High,Fora Corruptos,1.0,0.13908891,3
0.19629829864066528,Low,Catraca Livre Entretenimento,0.27631578947368424,0.010806813,10
0.5572523779720944,Very High,Blog do Josias,0.9215686274509803,0.045873325,30
0.550580965144366,Very High,DesNazificando,0.8412698412698413,0.2854971,1
0.37411130908900353,High,Mariachi,0.9814814814814815,0.091913216,14
0.40046103322263643,High,Apenas Mais Uma de Ateu,1.0,0.014827953,8
0.7521243201351321,Very High,Grupo do SOLDADO DE AÇO RESISTÊNCIA PATRIÓTICA,0.16923076923076924,0.60152835,3
0.48078290859387796,High,Envelhecimento em comunidade,0.5460992907801419,0.057005897,1
0.9992896124643331,Very High,GRUPO OLAVO DE CARVALHO,0.8933333333333333,0.112850055,123
0.4979826903216381,High,Tattoo no toco,0.9111111111111111,0.035220183,2
0.23598317274647124,Low,Jornal Extra,0.6923076923076923,0.077668175,13
0.22992926382487533,Low,Movimento Voto Nulo,0.44,0.041915078,10
0.35020328883739593,High,Direita Minas - Jaíba,0.9858156028368794,0.2854903,1
0.9190603102716092,Very High,No Caminho Da Resistência,0.36470588235294116,0.03592727,13
0.7951405425904075,Very High,LULA PELA DEMOCRACIA,0.8345864661654135,0.02048268,34
0.503271775498208,Very High,República Riograndense #direitarsbr,0.12345679012345678,0.20265625,3
0.165418535188105,Low,CorruPTos,1.0,0.71760553,1
0.07099251906738746,Very Low,Mariachi,0.6441717791411042,0.12520397,14
1.3913092112612273,Very High,edita pra mim,0.9324324324324325,0.032627538,88
0.2274259333837162,Low,Anti-Bolsonaro,0.48299319727891155,0.03062413,10
0.39409235352260463,High,"Penso,logo incomodo",0.5925925925925926,0.011246625,2
0.014659230383784916,Very Low,Bolsominions Arrependidos,0.92,0.1996317,4
0.699284808113211,Very High,Homem Raiz Operacional,1.0,0.83334327,1
0.20674256001863955,Low,Robério Paulino,0.9873417721518988,0.009487377,5
0.08532083300913751,Very Low,Apenas Mais Uma de Ateu,0.15723270440251572,0.021432023,8
0.027646222688280486,Very Low,USP Livre,1.0,0.007099825,25
0.597017751535176,Very High,Brigada Herzog,0.019867549668874173,0.009424546,5
0.24227108173908835,Low,"Ciro, O Libertador",0.891156462585034,0.0065657673,4
0.012744376268606583,Very Low,Apenas Mais Uma de Ateu,0.125,0.040925518,8
0.19409247352260828,Low,Lucas Schuab Vieira,0.7142857142857143,0.003267176,4
0.5139734208115354,Very High,APOIO A VOLTA DO LULA,0.9242424242424242,0.32557452,26
0.38863829294512026,High,Kerexu,0.759493670886076,0.23667802,4
0.49245668246761265,High,Cirão Paraibano,1.0,0.00804228,3
0.15912323802324235,Very Low,Darcy Ribeiro,0.9875,0.017592486,2
0.5305748308467204,Very High,LULA LÁ BRILHA UMA ESTRELA,0.9874213836477987,0.06025757,95
0.164678260740861,Low,Πολίτης Του Κόσμου,0.5061728395061729,0.27975297,1
0.40973694828780177,High,Magaligna,0.7300613496932515,0.19314334,8
0.48955632929626236,High,José Soeiro,0.15527950310559005,0.015519086,2
0.241899970888641,Low,Corrupção MATA,1.0,0.11223003,2
0.16510673353084115,Low,"Na dúvida, siga à esquerda",1.0,0.005277746,31
0.893713280417482,Very High,TCPC - Testes De Coordenadas políticas Coerentes,0.37888198757763975,0.28674445,3
0.05984830333158314,Very Low,NÃO SOMOS MORO - LULA LIVRE,1.0,0.0072569004,11
0.03546195819039688,Very Low,Lula Presidente do Brasil,1.0,0.017843807,27
0.11319212964769831,Very Low,Catraca Livre,0.8848920863309353,0.07371122,53
0.05457839975936141,Very Low,Grupo Sujeito Raro,1.0,0.11036996,9
0.785340449616263,Very High,Grupo de Apoio aos Povos Originários do Brasil,0.5584415584415584,0.4013387,5
0.2918938923311842,Low,Supremo é o Povo,1.0,0.005937464,8
0.33239770978600014,High,Lula pelo Brasil,0.4567901234567901,0.04290464,12
0.1338856646383183,Very Low,Bernardo Sampaio,1.0,0.32971194,2
0.149928416065152,Very Low,🇧🇷 FECHADO COM O POVO PELO BEM DO BRASIL 2023 🇧🇷,0.2676056338028169,0.3250515,12
0.36313672001256914,High,Defend Democracy in Brazil,0.49382716049382713,0.04216247,9
0.421168250242128,High,Time Dilma,1.0,0.11357342,10
0.3693035652152902,High,Anti-Bolsonaro,0.9620253164556962,0.011812098,10
0.09104085314867116,Very Low,FORA BOLSONARO!!,0.9874213836477987,0.083999306,48
0.1927092869010929,Low,Conservadores de Direita Tradicionais,0.6981132075471698,0.02107848,25
0.5505816318110326,Very High,Cristãos Progressistas,1.0,0.11140333,3
0.13842556813564677,Very Low,Revista Resistência Mulheres e homens pela Democracia e Direitos Humanos,0.6875,0.23162876,20
0.15884418124494037,Very Low,Panelinha Opressora - direita,1.0,0.02072494,8
0.16077198684559,Very Low,Sabrina Avozani,1.0,0.037577134,1
0.23959442763009298,Low,Secretaria Nacional de Mulheres do PT - SNMPT,1.0,0.005937464,8
0.3816631750145568,High,Perolas dos Coxinhas,1.0,0.0014608046,244
0.16784986399480945,Low,Ciro Gomes do Brasil,0.9319727891156463,0.19314334,13
0.06556085439475279,Very Low,Perolas dos Coxinhas,0.14465408805031446,0.41910073,244
0.2757260538184385,Low,Nova São Paulo,0.9367088607594937,0.11212669,5
0.1847553083353053,Low,Plantão Angra,0.8601398601398601,0.33587718,4
0.6090727569719927,Very High,Pig Golpista,0.9636363636363636,0.05230548,37
0.20999906280232417,Low,"Na dúvida, siga à esquerda",0.08974358974358974,0.017718147,31
0.35127187495175016,High,FORA BOLSONARO!!,1.0,0.024378212,48
0.513200859697449,Very High,Verdade e Vida,0.9871794871794872,0.07687678,1
0.046750253672268816,Very Low,Revista Resistência Mulheres e homens pela Democracia e Direitos Humanos,0.9230769230769231,0.016210219,20
0.49789115832581,High,Cida Falabella,0.3924050632911392,0.2330714,1
0.44084109915840675,High,LULA o Melhor Presidente do Brasil,1.0,0.0014608046,12
0.5234656022515104,Very High,Cômicas Políticas,1.0,0.02343543,6
0.550580965144366,Very High,Serei Deboche,1.0,0.11367676,1
0.3560186573592296,High,Amauri Teixeira,0.7922077922077922,0.4421347,14
0.012240191957022417,Very Low,Brasil Contra Jair Bolsonaro,0.477124183006536,0.0065971822,59
0.3256176439403543,High,Ordem dos Conservadores,0.45454545454545453,0.39842087,2
0.749027336754392,Very High,Direita Potiguar,1.0,0.008984734,4
0.6400706484118162,Very High,BBC News Brasil,0.9865771812080537,0.011937759,29
0.4568189034445749,High,Brasil Melhor,0.525,0.10913446,10
0.4782811128413885,High,#A GAZETA ESQUERDISTA CONTRA O COISO,0.9096774193548387,0.020960633,108
0.24291796551225325,Low,iG,0.9470198675496688,0.013068704,41
0.9058688966455767,Very High,Liga Cristã Mundial Brasil,1.0,0.1883923,3
0.598130352002812,Very High,Raio Privatizador,1.0,0.32919475,1
0.3570123403420711,High,Pato arrependido,0.7142857142857143,0.18174082,32
0.09479156061294924,Very Low,Revista Resistência Mulheres e homens pela Democracia e Direitos Humanos,0.603448275862069,0.09525062,20
0.5177449795982121,Very High,Replicante Seletivo,0.4125874125874126,0.45549932,4
0.4849670985930468,High,Perolas dos Coxinhas,1.0,0.013948329,244
0.24310372116246903,Low,Mamatraca,0.9444444444444444,0.07054565,5
0.007906976744186,Very Low,Inteligente o suficiente para não votar em fascista,0.5135135135135135,0.50759226,1
0.2627657725323791,Low,Mulheres Com Rogério,1.0,0.00713124,7
0.03903178489744308,Very Low,PT Paulista,1.0,0.013005874,16
0.749027336754392,Very High,Desquebrando o tabu,1.0,0.01225191,2
0.394091686855938,High,Esquerda Progressista,0.8378378378378378,0.050821137,1
0.03199011214030123,Very Low,Lucas Schuab Vieira,1.0,0.0020734002,4
0.155869177895565,Very Low,Professores Conservadores Do Brasil,1.0,0.0076338826,1
0.195568585303469,Low,Vamos reeducar os governantes do Brasil,0.2549019607843137,0.33504707,1
0.3460532707638093,High,🇧🇷 Brasil direita Patriota 🇧🇷,1.0,0.2854971,32
0.7688227463771783,Very High,A culpa não é minha eu votei no Ciro,0.22,0.016838523,2
0.01481558294236568,Very Low,Inteligentista,0.6307692307692307,0.21107252,10
0.13800453495897425,Very Low,iG,0.9338842975206612,0.0017435411,41
0.1550553708866882,Very Low,Mulheres Unidas contra Bolsonaro - RS,1.0,0.007979449,11
0.3561006626350612,High,PINDA CIDADÃ. Mobilização JÁ!!!!,0.8888888888888888,0.014011159,8
0.4979826903216381,High,Tattoo no toco,0.8305084745762712,0.081625134,2
0.0061067814386911445,Very Low,Médicos contra o PT,1.0,0.014576632,7
0.0605320443189379,Very Low,Fico,1.0,0.018974753,2
0.40766377424190325,High,Grupo do Movimento Brasil à Direita,1.0,0.03781283,88
0.011822728015885797,Very Low,Presidente Lula,0.9867549668874173,0.04067813,11
0.23781803239528776,Low,MUD - Movimento de União Pela Democracia,0.5748031496062992,0.0070684096,11
0.4502404037558549,High,Socializando,0.8157894736842105,0.4014846,5
0.44731044604003845,High,Brasil Contra Jair Bolsonaro,0.6592592592592592,0.034984488,59
0.6462318788830492,Very High,Anti-Bolsonaro,0.9858156028368794,0.22712809,10
0.09696201919395714,Very Low,BBC News Brasil,1.0,0.0039583095,29
0.13257995546482715,Very Low,No Caminho Da Resistência,0.9846153846153847,0.02048268,13
1.1081066107235578,Very High,Bolsonaro Opressor 2022,0.986013986013986,0.010618322,41
0.2273980784152415,Low,#A GAZETA ESQUERDISTA CONTRA O COISO,0.6571428571428571,0.022374803,108
0.706248609339452,Very High,Brizola Pistola,1.0,0.044388983,3
0.35305801385295,High,"LEU NA VEJA, AZAR O SEU!!!!!!",0.5,0.004712273,25
0.38736339358732497,High,Família Bolsonaro,1.0,0.010429831,3
0.41161200949202226,High,Poder360,0.8285714285714286,0.37694603,51
0.0024740661128676,Very Low,Homem De Direita,1.0,0.043646812,5
0.37213816519591314,High,GRUPO OLAVO DE CARVALHO,1.0,0.01847211,123
0.3411059162088447,High,Bà Lão - Đặc Trị Mụn Thâm Sẹo Rổ Lâu Năm,1.0,0.013445686,5
0.6153224096723638,Very High,Perolas dos Coxinhas,1.0,0.00713124,244
0.04037782353670494,Very Low,união e força democrática,0.9230769230769231,0.050821137,11
0.177093363072167,Low,Bolsonaro Maranhense,1.0,0.007539637,4
1.262385360505103,Very High,Feminismo pra quê?,1.0,0.02685301,3
0.24245673455095773,Low,RAiZ - Movimento Cidadanista,1.0,0.07450261,3
0.20197129986140558,Low,Blog do Josias,0.9159663865546218,0.016021729,30
0.6215002980032627,Very High,Amauri Teixeira,0.7285714285714285,0.062236045,14
0.41861475679249,High,Patriota,1.0,0.007979449,5
1.0672320290675996,Very High,Grupo Sujeito Raro,0.007751937984496124,0.6027529,9
0.2158061482222251,Low,Pato arrependido,0.8775510204081632,0.29405528,32
0.3312254048535882,High,Anti-Bolsonaro,0.3691275167785235,0.07054565,10
1.1574446318499398,Very High,Todo Mundo Odeia o Bolsonaro,0.09923664122137404,0.2786282,4
0.32711823166150866,High,URSAL,1.0,0.010429831,10
0.4399788279899923,High,BBC News Brasil,0.9862068965517241,0.0008285747,29
0.29287670285644685,Low,Botando Pilha,0.2702702702702703,0.19029272,9
0.3748096974618701,High,Musas Lulettes e Fidelettes,0.3508771929824561,0.36095104,5
0.4924567658009461,High,Esta é uma Coxinha,1.0,0.36095104,5
0.5305748308467204,Very High,LULA LÁ BRILHA UMA ESTRELA,1.0,0.035220183,95
0.24391863986058027,Low,Gaúchos da resistência.,1.0,0.029563503,66
0.6248512857550622,Very High,ZUCCO News Brasil,1.0,0.27750343,3
0.501149289102555,Very High,Douglas Gomes,0.5804195804195804,0.0665887,3
0.9303290996857754,Very High,Raul Marcelo,0.9727891156462585,0.0008639167,2
0.6841665185185267,Very High,Deputado José Américo,0.972972972972973,0.049336795,3
0.3593941061278646,High,Núcleo de Evangélicos e Evangélicas do PT,0.5348837209302325,0.008356431,11
0.24789187707582172,Low,ZonaCurva,0.1564625850340136,0.19314334,3
0.3752056622354199,High,O Povo,0.7971014492753623,0.08004235,32
0.38511456257666793,High,Ursal- A Nova Ordem Mundial,1.0,0.026970858,14
0.01918049728809046,Very Low,LULA PELA DEMOCRACIA,0.9852941176470589,0.008984734,34
0.49245668246761265,High,Paulo Freire,0.9714285714285714,0.017592486,3
0.4840309062821637,High,Causa Espécie,0.7952755905511811,0.19504376,3
0.5516358650276013,Very High,🇧🇷 Brasil direita Patriota 🇧🇷,0.9603960396039604,0.15600902,32
0.21249113643445106,Low,Unidos pelo Serviço Público,0.5310344827586206,0.055026773,9
0.03690895265748706,Very Low,Esquerda Revolucionária,1.0,0.0131943645,25
0.20706242173466594,Low,Esquerda Revolucionária,1.0,0.09828771,25
0.14057434522128764,Very Low,Jair M. Bolsonaro,1.0,0.017215505,2
0.16478071014312456,Low,Atlas Político,0.504,0.11378009,10
0.9119121827802408,Very High,Bolsonaro: aqui não,1.0,0.009110395,18
0.7208705237854385,Very High,#A GAZETA ESQUERDISTA CONTRA O COISO,0.6546762589928058,0.00816794,108
0.007324107859696949,Very Low,Pepe Vargas,1.0,0.04785245,4
0.03297275518083165,Very Low,Pig Golpista,1.0,0.29405528,37
0.492456015800946,High,Francisco Praciano,1.0,0.01237757,1
0.18566905873339734,Low,JAIR MESSIAS BOLSONARO ALIANÇA PELO BRASIL [OFICIAL],1.0,0.029445656,11
0.23111487982832601,Low,clicRBS,0.9338842975206612,0.0036912805,1
0.5107970443267313,Very High,Conservadores - Tamo Junto,1.0,0.028974265,2
0.8685724131707167,Very High,PORTA DE PRIVADA.,0.2,0.036870047,34
0.16012082593443805,Very Low,PS4 Brasil,0.8571428571428571,0.013822667,25
0.8145796272485922,Very High,edita pra mim,0.9746835443037974,0.37751234,88
0.0024566581267634335,Very Low,OneL13,0.4326241134751773,0.13561769,26
0.18854354863648526,Low,Grupo do Movimento Brasil à Direita,1.0,0.07371122,88
0.4703329244868269,High,GRUPO OLAVO DE CARVALHO,0.9663865546218487,0.038519915,123
0.5336755655122303,Very High,Douglas Belchior 1375,0.7379310344827587,0.112540044,2
0.49789182499247664,High,O Bolsonarismo de Todos os Dias,0.2907801418439716,0.32128486,3
0.555624820000024,Very High,Mulheres BR,0.9056603773584906,0.030388435,6
0.293734175085939,Low,BLOG DA DILMA PT,1.0,0.013382856,24
0.5144222380068689,Very High,Fábio Mello,0.8561151079136691,0.11212669,2
0.237998588563703,Low,Lula e Haddad 2022,0.8344827586206897,0.48021027,1
0.11265098037316157,Very Low,Muda Mais,0.36619718309859156,0.049089402,5
0.5972361081852793,Very High,iG,0.9552238805970149,0.000020370764,41
0.096727864501888,Very Low,Amanda Brandão Armelau,0.029411764705882353,0.54325575,1
0.3551226442200585,High,É proibido VIRAR à Esquerda,1.0,0.05651112,5
0.01356699891680202,Very Low,Direita Caipira,1.0,0.012126249,3
0.394091686855938,High,Deszumbizando,0.4090909090909091,0.19314334,1
0.5505817651443661,Very High,Brigada Herzog,0.8426966292134831,0.03015274,5
0.4502404037558549,High,Professora Josete,0.8156028368794326,0.38434127,4
0.230055290832777,Low,Direita Minas - Rio Paranaíba,1.0,0.048099842,1
0.6003141752824918,Very High,Melhor Política,0.8974358974358975,0.013131535,25
0.50597021738143,Very High,Direita Potiguar,1.0,0.38601747,4
0.16467892740752765,Low,Alice Portugal,0.323943661971831,0.2028889,3
0.004117205470494767,Very Low,Renato Simões,0.8881118881118881,0.10870059,8
0.8801852837499167,Very High,Direita Democrática Brasileira,0.3968253968253968,0.045873325,6
0.148508755646309,Very Low,Afrodeks TV,1.0,0.6027529,2
0.38643236108310197,High,Anti-Feminismo,1.0,0.37751234,1
0.1270148708093236,Very Low,Blog do Josias,0.8157894736842105,0.01633588,30
0.35451760380623043,High,CartaCapitalista,1.0,0.28312725,10
1.0305184857411893,Very High,Cartazes & Tirinhas LGBT,0.7011494252873564,0.12867521,49
0.22115992341460727,Low,Grupo do Movimento Brasil à Direita,1.0,0.013822667,88
0.31598635974558353,High,Seja Subversivo,1.0,0.037105743,14
0.493703511448378,High,Marcos Alexandre Santos,0.8,0.051068526,6
0.031222686332550653,Very Low,Analfabeto Político,0.043478260869565216,0.011246625,40
0.7060103170578453,Very High,Lula Presidente em 2022,1.0,0.0414203,6
0.5604921971310437,Very High,Pedro Patrus,0.627906976744186,0.19893374,3
0.2986374689199553,Low,Direita Jacarepaguá,0.8653846153846154,0.4014846,2
1.1304347470396978,Very High,Lula Presidente do Brasil,1.0,0.24924077,27
0.6899768968844918,Very High,Perolas dos Coxinhas,1.0,0.1693855,244
0.9622146777656841,Very High,Curitiba Contra o PT,0.19626168224299065,0.24763705,37
0.7410701629413294,Very High,Bolsonaro Herói Nacional,0.9682539682539683,0.43475235,28
0.2073242850025061,Low,Lula Livre,1.0,0.03545588,7
0.384754521668635,High,Com Dilma contra o Golpe Fascista,0.3333333333333333,0.0011073842,1
0.5505814651443659,Very High,Rodrigo Tomazini,0.8518518518518519,0.1693855,2
0.1591234602454089,Very Low,Mulheres Unidas contra Bolsonaro PR - Curitiba/Paraná,1.0,0.049336795,4
0.6562276942904228,Very High,"Todos contra a ""globo"" e todos a favor do Lula.",0.6058394160583942,0.3389984,117
0.8730910546997402,Very High,Gaúchos da resistência.,0.8679245283018868,0.24282593,66
0.49789115832581,High,Vida de Assistente Social,0.11278195488721804,0.12520397,1
0.549536622854187,Very High,CIRO Joseense,1.0,0.0043038763,3
0.5932590031780963,Very High,A Gazeta Petista,0.26153846153846155,0.4977744,152
1.3769928047627222,Very High,Grupo do Movimento Brasil à Direita,1.0,0.057748068,88
0.5460033799729911,Very High,BBC News Brasil,1.0,0.022021262,29
0.49789205832581007,High,Contra tudo que representa a Escravidão,0.07352941176470588,0.15932569,10
0.6688368919948281,Very High,Agentes Federais do Brasil III,0.9117647058823529,0.02402467,3
0.38321339481436184,High,O Brasil,0.29411764705882354,0.3266089,18
0.376291833804526,High,Movimento Meritocracia de Direita,0.9459459459459459,0.012000589,3
0.03672202317087658,Very Low,Pig Golpista,1.0,0.16098402,37
0.298120204124342,Low,Cidade de Guarulhos,0.8947368421052632,0.050573748,1
0.2954306296236955,Low,LULA PELA DEMOCRACIA,0.2125984251968504,0.6308517,34
0.165418535188105,Low,Thiago Tavares,0.984375,0.013068704,1
0.19409236685598596,Low,Ciro Gomes Mineiro,0.904,0.5024724,4
0.241947097086752,Low,Tradição Medieval,1.0,0.03545588,1
0.3209824628331258,High,"Todos contra a ""globo"" e todos a favor do Lula.",1.0,0.038991302,117
1.3218114342171883,Very High,Estação das Flores®,0.968503937007874,0.013634177,6
0.14348675152903423,Very Low,Bolsonaro: aqui não,0.96875,0.36456755,18
0.692316542121848,Very High,Homem Conservador,1.0,0.0047436883,2
0.6548115269368814,Very High,ALIANÇA PELO BRASIL,0.02564102564102564,0.018095128,14
0.21434300915393567,Low,Direita 22,1.0,0.000038041788,7
0.09747301603717318,Very Low,Fernanda Melchionna,0.38235294117647056,0.38601747,9
0.2673530889936282,Low,FORA BOLSONARO!!,0.8153846153846154,0.64447093,48
0.00625043098501632,Very Low,Mix Linhares,1.0,0.032863233,4
0.28301448511382093,Low,Progressista,0.6666666666666666,0.36867723,9
0.34171057089956625,High,Grupo do Movimento Brasil à Direita,1.0,0.012566062,88
0.23846986086274646,Low,OneL13,0.9365079365079365,0.40060925,26
0.20732409452631562,Low,Betão,1.0,0.23235008,3
0.21574449707311566,Low,Sergio Moro 🇧🇷,0.9322033898305084,0.51980776,27
0.3689370957536964,High,LULA LÁ BRILHA UMA ESTRELA,1.0,0.0014608046,95
0.5333642570508776,Very High,MULHERES COM BOLSONARO ALIANÇA PELO BRASIL [OFICIAL],0.1282051282051282,0.23812068,44
0.8164420683725755,Very High,Robério Paulino,0.7606837606837606,0.015204934,5
0.4540495889037891,High,A Privataria Tucana,0.6666666666666666,0.4014846,56
0.8374172195723488,Very High,Evangélicos com Lula,0.9672131147540983,0.11129999,3
0.09919000464877614,Very Low,GRUPO OLAVO DE CARVALHO,1.0,0.012314741,123
0.04020418565384365,Very Low,Cartazes & Tirinhas LGBT,0.16417910447761194,0.25915736,49
0.293050503306201,Low,Jhony Sasaki,0.983739837398374,0.11347008,1
0.10831941371670328,Very Low,Catraca Livre Entretenimento,0.9512195121951219,0.011246625,10
0.2521903224031907,Low,Bolsonaro: aqui não,0.6774193548387096,0.12260055,18
0.20732342785964897,Low,Prof. Josemar,1.0,0.0926474,1
0.016312381942498733,Very Low,Gaúchos da resistência.,1.0,0.041172907,66
0.25210912114144046,Low,Ciro Gomes do Brasil,1.0,0.25462922,13
0.7625215413895023,Very High,BLOQUEIE A GLOBO VOCÊ TAMBÉM!,0.9080459770114943,0.27975297,69
0.2997564174279098,Low,Perolas dos Coxinhas,0.968,0.08637348,244
0.036363768595026325,Very Low,Indignação Progressista,0.9833333333333333,0.24924077,4
0.3737219752709393,High,Ricardo Amorim,0.9789473684210527,0.016838523,2
0.21265500233747342,Low,MULHERES COM BOLSONARO ALIANÇA PELO BRASIL [OFICIAL],1.0,0.011560776,44
0.6915178679772626,Very High,Aliança Pelo Brasil Poá SP,0.6296296296296297,0.2854869,2
0.164678260740861,Low,Giovani Culau,0.20610687022900764,0.25462922,1
0.185513124529855,Low,Fico,1.0,0.09438288,2
0.2211012130760942,Low,"Na dúvida, siga à esquerda",1.0,0.15103401,31
0.5193707021641464,Very High,Brasil de Fato,0.17293233082706766,0.0049950094,14
0.14629028339869232,Very Low,Juarez Rodrigues,0.9327731092436975,0.11652588,2
0.422906276927929,High,Rede Goebbels,1.0,0.02685301,3
0.37557086628114683,High,Perolas dos Coxinhas,0.7948717948717948,0.09655223,244
1.0807914250788566,Very High,#A GAZETA ESQUERDISTA CONTRA O COISO,0.9186991869918699,0.21107252,108
0.4651145126061349,High,Coletivo Vozes Dissonantes,1.0,0.02249265,2
0.3481310707528237,High,Sr. Reaça,1.0,0.026028076,3
0.8259284234043405,Very High,Meu nome é Enéas,1.0,0.022139108,10
0.3319624496855989,High,Lula Presidente do Brasil,0.7,0.027913637,27
0.189911399997302,Low,Zé de Abreu 5.0,0.078125,0.01608456,1
0.10147619768598631,Very Low,Politizados,0.5,0.15490346,33
0.2072760556141071,Low,Treta Festa,0.06976744186046512,0.2553839,5
0.19275893255641596,Low,"Enéas, o verdadeiro mito",0.4358974358974359,0.15766735,1
0.06318643386045714,Very Low,GRUPO OLAVO DE CARVALHO,1.0,0.005748973,123
0.0073242145263192615,Very Low,Lucas Schuab Vieira,0.984251968503937,0.012691722,4
0.44239189409621493,High,Tipo Antifascista,0.984375,0.0075710523,1
0.384754521668635,High,Márcio Coelho,0.808,0.22579013,1
1.2770346798458703,Very High,GRUPO OLAVO DE CARVALHO,0.8407079646017699,0.008984734,123
0.9042136527808367,Very High,Campo Grande RJ,0.5714285714285714,0.009613037,3
0.177093363072167,Low,Policial Federal Rafael Ranalli,1.0,0.045131154,1
0.28078369526054825,Low,Deputado Federal Ságuas Moraes,0.7833333333333333,0.15822013,4
0.30478207197208496,Low,O Lembrador,0.41732283464566927,0.29039988,5
0.5351780907689789,Very High,UM POUCO De TUDO,1.0,0.3057765,1
0.1900850957927176,Low,Minas é Bolsonaro,1.0,0.4421347,6
0.394091686855938,High,Ari Areia,0.6692913385826772,0.25462922,1
0.12152047977530983,Very Low,BOLSONARO O MELHOR PRESIDENTE,0.8923076923076924,0.02873857,67
0.2659175298742163,Low,edita pra mim,1.0,0.010429831,88
0.6309085304670973,Very High,A Gazeta Petista,0.3584905660377358,0.09785384,152
0.7704028048576821,Very High,Todd Tomorrow,0.5478260869565217,0.25462922,12
1.4927499924077003,Very High,Somos 70 Por Cento,0.7222222222222222,0.26859093,7
0.25349258942616937,Low,GRUPO DE APOIO AO BRASIL,0.967741935483871,0.31963667,39
0.042982113264819544,Very Low,Progressista,0.568,0.034984488,9
0.31235854109721095,Low,Treta Festa,0.11627906976744186,0.0060631246,5
0.4021088998914507,High,Pais do Col. Pedro II Contra Ideologia de Gênero e Doutrinação dos Alunos,1.0,0.25462922,3
0.654546197906262,Very High,"Luiz Inácio falou, Luiz Inácio avisou! ❤️🧡💛💚💙💜🤍🤎",0.90625,0.2667042,5
0.010541595726983433,Very Low,Brasil de Fato,0.584,0.017215505,14
0.23199022547363102,Low,Contra tudo que representa a Escravidão,1.0,0.017089844,10
0.13362968263148345,Very Low,Bolsonaro Herói Nacional,1.0,0.004335291,28
0.5723792679707614,Very High,Patrus Ananias,0.3125,0.06500591,10
0.5943566310068824,Very High,Ciro Gomes do Brasil,1.0,0.0016021729,13
0.23879290344827597,Low,Mulheres da Resistência no Exterior,0.7851239669421488,0.18269104,5
0.3738888054483179,High,União das Esquerdas,0.9076923076923077,0.11739369,85
0.687562052708838,Very High,Brasil em Construção,0.9493670886075949,0.09525062,1
0.574263141422079,Very High,Iconoclastia Incendiária,0.9603960396039604,0.15987846,6
0.05750999462391549,Very Low,Politizados,0.21621621621621623,0.4977744,33
0.247664227655493,Low,Somos Todos Direita,1.0,0.13908891,3
0.45333753700454493,High,Bolsominions Arrependidos,0.9215686274509803,0.08083374,4
0.04667026260046825,Very Low,Liga Cristã Mundial Brasil,1.0,0.015016444,3
0.456054818306424,High,Time Dilma,0.7936507936507936,0.11150667,10
0.132990656710066,Very Low,Átimos Brasil,0.5789473684210527,0.27412915,1
0.7216293124944864,Very High,Salvem a Democracia,0.9672131147540983,0.031684756,8
0.3419384949677048,High,"Todos contra a ""globo"" e todos a favor do Lula.",0.9365079365079365,0.20126031,117
0.492456815800946,High,Brigada Herzog,1.0,0.014702292,5
0.4419865801650571,High,Replicante Seletivo,0.25,0.37340668,4
0.33541215600849256,High,"Deus, Pátria e Família",1.0,0.04315203,13
0.03906397760542035,Very Low,Pig Golpista,1.0,0.10175867,37
0.14252890118332084,Very Low,Médicos contra o PT,0.2773109243697479,0.584095,7
0.3940610289328119,High,Mariana Conti,0.9827586206896551,0.027088705,5
0.37522770297652,High,Movimento Direito Para Quem,0.04918032786885246,0.32971194,1
0.6071242458259706,Very High,Compartilhe13,0.7894736842105263,0.12520397,5
0.5806876274932494,Very High,BLOQUEIE A GLOBO VOCÊ TAMBÉM!,0.23214285714285715,0.36095104,69
0.5113874662373357,Very High,Sr. Reaça,1.0,0.010995304,3
0.029413842732538997,Very Low,Bordalo,0.6129032258064516,0.3260917,7
0.4008209883540253,High,A Gazeta Petista,1.0,0.20172562,152
0.30507291985769464,Low,Amauri Teixeira,0.9743589743589743,0.11367676,14
0.4291352916126706,High,PINDA CIDADÃ. Mobilização JÁ!!!!,0.5454545454545454,0.1641865,8
0.2593831443628801,Low,BBC News Brasil,0.6730769230769231,0.010869644,29
0.18495960952237644,Low,OneL13,0.39823008849557523,0.0969861,26
0.08462987244532638,Very Low,Brasil de Fato,1.0,0.02107848,14
0.337614154494993,High,Secretaria Nacional de Mulheres do PT - SNMPT,1.0,0.32712606,8
0.26676671970531696,Low,LGBT Brasil  ( perfil 2 ),1.0,0.0201057,41
0.235321099259043,Low,Fábio Felix,0.12903225806451613,0.037577134,3
0.501149634102459,Very High,Curitiba Contra o PT,0.01639344262295082,0.119997114,37
0.19543918386017237,Low,Panelinha Opressora - direita,0.9826086956521739,0.07212844,8
0.0157440330629065,Very Low,DireitaNacional,0.09565217391304348,0.021549871,1
0.24115887271139966,Low,Belém Metrópole da Amazônia,1.0,0.15656179,54
0.36334048646541817,High,FORA BOLSONARO!!,1.0,0.054284602,48
0.8437595852944633,Very High,Conservadores,1.0,0.29771072,2
0.15912323802324235,Very Low,José Soeiro,1.0,0.016964182,2
0.5683721639346734,Very High,Cartazes & Tirinhas LGBT,0.8363636363636363,0.17285149,49
0.07150951955383433,Very Low,Cartazes & Tirinhas LGBT,0.1935483870967742,0.37694603,49
0.0002147774679893688,Very Low,LULA LÁ BRILHA UMA ESTRELA,0.2033898305084746,0.006722843,95
0.05204960761767863,Very Low,Pig Golpista,0.32786885245901637,0.26293078,37
0.23879210344827595,Low,Os Dias São Assim,1.0,0.09568449,1
0.4711298750411573,High,PT - O Partido de Todas as Lutas,0.9130434782608695,0.36095104,23
0.550580965144366,Very High,Aceita que dói menos,0.9272727272727272,0.11367676,1
0.0031910586131955743,Very Low,BLOQUEIE A GLOBO VOCÊ TAMBÉM!,0.10743801652892562,0.29039988,69
0.4590907658198883,High,Politizados,0.2222222222222222,0.18364124,33
0.0332209357768944,Very Low,Brasil Acima de Tudo Deus Acima de Todos,0.6347826086956522,0.509388,2
0.18116839827683984,Low,Perolas dos Coxinhas,1.0,0.038991302,244
0.14745035303834086,Very Low,Ateu à toa,0.7272727272727273,0.021432023,4
0.0020526095022431745,Very Low,A Privataria Tucana,0.9661016949152542,0.030034892,56
0.24375478181335597,Low,Olhar Masculino,0.9436619718309859,0.3367073,1
0.40943482937754233,High,UFRJ Livre,1.0,0.000077556164,2
0.45605483497309074,High,Time Lula,0.8211382113821138,0.11150667,10
0.383636463704606,High,Fora Tucanada,0.9666666666666667,0.17458448,5
0.351079629940496,High,GRUPO DE APOIO AO  GOVERNO DO BOLSONARO PRESIDENTE DO BRASIL,1.0,0.31963667,54
0.20732342785964897,Low,Verônica Lima,1.0,0.10175867,1
0.6403130114100117,Very High,A gente não tem cara de babaca!,0.391304347826087,0.3266089,32
0.5154841751031742,Very High,Poder360,0.9393939393939394,0.014702292,51
0.09224541081184379,Very Low,Mulheres Unidas contra Bolsonaro - RS,0.9775280898876404,0.06500591,11
0.09703370294860292,Very Low,Damares Alves,1.0,0.27525392,1
0.1579650460281209,Very Low,PT-Mesquita,1.0,0.0072569004,2
0.572891625049698,Very High,Lula Pra Sempre Presidente do Brasil #HaddadManu2018,0.5714285714285714,0.32074678,13
0.599329753301744,Very High,Direita Forte,1.0,0.005309161,1
0.008612954093523695,Very Low,Sonia Bone Guajajara,0.2773109243697479,0.19314334,3
0.08891427948009945,Very Low,Nordeste de Direita,1.0,0.0665887,7
0.0665736453773138,Very Low,A Nossa Bandeira Jamais Será Vermelha,0.7024793388429752,0.024378212,13
0.44284979639064176,High,Leblon News,0.96,0.15766735,7
0.22523738482131445,Low,Ciro Gomes Pernambuco,0.2066115702479339,0.037577134,11
0.24899462290870683,Low,Revista Resistência Mulheres e homens pela Democracia e Direitos Humanos,0.8867924528301887,0.05898502,20
0.5335736780614038,Very High,RAiZ - Movimento Cidadanista,0.7851239669421488,0.36095104,3
0.49269836129256994,High,Jeferson Rocha,0.9834710743801653,0.007790958,1
0.27531998988728057,Low,Muda Mais,0.4918032786885246,0.17198499,5
0.247664227655493,Low,Confraria dos Conservadores Patriotas,1.0,0.017592486,5
0.27833775934825244,Low,Atlas Político,0.7431192660550459,0.000011657968,10
0.32853729999301595,High,Brasil de verdade,1.0,0.012000589,8
0.39622136578421396,High,Carina Vitral,1.0,0.0049635945,13
0.6161725472529167,Very High,Movimento Voto Nulo,0.7714285714285715,0.51980776,10
0.27879144863899774,Low,Poder360,0.92,0.00009817236,51
0.07596071689275685,Very Low,Médicos contra o PT,1.0,0.3245134,7
0.29953560430029735,Low,UJS - União da Juventude Socialista,1.0,0.054284602,6
0.44239189409621493,High,SOS Árvores no caminho da obra BRT Salvador,1.0,0.2191003,1
1.3136571564198845,Very High,LULA PELA DEMOCRACIA,0.04918032786885246,0.03357032,34
1.3082869871583556,Very High,Patriotas Brasil,0.46875,0.165053,20
0.26147970725009173,Low,Indignação Progressista,0.6326530612244898,0.016838523,4
0.6556194411460805,Very High,#A GAZETA ESQUERDISTA CONTRA O COISO,1.0,0.0006950603,108
1.0516050927850973,Very High,Grupo do Movimento Brasil à Direita,0.9375,0.1996317,88
0.644975610170974,Very High,Esquerda Vermelha,0.9454545454545454,0.04067813,6
0.3442451958580506,High,Partido dos Trabalhadores RJ,1.0,0.015393426,10
0.293050503306201,Low,Camilo Cristófaro,0.9767441860465116,0.09611836,2
0.4667995106981405,High,É proibido VIRAR à Esquerda,1.0,0.2524482,5
0.44836174274947893,High,Mauricio Marcon,0.922077922077922,0.4574824,1
0.2978919449924803,Low,Coletivo Democracia Corinthiana,0.2711864406779661,0.33421695,4
1.3380466837244844,Very High,MULHERES COM BOLSONARO ALIANÇA PELO BRASIL [OFICIAL],0.9252336448598131,0.1883923,44
0.3129581197370546,High,Núcleo de Evangélicos e Evangélicas do PT,0.971830985915493,0.06500591,11
0.1116749219141785,Very Low,LULA PELA DEMOCRACIA,0.2605042016806723,0.3827457,34
0.3495997260050284,High,Educação Ribeirão Preto,1.0,0.017592486,5
0.31258937205245985,Low,Perolas dos Coxinhas,1.0,0.009236055,244
0.33117864941405706,High,Lula Pra Sempre Presidente do Brasil #HaddadManu2018,0.8319327731092437,0.3625127,13
0.5196166685135565,Very High,#A GAZETA ESQUERDISTA CONTRA O COISO,0.9821428571428571,0.17631748,108
0.06733991576916953,Very Low,Rui Falcão,1.0,0.10002319,7
0.49789182499247664,High,Eu Quero Democracia,0.37815126050420167,0.13041082,3
0.004280798013519771,Very Low,Militantes Petistas,0.9813084112149533,0.023553278,6
0.3747926074325588,High,GRUPO DE APOIO À OPERAÇÃO LAVA JATO - JUIZ SÉRGIO MORO,0.23076923076923078,0.37751234,57
0.623707166195474,Very High,Conservadores Cariri,0.96,0.0201057,1
0.2487079708829959,Low,Templário,1.0,0.0029530246,5
0.05720376524846127,Very Low,David Miranda,0.1282051282051282,0.25727063,20
0.08367147845450595,Very Low,Pato arrependido,0.8290598290598291,0.3389984,32
0.2102188875131199,Low,Lute Pela Revolução,0.3389830508474576,0.0004888983,2
0.16082127379151606,Very Low,O Povo,0.9761904761904762,0.044388983,32
0.30826560054597046,Low,Sergio Moro - Eu Apoio a Lava Jato,0.9814814814814815,0.37751234,8
0.13614213479510584,Very Low,The Intercept glenn greenwald vazajato,0.3592233009708738,0.011246625,31
0.20679478162270992,Low,Não é Justo,0.6701030927835051,0.025674535,1
0.63011233761001,Very High,Rede Social Comunistas,0.7,0.40060925,1
0.2781188653134572,Low,No Caminho Da Resistência,1.0,0.054284602,13
0.441985830165057,High,Rede Psicólogos,0.23076923076923078,0.25915736,1
0.6817391075801112,Very High,Anpof - associação nacional de pós-graduação em filosofia,1.0,0.115658075,3
0.7951881509797974,Very High,Pais do Col. Pedro II Contra Ideologia de Gênero e Doutrinação dos Alunos,0.6538461538461539,0.41445592,3
0.047622760566333855,Very Low,Perolas dos Coxinhas,0.5247524752475248,0.37751234,244
0.5993302533017439,Very High,Bolsonaro Marajó,1.0,0.044636376,2
0.3242415420805272,High,"Na dúvida, siga à esquerda",0.7391304347826086,0.2786282,31
0.6650300589743908,Very High,PS4 Brasil,1.0,0.25462922,25
0.3979644848433474,High,Brasil de Fato,0.3508771929824561,0.28425202,14
0.3452504424729297,High,Gazeta do Povo,0.9012345679012346,0.0065971822,52
0.5682571983973188,Very High,Revista Resistência Mulheres e homens pela Democracia e Direitos Humanos,1.0,0.25462922,20
0.7521243201351321,Very High,Grupo do SOLDADO DE AÇO RESISTÊNCIA PATRIÓTICA,0.3,0.3666224,3
0.7540839452668,Very High,CWB Resiste,0.9811320754716981,0.07291982,4
0.46700898329003,High,TCPC - Testes De Coordenadas políticas Coerentes,0.8620689655172413,0.16851899,3
0.20335581738541864,Low,Casas de Cultura - UFC,1.0,0.03875561,8
0.40137483095169935,High,Movimento Conservador SP,1.0,0.012754552,5
0.3219561001779374,High,Brasil de Fato,0.8938053097345132,0.03357032,14
1.4437699253635448,Very High,"Todos contra a ""globo"" e todos a favor do Lula.",0.5180722891566265,0.024142517,117
0.394091686855938,High,TODXS,1.0,0.025203144,1
0.550580965144366,Very High,Acervo Humano,0.9384615384615385,0.014953613,1
0.11802735314796498,Very Low,Mulheres Unidas Contra Bolsonaro,0.8434782608695652,0.040183347,14
0.922259974979727,Very High,GRUPO DE APOIO AO  GOVERNO DO BOLSONARO PRESIDENTE DO BRASIL,0.22077922077922077,0.06421452,54
0.10201906086308932,Very Low,Bolsonaro Opressor 2022,0.37037037037037035,0.20032968,41
0.07608623877002862,Very Low,Pig Golpista,1.0,0.008733413,37
0.497981940321638,High,Rodrigo Neves,0.696969696969697,0.2667042,1
0.22007790054925364,Low,PORTA DE PRIVADA.,0.2545454545454545,0.22043827,34
0.34432135714989753,High,Orgulho por eleger Jair Bolsonaro PSL #17,1.0,0.015519086,5
0.018267389588151217,Very Low,A Caixa de Pandora,0.04424778761061947,0.53579444,4
0.132990656710066,Very Low,PMP - Portal do Movimento Popular,0.6363636363636364,0.02308189,1
0.2946923376898545,Low,OneL13,0.8181818181818182,0.011058134,26
0.08252273862446435,Very Low,Analfabeto Político,0.30275229357798167,0.009047564,40
0.08180415152527132,Very Low,Cartazes & Tirinhas LGBT,0.061946902654867256,0.08083374,49
0.260547163832259,Low,Levante Popular da Juventude,0.38596491228070173,0.048099842,1
0.3722051738071921,High,Lula Pra Sempre Presidente do Brasil #HaddadManu2018,0.9583333333333334,0.028856417,13
0.0107994280046954,Very Low,Aliança Carioca,1.0,0.051563308,12
0.9940600745576795,Very High,Sergio Moro - Eu Apoio a Lava Jato,0.6170212765957447,0.22579013,8
0.3553439812752738,High,"Todos contra a ""globo"" e todos a favor do Lula.",0.9826086956521739,0.3972142,117
0.0248516457549662,Very Low,LUTA Brasil.,0.9692307692307692,0.1537979,1
0.04975502128960596,Very Low,"UNIDOS NA ""RESISTÊNCIA"" SEMPRE - ⭐️",1.0,0.16851899,19
0.031135512002471666,Very Low,Analfabeto Político,0.21428571428571427,0.0019555932,40
0.07159669388391332,Very Low,Cartazes & Tirinhas LGBT,0.008849557522123894,0.029799197,49
0.11225558987722573,Very Low,Minas contra Bolsonaro,0.26126126126126126,0.08479069,7
0.8582611073590511,Very High,Minas contra Bolsonaro,0.7142857142857143,0.040183347,7
0.20480994657915,Low,"Nós, Madalenas por Maria Ribeiro",1.0,0.017089844,1
0.13965236769921596,Very Low,PS4 Brasil,1.0,0.008984734,25
0.1,Very Low,Bolsonaro do Nordeste,1.0,0.03062413,9
0.198236981401793,Low,"Eu era anarcocapitalista, mas o Bolsonaro era mais",1.0,0.18554166,2
0.06705636329166564,Very Low,Galera Vermelha,1.0,0.031213367,8
0.16465809226874295,Low,GRUPO DE APOIO AO  GOVERNO DO BOLSONARO PRESIDENTE DO BRASIL,1.0,0.18269104,54
0.0167387650367826,Very Low,Afrodeks TV,0.9813084112149533,0.36095104,2
0.39166326579436694,High,Mateus Ferreira,0.6831683168316832,0.23739935,1
0.15776555219899135,Very Low,À Esquerda,0.45098039215686275,0.075294,11
0.9774037223575172,Very High,PS4 Brasil,0.9733333333333334,0.044883765,25
0.366497458828548,High,"LEU NA VEJA, AZAR O SEU!!!!!!",1.0,0.016964182,25
0.10071890530079552,Very Low,Politicamente Incorreto,1.0,0.045873325,5
0.15457186185666505,Very Low,Mulheres que podem #elenão,0.12149532710280374,0.12086493,3
0.2870511640427908,Low,Revista Resistência Mulheres e homens pela Democracia e Direitos Humanos,0.8024691358024691,0.2854903,20
0.44001191037130594,High,AMOR. Atras DAS Grades,0.5700934579439252,0.017592486,1
0.1048077894875945,Very Low,Furacão CHEGA 🌪️,0.8627450980392157,0.44933176,13
0.13316790404297607,Very Low,José Guimarães,0.8214285714285714,0.31825066,5
0.15714278367346968,Very Low,Acervo do Conhecimento Histórico,0.41284403669724773,0.017969469,12
0.2336788863683673,Low,Grupo do Movimento Brasil à Direita,1.0,0.010555492,88
0.21775117682146217,Low,Margarida Salomão,0.6,0.11223003,17
0.3657800535616819,High,República,0.9636363636363636,0.000023315935,37
0.3952129629854213,High,Carlinhos Míssil Gracia,0.9743589743589743,0.01438814,2
0.29092727750407493,Low,Lula Presidente do Brasil,0.2727272727272727,0.10826672,27
0.230797759892171,Low,Vã Guarda - Perigosos Memes Radicais de Esquerda,0.972972972972973,0.008796243,1
0.23167722790217593,Low,Cadeia Nacional,0.9464285714285714,0.009047564,1
0.00804141810002823,Very Low,Gaúchos da resistência.,0.6086956521739131,0.1013248,66
0.6319702466976589,Very High,Em Direita Vale do Paraíba,0.8823529411764706,0.027442247,1
0.1588106978177639,Very Low,Afonso Florence,1.0,0.03969839,2
0.1310385048892904,Very Low,UOL,0.9587628865979382,0.11057663,263
0.28704880280744616,Low,BBC News Brasil,0.719626168224299,0.018095128,29
0.07976947454576033,Very Low,Cartazes & Tirinhas LGBT,0.22522522522522523,0.13041082,49
0.6397339663325693,Very High,"PATRIOTAS EM AÇÃO, CURITIBA",0.12941176470588237,0.02343543,15
0.12601223883698587,Very Low,PT Alagoas,0.6880733944954128,0.027677942,4
0.45934479439252296,High,R7 Renda Extra,0.8518518518518519,0.0019555932,1
0.17044765741100387,Low,Lula Presidente do Brasil,0.35135135135135137,0.17631748,27
0.4092718312632829,High,Brasil de Verdade,0.6363636363636364,0.034277402,2
0.08534083455237884,Very Low,Todd Tomorrow,1.0,0.115658075,12
0.5434315236092943,Very High,edita pra mim,0.06306306306306306,0.20172562,88
0.3793929596691277,High,Verdade sem manipulação,0.24,0.07450261,3
0.1440302403127407,Very Low,Professor Maykon Santos,0.673469387755102,0.03781283,3
0.012234571772639646,Very Low,Analfabeto Político,0.3090909090909091,0.50759226,40
0.46913062679195694,High,Direita Conservadora,1.0,0.01834645,4
0.5840087843704433,Very High,🇧🇷 Brasil direita Patriota 🇧🇷,1.0,0.01847211,32
0.598131102002812,Very High,O Vaqueiro Postou,0.963302752293578,0.13908891,3
0.134151452400039,Very Low,Qual destino para o cirismo?,0.9819819819819819,0.025085296,9
0.6335088196920455,Very High,PARANÁ & BRASIL,1.0,0.033334624,7
0.645427284169199,Very High,Top Vídeos,0.8252427184466019,0.039462693,2
0.0516698260875047,Very Low,Ruth Sheherazade,0.45454545454545453,0.6667219,13
0.37238807311337796,High,Madson Henrique,0.981651376146789,0.07845957,9
1.071281909372951,Very High,Direita Caipira,1.0,0.06500591,3
0.3940301882293956,High,Democracia Corinthiana,0.7708333333333334,0.16331999,3
0.8910227103003883,Very High,edita pra mim,0.23076923076923078,0.509388,88
0.0692599762551992,Very Low,Revista Resistência Mulheres e homens pela Democracia e Direitos Humanos,0.3577981651376147,0.3974717,20
0.652108181141439,Very High,Ariosto Holanda,0.981651376146789,0.01834645,1
0.1589599562026739,Very Low,Fora Temer e Cunha na cadeia.,0.9803921568627451,0.011183795,2
0.09280645514476593,Very Low,Pato arrependido,0.6226415094339622,0.007382561,32
0.177093363072167,Low,Estadomiguxos,1.0,0.02402467,1
0.098850350897541,Very Low,Brasil Acima de Tudo Deus Acima de Todos,0.14814814814814814,0.2359567,2
0.2734584029693886,Low,Amauri Teixeira,1.0,0.030977672,14
0.06088524929646516,Very Low,BBC News Brasil,0.9814814814814815,0.00035734737,29
0.24083708500236506,Low,Curitiba Contra o PT,1.0,0.014011159,37
0.27342096660039034,Low,Olaria da depressão,0.26666666666666666,0.10913446,2
0.24746217512274993,Low,Jornalismo em Pauta,0.6116504854368932,0.045625936,1
0.4710979332150578,High,Camilo,1.0,0.000025647529,6
0.25097166324560793,Low,Comandante Viegas,0.9019607843137255,0.009110395,1
0.05628098420392458,Very Low,Bebel Dimas,1.0,0.004680858,5
0.08941809965562958,Very Low,RESISTÊNCIA - ⭐️,1.0,0.06817148,7
0.19752010229073816,Low,Ozomexplicanista,1.0,0.17631748,7
0.3511347978007107,High,Direita Pinda,1.0,0.024731753,3
0.0744064370421268,Very Low,Juntos com Márcio França,1.0,0.0466155,1
0.8782952272646691,Very High,PS4 Brasil,0.9069767441860465,0.6667219,25
0.247664227655493,Low,🇧🇷 FECHADO COM O POVO PELO BEM DO BRASIL 2023 🇧🇷,0.944954128440367,0.21241048,12
0.3677209377500149,High,Brasil de verdade,1.0,0.0143253105,8
0.43570539611067133,High,Flavio Gomes,0.9245283018867925,0.37073207,2
0.0516007626437045,Very Low,Igreja de Santa Cher na Terra,0.1588785046728972,0.20195828,5
0.8606888863347777,Very High,iG,0.9120879120879121,0.000020616195,41
0.383635663704606,High,Todos pela Constituição,0.9238095238095239,0.0969861,1
0.31802451457732384,High,Perolas dos Coxinhas,0.08411214953271028,0.040925518,244
0.7363813977348797,Very High,Direita Democrática Brasileira,0.5925925925925926,0.1798404,6
0.17187034364606302,Low,Bordalo,0.78,0.20839658,7
0.2637230360968297,Low,Analfabeto Político,0.6122448979591837,0.11388343,40
0.6458219768368012,Very High,Diretas Sempre,0.8313253012048193,0.015833238,2
0.17371447471777013,Low,Mulheres Com Rogério,1.0,0.01024134,7
1.0606051242359562,Very High,Grupo do Movimento Brasil à Direita,0.08045977011494253,0.067380086,88
0.315765970074297,High,Reginaldo Lopes,0.7757009345794392,0.031449065,7
0.26958498815535825,Low,Poder360,0.9518072289156626,0.00014922197,51
0.5054461703387156,Very High,URSAL,0.1827956989247312,0.19694418,10
0.8981838832210955,Very High,Anderson Oliveira,0.6565656565656566,0.4269174,4
0.623707166195474,Very High,Contraposição,0.9578947368421052,0.2412222,1
0.2665652057362954,Low,Fortaleza Ceará,0.956989247311828,0.020607091,9
0.9189827071490548,Very High,Perolas dos Coxinhas,1.0,0.029327808,244
0.17390795042679613,Low,GRUPO OLAVO DE CARVALHO,1.0,0.3281604,123
0.1987580469211575,Low,Mariachi,0.22,0.06025757,14
0.39479584098728226,High,edita pra mim,0.9065420560747663,0.03357032,88
0.23163886252346666,Low,Ultras Resistência Coral,1.0,0.005874634,2
0.39701763153522396,High,Unidos por Lula,0.12087912087912088,0.026499467,3
0.5813529712796761,Very High,Contra tudo que representa a Escravidão,1.0,0.0062516155,10
0.06656553499999163,Very Low,Pig Golpista,1.0,0.13388206,37
0.3867809907773092,High,"Industrialização, Tecnologia e Emprego",0.5094339622641509,0.01859777,15
0.2656997344001668,Low,União das Esquerdas,0.9065420560747663,0.3140926,85
0.10452516083515762,Very Low,INTERVENÇÃO MILITAR CONSTITUCIONAL  JÁ !,0.9047619047619048,0.1269396,19
0.21739952715988986,Low,União das Esquerdas,0.46808510638297873,0.112436704,85
0.16522939559163285,Low,Todd Tomorrow,0.08571428571428572,0.18459146,12
0.41802731439796403,High,Contra tudo que representa a Escravidão,0.2,0.22846605,10
0.45228425622922536,High,Sergio Moro 🇧🇷,0.29411764705882354,0.23667802,27
0.3372131466725613,High,A Gazeta Petista,0.42857142857142855,0.6426206,152
0.42158123194458647,High,LULA PELA DEMOCRACIA,1.0,0.022021262,34
0.2168449887725431,Low,Mulheres Com Rogério,1.0,0.014073989,7
0.4211673502421279,High,Blog do Zé Dirceu,1.0,0.0466155,1
0.20787864353783825,Low,Babá,0.19230769230769232,0.27236435,6
0.9912051358822707,Very High,Bolsonaro Opressor 2022,0.352112676056338,0.16331999,41
0.3612678221112902,High,🇧🇷🇧🇷🇧🇷#INTERVENÇÃOMILITAR🇧🇷🇧🇷🇧🇷  🌟🌟🌟#INTERVENÇÃOMILITAR🌟🌟,1.0,0.015958898,11
0.6169353874476349,Very High,Perolas dos Coxinhas,0.5625,0.36095104,244
0.5507448568792619,Very High,Pavinatto,0.9178082191780822,0.12520397,1
0.207467931822175,Low,Voltemos à Direita,1.0,0.008482091,1
0.9106971650367841,Very High,Pato arrependido,0.8333333333333334,0.60311776,32
0.24926824002054312,Low,Todd Tomorrow,0.06521739130434782,0.034748793,12
0.5237676591041334,Very High,Ele Não,0.0392156862745098,0.19409354,20
0.6820664750519695,Very High,Bolsonaro Presidente do Brasil,0.9761904761904762,0.07371122,9
0.5650702619139472,Very High,Pato arrependido,0.45263157894736844,0.0026074578,32
0.5981310186694786,Very High,Cotidiano Cristão,0.979381443298969,0.32919475,3
0.08587038043278716,Very Low,Professora Josete,0.36538461538461536,0.00007853789,4
0.4403157445542181,High,Ilha do Marajó,0.9245283018867925,0.4269174,9
0.13016807874824832,Very Low,Bolsonaro: aqui não,0.9139784946236559,0.011937759,18
0.4171639533106298,High,"Todos contra a ""globo"" e todos a favor do Lula.",0.4146341463414634,0.37751234,117
0.2908855233555748,Low,Perolas dos Coxinhas,1.0,0.0023247213,244
0.164678260740861,Low,United Against Racism,0.7755102040816326,0.38601747,1
1.0666776324454585,Very High,Direita 22,0.40476190476190477,0.54325575,7
0.623707916195474,Very High,Pizza Política,0.8969072164948454,0.4014846,4
0.14057434522128764,Very Low,Afrocentricidade Internacional - Divisão Brasil,0.3253012048192771,0.17111848,2
0.3541832380899095,High,Seja Subversivo,1.0,0.06896287,14
0.238612252512676,Low,Mulheres à favor de Bolsonaro,1.0,0.011623607,2
0.17373114804048895,Low,Coxinha,1.0,0.008544922,2
0.7691850865456695,Very High,Acontecimentos Alvorada ✅,1.0,0.11129999,21
0.6012647758419969,Very High,BRASIL COM  BOLSONARO E ALANA PASSOS.(OFICIAL),1.0,0.0076652975,2
0.9828799399258568,Very High,"Todos contra a ""globo"" e todos a favor do Lula.",0.5714285714285714,0.00003313317,117
0.09131102083991627,Very Low,Grupo do Movimento Brasil à Direita,1.0,0.36095104,88
0.08656510610783762,Very Low,UOL,0.746031746031746,0.013948329,263
0.005767215336465292,Very Low,Rede da Direita Nacional,1.0,0.032156147,8
0.1599998464000053,Very Low,PSOL Carioca,1.0,0.104361884,7
0.1865651061078376,Low,UOL,0.9333333333333333,0.027206551,263
0.04116237454168059,Very Low,Aladilce,1.0,0.39441586,6
0.22748940431482,Low,Movimento Revolucionário Socialista,0.5319148936170213,0.37751234,1
0.6897667883314079,Very High,Direita Petrolina-GO,1.0,0.008356431,2
0.39409218685593794,High,Nelsinho Metalúrgico,0.5903614457831325,0.01218908,2
0.1581461859442369,Very Low,Brasil Melhor,0.92,0.004460952,10
0.4010263708362953,High,Gaúchos da resistência.,0.8461538461538461,0.022374803,66
0.652108181141439,Very High,Nintendo Switch Brasil,0.9583333333333334,0.36456755,1
0.10529496585669285,Very Low,Irmãos Moura Brasil,1.0,0.017341165,11
0.03599722998599658,Very Low,Bolsonaro Presidente do Brasil,0.4626865671641791,0.02826718,9
0.6169353874476349,Very High,Perolas dos Coxinhas,0.6,0.39231625,244
0.28456214868650764,Low,À Esquerda,0.13131313131313133,0.00016198438,11
0.3231610988925313,High,A Gazeta Petista,0.030927835051546393,0.47173777,152
0.5981308520028119,Very High,Reacionário Bolsonaro,1.0,0.32919475,2
0.038792890114946244,Very Low,Kerexu,0.7419354838709677,0.104795754,4
0.4651885114346683,High,edita pra mim,1.0,0.010618322,88
0.29874948910003335,Low,Classe Média Sem Babaquice,1.0,0.37751234,4
0.461609587120791,High,Rete Solidarietà Rivoluzione Bolivariana,0.9019607843137255,0.059727192,4
0.7165667296987301,Very High,GRUPO OLAVO DE CARVALHO,1.0,0.01834645,123
0.48589516565175705,High,Direitos Urbanos | Recife,1.0,0.040925518,6
0.154354492893677,Very Low,Humor Nivel Hard,0.8536585365853658,0.012000589,1
0.7861234771158039,Very High,Perolas dos Coxinhas,0.7821782178217822,0.04711028,244
0.7070330493004843,Very High,A Gazeta Petista,0.4897959183673469,0.16043124,152
0.3197317909698022,High,"Na dúvida, siga à esquerda",0.45652173913043476,0.3389984,31
0.3493304720517557,High,Gary Smith,1.0,0.012126249,3
0.11977609075306889,Very Low,Padre Fábio de Melo,0.9764705882352941,0.119997114,15
0.3700498822187153,High,A Gazeta Petista,0.7454545454545455,0.50789946,152
0.15326919573505593,Very Low,LGBT Brasil  ( perfil 2 ),0.4375,0.47886392,41
0.5177449795982121,Very High,Porto Alegre da contramão,0.76,0.3260917,4
0.42762853090432595,High,Direita Paraibana,1.0,0.057005897,2
0.08532102050912727,Very Low,Luciane Carminatti,0.3465346534653465,0.0154562555,3
0.07545478780474602,Very Low,Leoni Oficial,0.31313131313131315,0.39021665,19
0.010931119412412094,Very Low,A Privataria Tucana,0.3263157894736842,0.045873325,56
0.165418535188105,Low,Direita Limoeiro-PE,1.0,0.059479803,2
0.27569828565551846,Low,#A GAZETA ESQUERDISTA CONTRA O COISO,1.0,0.02343543,108
0.3816631750145568,High,Perolas dos Coxinhas,1.0,0.024260364,244
0.19480441875523014,Low,A Privataria Tucana,0.6705882352941176,0.021432023,56
0.0337244098048457,Very Low,Gaúchos da resistência.,0.4,0.04067813,66
0.700116302298859,Very High,Deputado Federal Ságuas Moraes,0.8736842105263158,0.055521555,4
0.3237081253621411,High,ALIANÇA PELO BRASIL,0.8876404494382022,0.60311776,14
0.27071293396674534,Low,Sergio Moro 🇧🇷,0.28888888888888886,0.65996873,27
0.6174996400000959,Very High,Professor Lino Peres,1.0,0.0414203,3
0.46689758469867243,High,BOLSONARO O MELHOR PRESIDENTE,1.0,0.36456755,67
0.560866462372525,Very High,Caixa Zero,0.2127659574468085,0.0008442823,1
0.042392834096216414,Very Low,Ciro Gomes do Brasil,0.9791666666666666,0.44039994,13
0.2273980784152415,Low,#A GAZETA ESQUERDISTA CONTRA O COISO,0.35555555555555557,0.07054565,108
0.3390800935836372,High,No Caminho Da Resistência,0.7755102040816326,0.39842087,13
0.3008792253151019,Low,Boatos.org,0.9142857142857143,0.042657252,1
0.5782886559452328,Very High,Fato ou Fake,1.0,0.025674535,9
0.49320194054936806,High,Policiais Antifascismo,0.3978494623655914,0.11057663,6
0.47075283377072763,High,PT Londrina,1.0,0.025910228,3
0.5405079351932516,Very High,Movimento Voto Nulo,0.9166666666666666,0.07845957,10
0.19437693842996934,Low,Classe Média Sem Babaquice,0.050505050505050504,0.18459146,4
0.6915180901994291,Very High,Direita Calibrada,0.6521739130434783,0.20172562,4
0.2903743884177703,Low,Avante Brasil Ordem e Progressos,0.8901098901098901,0.22445217,2
0.8200406689285274,Very High,OneL13,0.7349397590361446,0.15048122,26
0.5345814239785621,Very High,ALIANÇA PELO BRASIL,0.9148936170212766,0.45243698,14
0.07434204507998143,Very Low,Nordeste de Direita,0.9692307692307692,0.1537979,7
0.11264817459045529,Very Low,Rosane Bezerra,0.9789473684210527,0.3308965,2
1.3456792253710628,Very High,Lula Presidente do Brasil,0.6666666666666666,0.16098402,27
0.25097166324560793,Low,Locomotiva MORO Presidente,0.978021978021978,0.15435068,1
0.19480441875523014,Low,A Privataria Tucana,0.7142857142857143,0.09112182,56
0.75006087634216,Very High,"Todos contra a ""globo"" e todos a favor do Lula.",1.0,0.32919475,117
0.24501785108581742,Low,Pensadores livres,0.8518518518518519,0.33587718,7
0.4014616548872342,High,FORA BOLSONARO!!,0.14285714285714285,0.49139655,48
0.19859991862961723,Low,Piraí fala aí....,0.9642857142857143,0.00006013057,14
0.2143226142756769,Low,LGBT Brasil  ( perfil 2 ),0.10204081632653061,0.015330595,41
0.6161016076632649,Very High,PT Paulista,0.8163265306122449,0.30514878,16
0.2462400697436654,Low,Esquerda Arretada - o retorno.,1.0,0.37073207,8
0.391779274775757,High,Henry Bugalho,1.0,0.20009702,3
0.04086095743598683,Very Low,Margarida Salomão,1.0,0.009298885,17
0.35356975476846,High,Os Crentis,0.6,0.10566349,2
0.3258073269283841,High,Conservadores de Direita Tradicionais,0.45263157894736844,0.08716487,25
0.2102190541797866,Low,Menes de Esquerda,0.3111111111111111,0.11347008,3
0.6381837012347813,Very High,PINDA CIDADÃ. Mobilização JÁ!!!!,0.9764705882352941,0.1641865,8
0.2159770533195458,Low,BOLSONARO O MELHOR PRESIDENTE,1.0,0.048594624,67
0.27538069108338914,Low,FORA BOLSONARO!!,0.0,0.11223003,48
0.5221817141579488,Very High,Bolsonaro: aqui não,0.5714285714285714,0.006188785,18
0.6677210751892262,Very High,A Privataria Tucana,0.6222222222222222,0.00719407,56
0.23163856622723622,Low,O Brasil não é um País Sério,0.9764705882352941,0.011812098,6
0.22748940431482,Low,Airton Amaral,0.625,0.15269235,1
0.1609677684358899,Low,Petistas  na Luta,1.0,0.03545588,2
0.311907736783528,Low,Samuel Gomes,1.0,0.0969861,1
0.01120717780171232,Very Low,ZonaCurva,0.6494845360824743,0.032391842,3
0.6785457508007999,Very High,Quem tem medo da História?,0.5106382978723404,0.08953904,1
0.2671082033295591,Low,Brazuca Wars,0.7938144329896907,0.035220183,5
0.03694972639675942,Very Low,Comunidade Socialista Brasileira,0.7530864197530864,0.021432023,6
0.4697557339123376,High,Lula Eu Confio,0.6703296703296703,0.11357342,3
0.8741341540444714,Very High,Ultras Resistência Coral,0.4782608695652174,0.32074678,2
0.17522838297656795,Low,Eliomar Coelho,0.1276595744680851,0.10089093,4
0.20726568509695298,Low,Washington Quaquá,0.9047619047619048,0.18269104,1
0.13820166438497095,Very Low,Anticorrupção,1.0,0.0046180277,5
0.42921210466520937,High,UJS - União da Juventude Socialista,1.0,0.1893425,6
0.45951531125631895,High,Brasil de verdade,1.0,0.009675868,8
0.2515905633759171,Low,FORA BOLSONARO!!,1.0,0.031684756,48
0.27220186223018095,Low,LGBT Brasil  ( perfil 2 ),0.3473684210526316,0.040925518,41
0.19239261284622666,Low,Política com P Maiúsculo,1.0,0.009487377,3
0.04746296178942022,Very Low,Haddad Presidente,0.38461538461538464,0.11119666,4
0.749027336754392,Very High,Lauro Belchior - Não Cruze os Braços,0.7411764705882353,0.11202335,3
0.04244978377077646,Very Low,Patriotas Brasil,1.0,0.15048122,20
0.251233597089757,Low,"UNIDOS NA ""RESISTÊNCIA"" SEMPRE - ⭐️",0.20833333333333334,0.51869136,19
0.22774785758371707,Low,VICE Brasil,0.9574468085106383,0.027677942,3
0.2855604270760388,Low,UFG,0.9767441860465116,0.04735767,20
0.2855604270760388,Low,UFG,0.9318181818181818,0.021196328,20
0.2432739934902871,Low,GRUPO OLAVO DE CARVALHO,1.0,0.08874765,123
0.5971171621205834,Very High,PT e Lula Sempre! Fora Bozonaro!,1.0,0.1693855,8
0.276831446143933,Low,Movimento Brasil pelas Florestas,1.0,0.067380086,1
0.2744519910522304,Low,BLOQUEIE A GLOBO VOCÊ TAMBÉM!,1.0,0.00002503395,69
0.16272674980593216,Low,"Na dúvida, siga à esquerda",0.6210526315789474,0.165053,31
0.0513427804991643,Very Low,Analfabeto Político,0.09473684210526316,0.39915034,40
0.1016946652542371,Very Low,PT RN,1.0,0.016712861,3
0.644974721282085,Very High,Pato na Panela,1.0,0.03639866,1
0.3763831005573214,High,MULHERES COM BOLSONARO ALIANÇA PELO BRASIL [OFICIAL],0.9789473684210527,0.032391842,44
0.3404674187864391,High,Mário Magalhães,0.9368421052631579,0.017718147,3
0.465262924108032,High,RAFAEL GALVÃO,0.5531914893617021,0.52139956,2
0.238612252512676,Low,Patriotas Aliados - Uruguaiana-RS,1.0,0.012566062,1
0.5107970443267313,Very High,Vigilantes do Pará,1.0,0.028974265,2
0.08802241106889541,Very Low,MULHERES COM BOLSONARO ALIANÇA PELO BRASIL [OFICIAL],0.05128205128205128,0.07212844,44
0.07817272849424917,Very Low,Perolas dos Coxinhas,1.0,0.4398409,244
0.33906739947434383,High,The Intercept glenn greenwald vazajato,0.5483870967741935,0.30716252,31
0.20732392785964893,Low,Edna Sampaio,0.978494623655914,0.1100022,2
0.5012476870341913,Very High,Revenda CAC,1.0,0.0126288915,2
0.03638264506360739,Very Low,Ciro Gomes Zueiro [Grupo],0.9574468085106383,0.52007306,6
0.10460619784245584,Very Low,VITÓRIA NA GUERRA BRASIL PEGA FOGO!,0.8160919540229885,0.47886392,32
0.2135606039302873,Low,A Gazeta Petista,0.8734177215189873,0.28857216,152
0.018959389430688645,Very Low,Casas de Cultura - UFC,0.6923076923076923,0.21776234,8
0.5865783499454278,Very High,"Todos contra a ""globo"" e todos a favor do Lula.",0.9340659340659341,0.19599396,117
0.18007927015782133,Low,Icó é Notícia,1.0,0.017089844,2
0.449139316903545,High,Informe RJO,1.0,0.019854378,7
0.6433019584631545,Very High,O ponto de vista da classe trabalhadora,0.8863636363636364,0.11202335,4
0.0248516457549662,Very Low,BRASIL ACIMA DE TUDO (OFICIAL) 🇧🇷,0.5348837209302325,0.35186127,1
0.37361594113826185,High,Trabalho Sujo,1.0,0.029563503,4
0.27505705303498734,Low,🇧🇷 Brasil direita Patriota 🇧🇷,1.0,0.45703048,32
0.15776555219899135,Very Low,À Esquerda,0.6989247311827957,0.08320791,11
0.5633555864520816,Very High,Lula Eu Confio,0.978494623655914,0.0066600125,3
0.018595683422407694,Very Low,Ferréz Escritor,0.9120879120879121,0.25462922,2
0.44001191037130594,High,Frente Favela Brasil,0.7659574468085106,0.044636376,1
0.2783376616920189,Low,Mariana Conti,0.5632183908045977,0.091913216,5
0.22378177356748274,Low,ETERNAMENTE LULA,1.0,0.1893425,11
0.4671000925123881,High,Pato arrependido,0.8554216867469879,0.25462922,32
0.510987197427674,Very High,MBL - Movimento Brasil Livre Indaiatuba,1.0,0.005434822,1
0.4605311476059776,High,INTERVENÇÃO MILITAR CONSTITUCIONAL  JÁ !,1.0,0.044883765,19
0.6315710410124917,Very High,A Politizadora,0.5918367346938775,0.4013387,3
0.09696201919395714,Very Low,BBC News Brasil,0.9512195121951219,0.015079274,29
0.5542313544484313,Very High,Tamara Naiz,0.5476190476190477,0.04290464,2
0.0015550802333659242,Very Low,Pato arrependido,0.26666666666666666,0.07687678,32
1.0136876959985963,Very High,Deputado Gurgel,0.7906976744186046,0.16331999,2
0.445821830170227,High,Direita Minas - Sete Lagoas,0.9365079365079365,0.45243698,3
0.25600825064403726,Low,Pensar Ribeirão Pires,1.0,0.05750068,12
0.449418034855634,High,Notícias Atualisadas de Itajubá/MG e do Sul De MG - O_f_i_c_i_a_L,0.9666666666666667,0.030388435,4
0.459421578624137,High,Ronald Reagan Realista,0.8,0.38601747,1
0.46065268141768584,High,Perolas dos Coxinhas,0.21739130434782608,0.12086493,244
0.05212268172514478,Very Low,Perolas dos Coxinhas,1.0,0.11192002,244
0.3553439812752738,High,"Todos contra a ""globo"" e todos a favor do Lula.",0.9753086419753086,0.006754258,117
0.623707916195474,Very High,Pátria Amada Brasil,0.7037037037037037,0.30716252,2
0.807467571822271,Very High,Comuna Rubro-Negra,0.044444444444444446,0.021432023,3
0.6228748221390583,Very High,Blog do Tom Ferreira,1.0,0.051810697,15
0.4470080470085469,High,UerjResiste,0.7857142857142857,0.09394901,2
0.11487994755342834,Very Low,GRUPO DE APOIO À OPERAÇÃO LAVA JATO - JUIZ SÉRGIO MORO,1.0,0.031684756,57
0.9041341414925413,Very High,LULA LÁ BRILHA UMA ESTRELA,0.6119402985074627,0.37751234,95
0.454551350540747,High,Café da Madrugada,0.9777777777777777,0.015330595,9
0.06686506664662484,Very Low,Sebastião Donizete Santarosa,1.0,0.5721988,12
0.2103208369153835,Low,Atlas Político,0.10344827586206896,0.0005301307,10
0.6663872413644628,Very High,Sul Vinte Um,0.1724137931034483,0.010618322,2
0.5145452268563606,Very High,Paulo Teixeira,0.4725274725274725,0.36095104,7
0.20871168237272952,Low,A Nova Revolução,1.0,0.07212844,7
0.15796454602812093,Very Low,Haddad Arretado,1.0,0.22579013,1
0.37522770297652,High,Fumaça,0.13333333333333333,0.15822013,1
0.04189514742098288,Very Low,CWB Resiste,0.18681318681318682,0.15324512,4
0.2999997500000001,Low,Replicante Seletivo,0.16853932584269662,0.33338684,4
0.4021088998914507,High,Política com P Maiúsculo,1.0,0.02035702,3
0.1596251082829636,Very Low,Pig Golpista,0.5164835164835165,0.1537979,37
0.08723713523988685,Very Low,GRUPO OLAVO DE CARVALHO,0.8620689655172413,0.47886392,123
0.38643236108310197,High,Valkirias,1.0,0.07291982,1
0.09311160380422373,Very Low,iG,0.8241758241758241,0.011686437,41
0.3506552657035068,High,A Nossa Bandeira Jamais Será Vermelha,1.0,0.009675868,13
0.22932314780101998,Low,Patriotas Pelo Brasil,0.96,0.015958898,5
0.492456015800946,High,PT Nova Iguaçu,1.0,0.000031660584,1
0.455371910178963,High,BLOG DA DILMA PT,1.0,0.008105109,24
0.4650340056293686,High,UOL,0.8604651162790697,0.026263772,263
0.07634074999878482,Very Low,Minas contra Bolsonaro,1.0,0.034984488,7
0.06518110703772828,Very Low,Gestão Pública em FOCO -  Em Apoio ao ex Juiz MORO  e Livres de Corrupção,1.0,0.02873857,4
0.007266578430287218,Very Low,Renato Simões,0.8390804597701149,0.18269104,8
0.7219935209576026,Very High,País Rico É País Sem PT,0.8441558441558441,0.2524482,4
0.38276850475524965,High,Movimento Brasil Livre - Brasília,1.0,0.022846194,8
0.3442266349196093,High,Entendeu? Ou quer que desenhe?,1.0,0.014513801,2
0.3242905730227814,High,Pensadores livres,0.9534883720930233,0.043646812,7
1.4221410197208675,Very High,BLOQUEIE A GLOBO VOCÊ TAMBÉM!,0.5362318840579711,0.024142517,69
0.0029615116555591348,Very Low,União das Esquerdas,1.0,0.20195828,85
0.060759205374464775,Very Low,O Brasil não é um País Sério,0.8082191780821918,0.0003671646,6
0.7266424738143689,Very High,Perolas dos Coxinhas,0.19047619047619047,0.1693855,244
0.5121366196701472,Very High,edita pra mim,1.0,0.0070055793,88
0.24542749814323894,Low,Renata Souza,0.3707865168539326,0.32182294,1
0.43309853854018604,High,Musas Lulettes e Fidelettes,0.4444444444444444,0.2854869,5
0.10865305238735334,Very Low,Vascomunistas,0.3111111111111111,0.23343207,2
0.45860175921359647,High,#A GAZETA ESQUERDISTA CONTRA O COISO,0.9545454545454546,0.019603057,108
0.5833742129695568,Very High,Leste Online,0.7931034482758621,0.004523782,2
0.0353209525924687,Very Low,Luiz Fernando Mainardi,0.6404494382022472,0.085582085,4
0.08532102050912727,Very Low,Observatório da Mineração,0.03614457831325301,0.30502358,3
0.23982777802207533,Low,Jorge Solla,0.8,0.60152835,7
0.5109878640943406,Very High,Magé com Bolsonaro,1.0,0.001115238,3
0.35356975476846,High,Bolsonaro é o Brasil,0.2682926829268293,0.27236435,4
0.5263499482893312,Very High,Portal da Educadora,0.5068493150684932,0.0064715217,16
0.2565540838546031,Low,GRUPO OLAVO DE CARVALHO,0.9090909090909091,0.08716487,123
0.38643236108310197,High,Contra a Ditadura do Politicamente Correto,1.0,0.30319387,1
0.006812178235191202,Very Low,Fato ou Fake,0.6862745098039216,0.013571346,9
0.18134450420843867,Low,Vem Pra Rua Brasilia,0.9764705882352941,0.123468354,12
0.3335454041870388,High,Perolas dos Coxinhas,1.0,0.0070369947,244
0.4688369286614983,High,SomostodosBolsonaro,1.0,0.02543884,4
0.31473709435529595,High,Advocacia Altair Campos & Associados,0.875,0.022374803,1
0.6893124577073273,Very High,A Gazeta Petista,0.9764705882352941,0.017969469,152
0.31256682955761433,Low,cochibispo,1.0,0.30539915,2
0.0764758578454382,Very Low,FORA BOLSONARO!!,0.20930232558139536,0.4014846,48
0.17986841525300923,Low,Supremo é o Povo,1.0,0.14950264,8
0.6275138388762808,Very High,Impacto News,0.8636363636363636,0.06579731,2
0.16911157044621833,Low,Direita Jovem Pará,1.0,0.010429831,2
0.49789182499247664,High,Realidade Escrota,0.2987012987012987,0.23451406,3
0.165418535188105,Low,Fã-Clube Paulo Martins,1.0,0.067380086,1
0.10905911631851128,Very Low,Mulher: Mais que um dia,1.0,0.008356431,2
0.30025290958603673,Low,GRUPO DE APOIO AO BRASIL,0.7045454545454546,0.47886392,39
0.749027336754392,Very High,Bolsonaro - o Mito brasileiro,0.8461538461538461,0.14256015,3
0.229488403965585,Low,Alexandra Loras,0.11904761904761904,0.18364124,1
0.008866984625628127,Very Low,BBC News Brasil,0.75,0.008796243,29
0.30415125721262937,Low,UJS - União da Juventude Socialista,1.0,0.17631748,6
0.11918228137458753,Very Low,A Nova Revolução,1.0,0.04240986,7
0.6975126993042952,Very High,Robério Paulino,0.17647058823529413,0.39021665,5
0.46511481260613496,High,Waldenor Pereira,1.0,0.19504376,5
0.1041137135938689,Very Low,Lula Pra Sempre Presidente do Brasil #HaddadManu2018,1.0,0.032627538,13
0.249857627214837,Low,Raquel Gerde,1.0,0.4014846,2
0.16357928840741487,Low,Esquerda Arretada,1.0,0.031449065,14
0.749027336754392,Very High,Resistência 24 Horas,1.0,0.0039897244,3
0.6198027855970039,Very High,Politicamente Incorreto,1.0,0.11316007,5
0.5505817651443661,Very High,Acorda meu povo,0.9183673469387755,0.6020386,4
1.1463644553641839,Very High,Perolas dos Coxinhas,0.47619047619047616,0.050573748,244
0.005911239510657862,Very Low,Treta Festa,1.0,0.01024134,5
0.24391863986058027,Low,Gaúchos da resistência.,1.0,0.00002503395,66
0.0248516457549662,Very Low,Juntos Mudaremos o Brasil!,0.25925925925925924,0.09568449,1
0.48078290859387796,High,O Pior Presidente...,0.5476190476190477,0.10913446,1
0.0009797628566176053,Very Low,Cartazes & Tirinhas LGBT,0.4186046511627907,0.112953395,49
0.31896723492273027,High,Os Trabalhistas,1.0,0.37073207,4
0.02814295521652671,Very Low,Retrogrado Reaça,0.9767441860465116,0.054037213,12
0.4323607082515243,High,#LulaLivre,0.4074074074074074,0.0058118035,22
0.3080381034662824,Low,Fortaleza Ceará,0.6111111111111112,0.102626406,9
0.5297673064932357,Very High,Analfabeto Político,0.5662650602409639,0.05750068,40
0.7840085978857216,Very High,Gary Smith,0.9130434782608695,0.018849092,3
0.20732342785964897,Low,Neusa Lula Cadore,1.0,0.11192002,1
0.107257270398058,Very Low,Mulheres Unidas  A Favor de Bolsonaro,0.12195121951219512,0.009550206,1
0.2471999701922628,Low,Perolas dos Coxinhas,0.35,0.063423134,244
0.038792890114946244,Very Low,Deputado Marcon,0.7777777777777778,0.2412222,4
0.4785465374674703,High,Luciana Santos,0.8072289156626506,0.37751234,4
0.9752444135313694,Very High,RESISTÊNCIA - ⭐️,0.2537313432835821,0.024142517,7
1.3293501601666344,Very High,Grupo do Movimento Brasil à Direita,0.9436619718309859,0.006534352,88
0.35409253325594336,High,PSOL Carioca,0.725,0.051563308,7
0.394091686855938,High,Botafogo Antifascista,1.0,0.37751234,1
0.2690925592517718,Low,Bozonaro,0.49295774647887325,0.024260364,8
0.06051577250581075,Very Low,"Todos contra a ""globo"" e todos a favor do Lula.",1.0,0.011246625,117
0.3177450162648823,High,Deputado Federal Ságuas Moraes,0.8024691358024691,0.52272606,4
0.33194939903755444,High,Atlas Político,1.0,0.000058657984,10
0.0677593049522498,Very Low,Bozonaro,0.3230769230769231,0.13908891,8
0.247920516990912,Low,Amazing Videos & Virals Around the World,0.925,0.059974585,1
0.0451884322297857,Very Low,Ordem Imperial do Brasil,0.6129032258064516,0.3389984,1
0.01610438581292467,Very Low,Bà Lão - Đặc Trị Mụn Thâm Sẹo Rổ Lâu Năm,1.0,0.012691722,5
0.6433725334877862,Very High,Gaúchos da resistência.,0.37349397590361444,0.025674535,66
0.46700898329003,High,Movimento esquerda forte,0.9,0.1460314,3
0.6293854978826225,Very High,Núcleo de Evangélicos e Evangélicas do PT,0.6883116883116883,0.03828422,11
0.177109892926034,Low,Marcha do Orgulho lgbti+ do Porto,0.07142857142857142,0.04834723,1
0.025623186080372173,Very Low,The Intercept glenn greenwald vazajato,0.09523809523809523,0.01633588,31
0.20732409452631562,Low,Trave a Batalha da Comunicação - Democratização da Mídia,1.0,0.03545588,3
0.2187750330973953,Low,PORTAL DO AMAZONAS,0.9310344827586207,0.26104406,16
1.2219860360261006,Very High,Acontecimentos Porto Alegre & Região,0.9493670886075949,0.083999306,41
0.041189122182188065,Very Low,Pepe Vargas,1.0,0.040430736,4
0.605907313144062,Very High,Movimento Fora Bozo,0.3150684931506849,0.0061573703,4
0.9905225498304799,Very High,Todo Mundo Odeia o Bolsonaro,0.21951219512195122,0.7701451,4
0.00010080710219728672,Very Low,UFG,0.7666666666666667,0.45243698,20
0.13642268452962258,Very Low,UFMG,0.8709677419354839,0.5885171,17
0.09280645514476593,Very Low,Pato arrependido,0.7619047619047619,0.024142517,32
0.21465930038373704,Low,Porto Alegre da contramão,0.6486486486486487,0.112953395,4
0.6688368919948281,Very High,Eu amo meu nordeste,0.8271604938271605,0.02402467,3
0.3638989961991328,High,MUD - Movimento de União Pela Democracia,0.7014925373134329,0.015581916,11
0.1990161006221811,Low,Treta Festa,0.2619047619047619,0.025556687,5
0.3193015805395898,High,LULA INOCENTE  NOSSO PRESIDENTE,1.0,0.08953904,59
0.38393091972413185,High,Bolsonaro Opressor 2022,0.5135135135135135,0.6667219,41
0.526018752104808,Very High,Homem De Direita,0.9574468085106383,0.5921536,5
0.29037461063993686,Low,DOA A QUEM DOER,1.0,0.012503231,4
0.0874175008223371,Very Low,Preta Mulazzani,0.9487179487179487,0.022728346,1
0.23725538414805858,Low,Realidade Escrota,0.17333333333333334,0.3266089,3
0.11185597466391362,Very Low,Direita Pará,1.0,0.071337044,5
0.7076974884776488,Very High,Perolas dos Coxinhas,0.5952380952380952,0.00816794,244
0.18734205516124425,Low,A Gazeta Petista,0.9753086419753086,0.23271075,152
0.5599130943582371,Very High,Brazuca Wars,1.0,0.00816794,5
0.4720178239310098,High,Minas contra Bolsonaro,0.8461538461538461,0.21241048,7
0.9807974786421827,Very High,Professor Maykon Santos,0.9473684210526315,0.018095128,3
0.27220186223018095,Low,LGBT Brasil  ( perfil 2 ),0.42168674698795183,0.29039988,41
0.165418535188105,Low,Ceará é Bolsonaro Presidente,1.0,0.021196328,4
0.43197103336432924,High,Plantão Angra,1.0,0.0137598375,4
0.5559382951851317,Very High,iG,0.7611940298507462,0.029799197,41
0.24746284178941658,Low,Menes de Esquerda,0.5180722891566265,0.01024134,3
0.4967054619610934,High,APOIO A VOLTA DO LULA,0.7454545454545455,0.37751234,26
0.378958491830685,High,Bi Curiosidades LGBTQ +,0.5,0.02308189,1
1.0606051242359562,Very High,Grupo do Movimento Brasil à Direita,0.4909090909090909,0.102626406,88
0.19133847866321665,Low,Ação Corrente do Bem,0.6,0.024260364,4
0.9973451175495165,Very High,Bolsonaro Herói Nacional,0.6578947368421053,0.60152835,28
0.5724635975767575,Very High,Patriotas Brasil,0.375,0.28312725,20
0.25167594747774125,Low,Índia Capitalista,0.9523809523809523,0.01218908,4
0.3200040792267933,High,Todo dia um lembrete de que avisamos que ia dar merda eleger o Bolsonaro,0.7837837837837838,0.07845957,2
0.4211678502421279,High,Petista pelo Mundo,1.0,0.17025198,2
0.26683127595699996,Low,Fernando Mineiro,0.7804878048780488,0.029445656,1
0.1252284217265317,Very Low,Luciane Carminatti,0.3493975903614458,0.077668175,3
0.530291623270572,Very High,Informe RJO,0.9512195121951219,0.08004235,7
0.40943482937754233,High,Teísta Respeitado 2.0,1.0,0.115658075,2
0.39813113866948224,High,Brasil dos Memes,1.0,0.13908891,3
0.401868647997188,High,Ceará é Bolsonaro Presidente,1.0,0.29953843,4
0.15453407963470134,Very Low,JAIR MESSIAS BOLSONARO ALIANÇA PELO BRASIL [OFICIAL],1.0,0.051563308,11
0.03703292713902562,Very Low,VIVA SANTO ANDRE,1.0,0.01608456,10
0.027456784111162813,Very Low,Perolas dos Coxinhas,1.0,0.083999306,244
0.36477552323751394,High,Contraponto,1.0,0.004429537,1
1.487518583590437,Very High,"UNIDOS NA ""RESISTÊNCIA"" SEMPRE - ⭐️",0.26153846153846155,0.024142517,19
0.03492165491912269,Very Low,Grupo do Movimento Brasil à Direita,0.9259259259259259,0.007790958,88
0.449254143120738,High,PSTAL - Partido Stalinismo e Liberdade,0.84,0.33504707,5
0.040012550371401945,Very Low,Brizola Pistola,0.7804878048780488,0.035691574,3
0.04537057866186578,Very Low,"Todos contra a ""globo"" e todos a favor do Lula.",1.0,0.032156147,117
0.4540495889037891,High,A Privataria Tucana,0.6986301369863014,0.15158679,56
0.006006363062713738,Very Low,"Todos contra a ""globo"" e todos a favor do Lula.",1.0,0.08716487,117
0.05739537883699708,Very Low,Questione,0.6944444444444444,0.03192045,6
0.37522770297652,High,Renan Inquérito,0.7297297297297297,0.17198499,1
0.3752283696431866,High,SOS Racismo,0.48148148148148145,0.25462922,3
0.22736368128495255,Low,Nova São Paulo,0.6712328767123288,0.3389984,5
0.584926754642281,Very High,RUA - Juventude Anticapitalista,0.9753086419753086,0.009550206,2
0.29070042894799575,Low,Poder360,0.3103448275862069,0.0021362305,51
0.44998673844920634,High,Meu País se chama Pará!,0.9746835443037974,0.028974265,5
0.11637918032892958,Very Low,Velório da Direita 2.0,0.8378378378378378,0.51980776,5
0.6319702466976589,Very High,Balanço Brasil news,0.9393939393939394,0.09872158,1
0.26186081117056426,Low,A Gazeta Petista,1.0,0.024731753,152
0.1959818820556597,Low,Guaruja-Urgente,1.0,0.013257195,12
0.38643236108310197,High,DLX Preparatório Militar,1.0,0.00065971824,1
0.13562089644478592,Very Low,Grupo Esquerda do Brasil,1.0,0.20195828,26
0.7350355645950348,Very High,"Todos contra a ""globo"" e todos a favor do Lula.",0.125,0.04166769,117
0.6688368086614946,Very High,Jesus Cristo eu te amo,0.9487179487179487,0.02402467,3
0.102156524154882,Very Low,Rede Ciro,0.6875,0.016838523,3
0.102156524154882,Very Low,Brasil Independente - BRI,0.6428571428571429,0.016838523,1
0.18654295648706332,Low,Retrogrado Reaça,1.0,0.09525062,12
0.48078290859387796,High,Antialienação Global,0.625,0.10956833,1
0.22948907063225166,Low,Cirão Paraibano,0.5443037974683544,0.37795907,3
0.212636246412771,Low,NERD ATEU,0.5789473684210527,0.2922276,1
0.31844786529087915,High,PÁTRIA AMADA,0.4,0.2854869,8
0.39813113866948224,High,Plantão Angra,1.0,0.009990019,4
0.09454037803319726,Very Low,Babá,0.6052631578947368,0.31132057,6
0.08392297016970957,Very Low,Bolsonaro Presidente do Brasil,0.24444444444444444,0.3140926,9
0.027037396175470296,Very Low,edita pra mim,0.7530864197530864,0.004869349,88
0.13475538104363793,Very Low,KP_News Notícias,0.9493670886075949,0.0076338826,6
0.0556550899192148,Very Low,Direita Elegante,0.7297297297297297,0.45703048,2
0.05166961515001567,Very Low,Cassação do Renan Calheiros,0.34782608695652173,0.005434822,3
0.4924567658009461,High,Henrique Domingues,1.0,0.0076652975,4
0.4164851216847536,High,"ST, SGTS, CABOS  E  SOLDADOS  DO  BRASIL",0.9746835443037974,0.09915545,17
1.2232479284981195,Very High,Nordeste de Direita,0.2727272727272727,0.11347008,7
0.02345637281674373,Very Low,Analfabeto Político,0.25,0.00034360326,40
0.2494021952957579,Low,Lula Presidente do Brasil,0.9736842105263158,0.034748793,27
0.608219725224243,Very High,Abominável Homem Desértico,1.0,0.09655223,1
0.8628437315609643,Very High,Mulher: Mais que um dia,1.0,0.37751234,2
0.5351780907689789,Very High,"Deus, Pátria, Família e Liberdade",1.0,0.029799197,1
0.10494713661552862,Very Low,Sergio Moro 🇧🇷,1.0,0.33255672,27
0.42775694395374936,High,À Esquerda,0.6521739130434783,0.02638162,11
0.598130352002812,Very High,Bolso News,0.972972972972973,0.32919475,1
0.16096801843589004,Low,Zé Raimundo,1.0,0.07450261,4
0.40312331120555833,High,PMERJ NEWS,0.922077922077922,0.11479026,7
1.055922395883794,Very High,Sebastião Donizete Santarosa,0.5737704918032787,0.17198499,12
0.0857817152964036,Very Low,Unidos por Ciro Gomes Presidente do Brasil em 2022,0.9523809523809523,0.010304171,12
0.640519325166172,Very High,Secretaria  Nacional de Direitos Humanos do PT,0.06329113924050633,0.000014357707,1
0.26685326830313566,Low,Direita 22,1.0,0.0070684096,7
0.276831446143933,Low,CBN Amazônia Manaus,0.9565217391304348,0.00064008374,1
0.01320526950897466,Very Low,Bolsonarianos 3.0 🔰 •[PSL17]•,1.0,0.0051835002,6
0.5751479942451297,Very High,Apoiamos Rafael ZUCCO com Bolsonaro Presidente e Tarcísio Governador. 🇧🇷,1.0,0.27750343,3
0.513409217926939,Very High,Musas Lulettes e Fidelettes,0.7297297297297297,0.025085296,5
0.038761370019380625,Very Low,Direita Rio,1.0,0.4014846,6
0.263662877463479,Low,Bravo,0.9240506329113924,0.026263772,1
0.020799334483897924,Very Low,GRUPO DE APOIO AO  GOVERNO DO BOLSONARO PRESIDENTE DO BRASIL,1.0,0.08083374,54
0.385998382014368,High,Informe RJO,1.0,0.03062413,7
0.17765471594620075,Low,Diário Conservador,1.0,0.00001889818,6
0.5941305408544467,Very High,EmTransito,0.2564102564102564,0.0045551974,2
0.7901577763527198,Very High,BLOQUEIE A GLOBO VOCÊ TAMBÉM!,0.2631578947368421,0.5885171,69
0.5942819647775395,Very High,Pensadores livres,0.6417910447761194,0.09828771,7
0.0718154877368875,Very Low,Fiscalizando e Cobrando Políticos,1.0,0.4014846,9
0.5993302533017439,Very High,Bolsonaro Alagoas,1.0,0.013948329,2
0.03492165491912269,Very Low,Grupo do Movimento Brasil à Direita,0.6623376623376623,0.044883765,88
0.0807963348449735,Very Low,Alexandre Costa,0.3333333333333333,0.3308965,5
1.3293501601666344,Very High,Grupo do Movimento Brasil à Direita,0.375,0.47119883,88
0.605907313144062,Very High,A Hora da Verdade,0.2753623188405797,0.02107848,2
0.3178496427448197,High,PT AVARÉ,1.0,0.009550206,3
0.7072218494621472,Very High,A Privataria Tucana,0.41025641025641024,0.31963667,56
0.29848290494750784,Low,ÉTICA na POLÍTICA @ COMPETÊNCIA e HONESTIDADE,1.0,0.26104406,9
0.009380317071651323,Very Low,A Gazeta Petista,0.012658227848101266,0.11305673,152
0.4399788279899923,High,BBC News Brasil,0.8933333333333333,0.020842785,29
0.21779056716143097,Low,Bordalo,0.6363636363636364,0.37795907,7
0.4807835752605446,High,Metanoia,0.5584415584415584,0.18459146,3
0.07386698585736379,Very Low,BOLSONARO O MELHOR PRESIDENTE,1.0,0.52139956,67
0.036782269649345056,Very Low,Pato arrependido,0.868421052631579,0.033334624,32
0.07832989104535382,Very Low,UTI da imprensa,0.36363636363636365,0.28547668,7
0.05978648693812938,Very Low,Gotas de Otimismo e Informação,0.7377049180327869,0.028385026,13
0.6609763121410928,Very High,Analfabeto Político,0.5714285714285714,0.017969469,40
0.05347819446056978,Very Low,Presidente Lula,1.0,0.14256015,11
0.20732434452631576,Low,PT - Minaçu - Goiás,0.974025974025974,0.07371122,8
0.23335330138658517,Low,Eu voto Haddad e Lula me pergunte por quê,0.9743589743589743,0.27236435,17
0.03500129933825136,Very Low,MULHERES COM BOLSONARO ALIANÇA PELO BRASIL [OFICIAL],1.0,0.01218908,44
0.3864330277497686,High,Movimento Direita Hortolandia SP,1.0,0.47772613,3
0.9013115929836174,Very High,Sergio Moro 🇧🇷,0.9655172413793104,0.026617315,27
0.18719609813103077,Low,UFG,0.9,0.3666224,20
0.4048336176278121,High,Lula pelo Brasil,0.8840579710144928,0.0026859958,12
0.39943089359326,High,Metralhando a Corrupção,0.0,0.0003750184,3
0.6839255942777248,Very High,Irmãos Moura Brasil,1.0,0.043646812,11
0.7499284010651521,Very High,Curitiba Contra o PT,0.07692307692307693,0.7510937,37
0.9445602110264195,Very High,PT Perdizes - SP,0.7272727272727273,0.47886392,4
0.5109876974276739,Very High,Reacionário Bolsonaro,1.0,0.04686289,2
0.17323601439137992,Low,CNB - Construindo um Novo Brasil - SC,0.8904109589041096,0.038048524,2
0.5287154828972144,Very High,Pedra no Sapato,0.8208955223880597,0.41910073,6
0.6319709133643256,Very High,Movimento Direita Hortolandia SP,0.8387096774193549,0.13908891,3
1.2974850681697934,Very High,🇧🇷 Brasil direita Patriota 🇧🇷,0.1111111111111111,0.6611249,32
0.17811946953860158,Low,SOS Racismo,1.0,0.05799546,3
0.22188055712796906,Low,Sociologia Digital,1.0,0.005780388,3
0.38643236108310197,High,Abdulbaset Jarour,1.0,0.0069113337,1
0.07044058031995726,Very Low,A Gazeta Petista,0.9444444444444444,0.3625127,152
1.0679555882011866,Very High,PORTA DE PRIVADA.,0.9142857142857143,0.011120965,34
0.5505817151443662,Very High,Amigos de Fortaleza,0.9574468085106383,0.11212669,2
0.06659646357985782,Very Low,"Todos contra a ""globo"" e todos a favor do Lula.",0.07894736842105263,0.08874765,117
0.3716439133896281,High,GRUPO OLAVO DE CARVALHO,1.0,0.12086493,123
0.10134323008190615,Very Low,Pataxó cartoons,1.0,0.11129999,4
0.24542829814323897,Low,O Lembrador,0.17333333333333334,0.23235008,5
0.47075266710406094,High,Michel Platini DF,1.0,0.01005285,2
0.550745606879262,Very High,Henrique Domingues,1.0,0.012817383,4
0.2993535571904484,Low,BLOQUEIE A GLOBO VOCÊ TAMBÉM!,1.0,0.03969839,69
0.16272674980593216,Low,"Na dúvida, siga à esquerda",0.7142857142857143,0.20009702,31
0.39461764685134226,High,edita pra mim,0.974025974025974,0.011560776,88
0.04225800379944067,Very Low,GRUPO DE APOIO À OPERAÇÃO LAVA JATO - JUIZ SÉRGIO MORO,1.0,0.10566349,57
1.1063415755170503,Very High,Grupo do Movimento Brasil à Direita,1.0,0.27047762,88
0.31164194350438135,Low,Cristiano Silveira,1.0,0.30439767,2
0.098850350897541,Very Low,Mães pelo Escola sem Partido,0.14666666666666667,0.034041706,1
0.0023867277179522306,Very Low,Perolas dos Coxinhas,1.0,0.022846194,244
0.18390980486434994,Low,Lulista - PT - @,0.18840579710144928,0.4014846,16
0.3405082595807018,High,Perolas dos Coxinhas,0.7391304347826086,0.0047436883,244
0.10721613367100791,Very Low,GRUPO OLAVO DE CARVALHO,1.0,0.47886392,123
0.4214978208718137,High,Gazeta do Povo - Paraná,0.8133333333333334,0.0036912805,21
0.15896033120267394,Very Low,Secretaria Nacional de Mulheres do PT - SNMPT,0.9726027397260274,0.2853768,8
0.465340709498963,High,Informe RJO,1.0,0.028856417,7
0.12180225265151778,Very Low,Perolas dos Coxinhas,0.7777777777777778,0.15932569,244
0.188242097238407,Low,#MarketeirosDoJairOficial,1.0,0.102626406,4
0.06497178034761486,Very Low,Movimento Brasil LIVRE E SOBERANO-Rede Internacional da Legalidade,1.0,0.00081286713,30
0.15160309728182586,Very Low,Lula Presidente do Brasil,1.0,0.023788974,27
0.0960776899260134,Very Low,Ativismo Protestante,0.2676056338028169,0.2553839,12
0.6955347903221138,Very High,"Todos contra a ""globo"" e todos a favor do Lula.",0.4782608695652174,0.000015462147,117
0.29999988888888907,Low,VICE Brasil,0.9,0.0026074578,3
0.0073242145263192615,Very Low,Thẩm Mỹ Quốc Tế Nam Âu,0.9733333333333334,0.050573748,3
0.7424861845974636,Very High,DIREITA RACIONAL,0.0,0.19409354,2
0.11379297584410974,Very Low,Magaligna,0.8857142857142857,0.039462693,8
0.22716960483647797,Low,¡NUNCA MAS DICTADURA NI TERRORISMO DE ESTADO!,0.9178082191780822,0.36095104,1
0.363387173556622,High,Todo dia uma matéria imbecil sobre Jair Bolsonaro,1.0,0.1693855,2
0.15881019781776395,Very Low,Fetamce,1.0,0.007885204,1
0.25097166324560793,Low,Direita Votuporanga,0.9344262295081968,0.008984734,1
0.39409218685593794,High,Haddad Presidente 13,0.7419354838709677,0.003267176,2
0.4710738805353522,High,Mulheres Unidas contra Bolsonaro - RS,0.6533333333333333,0.017341165,11
0.43661093138951934,High,Direita News,1.0,0.0045866123,2
0.32076681919957095,High,Valeria Monteiro,0.8591549295774648,0.008607753,1
0.03522860139007067,Very Low,Retrogrado Reaça,1.0,0.010995304,12
0.06528174820188964,Very Low,Sergio Moro 🇧🇷,1.0,0.014073989,27
0.30174845428452735,Low,Frente Contra a Corrupção,0.9726027397260274,0.015330595,9
0.4868628228152104,High,MULHERES COM BOLSONARO ALIANÇA PELO BRASIL [OFICIAL],0.9696969696969697,0.018974753,44
0.5840532705996406,Very High,Queremos O LULA e FORA Bolsonaro,1.0,0.014639461,5
0.502017059678362,Very High,PSTAL - Partido Stalinismo e Liberdade,0.7241379310344828,0.47119883,5
0.09327098771332809,Very Low,MOVIMENTO DIREITA E LIBERDADE,1.0,0.11192002,20
0.7248556846999163,Very High,Catraca Livre Entretenimento,0.8909090909090909,0.018723432,10
0.3369985733774855,High,#A GAZETA ESQUERDISTA CONTRA O COISO,0.2222222222222222,0.47173777,108
0.849984451454081,Very High,Fã Clube do Lula,1.0,0.019854378,3
0.06212534684287918,Very Low,"Industrialização, Tecnologia e Emprego",0.9722222222222222,0.113263406,15
0.5970174515351759,Very High,Professor Robson Salvador,0.1875,0.0025446275,2
0.16096726843588993,Low,Paulo Porto,1.0,0.008419261,1
0.165418535188105,Low,Politicas Internacionais,0.8769230769230769,0.036634352,1
0.19739236567525797,Low,Ricardo D'Addio,1.0,0.25462922,1
0.19739186567525802,Low,Orgulho de Ser LGBT,1.0,0.29039988,1
0.4459814523681589,High,Mulheres e homens unidos a favor do #bolsonaro17✌,1.0,0.013697007,2
0.749027336754392,Very High,Direita Pernambuco - Ouricuri,0.9710144927536232,0.027913637,2
0.6992854747798776,Very High,Acorda Brasil b22,1.0,0.031684756,3
0.754571501856761,Very High,Anarquismo em movimento,0.13513513513513514,0.09785384,5
1.333372440091327,Very High,"UNIDOS NA ""RESISTÊNCIA"" SEMPRE - ⭐️",1.0,0.02308189,19
0.28799203782795874,Low,Poder360,0.25925925925925924,0.000014112276,51
0.03631304870403529,Very Low,A Gazeta Petista,1.0,0.009487377,152
0.006006363062713738,Very Low,"Todos contra a ""globo"" e todos a favor do Lula.",1.0,0.16851899,117
0.3000001799999761,Low,José Guimarães,1.0,0.030977672,5
0.4049703874321041,High,BOLSONARO O MELHOR PRESIDENTE,0.2682926829268293,0.6544696,67
0.10757191165059332,Very Low,Bolsonaro: aqui não,0.2222222222222222,0.023906821,18
0.31910170878795907,High,Liga da Justiça Page,0.8823529411764706,0.47119883,4
0.550013103864199,Very High,BOLSONARO PRESIDENTE 2022,1.0,0.011686437,11
0.6485727449380071,Very High,Movimento Brasil LIVRE E SOBERANO-Rede Internacional da Legalidade,1.0,0.05651112,30
0.11637918032892958,Very Low,Velório da Direita 2.0,0.8769230769230769,0.18364124,5
0.29999988888888907,Low,VICE Brasil,0.2982456140350877,0.009990019,3
0.06088524929646516,Very Low,BBC News Brasil,1.0,0.001335144,29
0.2986374689199553,Low,Canal Hugo Alves,0.88,0.46716887,2
0.35020328883739593,High,O Piauiense,0.9661016949152542,0.5779532,1
0.615244478331365,Very High,🇧🇷 FECHADO COM O POVO PELO BEM DO BRASIL 2023 🇧🇷,0.7714285714285715,0.005434822,12
0.24746306401163898,Low,Esquerda Vermelha,0.6438356164383562,0.13041082,6
0.7699544401782301,Very High,GRUPO OLAVO DE CARVALHO,1.0,0.027088705,123
0.850980463775653,Very High,Anabel Lorenzi,0.7878787878787878,0.25462922,5
0.668836641994828,Very High,Brasil dos memes,0.863013698630137,0.02402467,2
0.47962356117639593,High,Elmano de Freitas,1.0,0.054284602,2
0.67136066011342,Very High,Ordem e Progesso Vire a Direita,1.0,0.050573748,1
0.6595069230306994,Very High,"PATRIOTAS EM AÇÃO, CURITIBA",0.043478260869565216,0.7510937,15
0.4827678832188943,High,Marcelino Galo,0.9452054794520548,0.23451406,2
1.0516050927850973,Very High,Grupo do Movimento Brasil à Direita,0.4666666666666667,0.016964182,88
0.10988908699590733,Very Low,PORTA DE PRIVADA.,1.0,0.20335422,34
0.3932934897659234,High,Brasil de Fato,0.6056338028169014,0.000050313334,14
0.018267282921528905,Very Low,Ciro Gomes Mineiro,0.48484848484848486,0.17198499,4
0.3287926272742804,High,Fortaleza Ceará,0.8529411764705882,0.002560335,9
0.7832269417532719,Very High,Coletivo Democracia Corinthiana,0.16666666666666666,0.28087774,4
0.257231392844754,Low,Direita Natal,1.0,0.021549871,1
0.9919314556861141,Very High,Blog da Maria Frô,0.64,0.0020576925,20
0.2852473688576488,Low,Perolas dos Coxinhas,1.0,0.040183347,244
0.627962065895753,Very High,"Téa, a Ateia",0.75,0.25462922,1
0.05800074945850192,Very Low,Expansão Direita Brasil,1.0,0.09525062,5
0.20732392785964893,Low,Lula Rei de Minas Gerais,1.0,0.019226074,2
0.04454985595731392,Very Low,GRUPO DE APOIO AO  GOVERNO DO BOLSONARO PRESIDENTE DO BRASIL,0.92,0.028502874,54
0.015244838331268995,Very Low,Fã Clube do Lula,0.4909090909090909,0.11171334,3
0.15881019781776395,Very Low,Robinson Almeida,1.0,0.023788974,1
0.5505814651443659,Very High,CONTRA MANIPULAÇÃO RELIGIOSA E POLITICA DE CLASSES,1.0,0.09611836,2
0.05145824254798026,Very Low,A Gazeta Petista,1.0,0.11192002,152
0.17794764805369767,Low,A gente não tem cara de babaca!,1.0,0.05799546,32
0.3095969454164206,Low,Pig Golpista,1.0,0.012817383,37
0.6915178679772626,Very High,ALIANÇA PELO BRASIL - O NOVO PARTIDO DE JAIR BOLSONARO,0.14285714285714285,0.39915034,2
0.06921589578890008,Very Low,Mamatraca,0.22388059701492538,0.059974585,5
0.37522770297652,High,Livre.jor,0.014492753623188406,0.112540044,1
0.7258510123249143,Very High,Retrogrado Reaça,0.6428571428571429,0.30439767,12
0.5455540100049473,Very High,edita pra mim,0.6060606060606061,0.3969567,88
0.012940856728849814,Very Low,Perolas dos Coxinhas,0.2571428571428571,0.15711457,244
0.29621310249694643,Low,Fortaleza Ceará,1.0,0.018849092,9
0.07883716767141369,Very Low,A Gazeta Petista,0.9298245614035088,0.0037069882,152
0.25861223534351196,Low,Conselho Indigenista Missionário - Cimi,0.323943661971831,0.000051540486,1
0.3452197453008041,High,VITÓRIA NA GUERRA BRASIL PEGA FOGO!,0.9701492537313433,0.28087774,32
0.27091834112839475,Low,"Todos contra a ""globo"" e todos a favor do Lula.",1.0,0.27236435,117
0.057448073329511185,Very Low,FORA BOLSONARO!!,1.0,0.009298885,48
0.39409218685593794,High,Dilma Rousseff Viva o Brasil,0.3103448275862069,0.050078966,2
0.3940924368559381,High,Eric Valini,1.0,0.1893425,3
0.3328809650098743,High,A Gazeta Petista,1.0,0.0064086914,152
0.13758250293618068,Very Low,À Esquerda,0.6721311475409836,0.028620722,11
0.43929992804845475,High,Poder360,0.96875,0.103494145,51
0.2796239545097302,Low,Marta Rodrigues,1.0,0.28547668,8
0.3452504424729297,High,Gazeta do Povo,1.0,0.014136819,52
0.37016199007525474,High,LULA INOCENTE  NOSSO PRESIDENTE,0.8260869565217391,0.30993456,59
0.09874924082324366,Very Low,Analfabeto Político,0.5588235294117647,0.30539915,40
0.4397640480121949,High,CWB Resiste,0.31343283582089554,0.21241048,4
0.21826660292148092,Low,Resiste História,0.4782608695652174,0.085582085,1
0.5637324045388812,Very High,GRUPO DE APOIO AO BRASIL,0.21212121212121213,0.17025198,39
0.3141968520533101,High,Presidente Jair Bolsonaro,0.9629629629629629,0.4274071,3
0.2,Low,Bangu News,0.8285714285714286,0.22311419,2
0.23232636598045997,Low,Alerta Total - Ponta Grossa,0.5652173913043478,0.026499467,1
0.707256910398154,Very High,Unifesp Livre,0.30158730158730157,0.3389984,3
0.23879285344827605,Low,LULA Presidente Brasil,0.5652173913043478,0.37751234,4
0.3227488006016558,High,"Todos contra a ""globo"" e todos a favor do Lula.",1.0,0.024613906,117
0.21875608429406723,Low,Gaúchos da resistência.,1.0,0.27236435,66
0.42989224553972977,High,LULA o Melhor Presidente do Brasil,0.8636363636363636,0.16591948,12
0.4255818375401998,High,Bozonaro,1.0,0.009236055,8
0.5731662213939732,Very High,Gaúchos da resistência.,0.19298245614035087,0.39231625,66
0.43720866551021836,High,LULA LÁ BRILHA UMA ESTRELA,0.9710144927536232,0.010618322,95
0.8165948605096149,Very High,PARANÁ NOTÍCIAS,0.42857142857142855,0.28312725,4
0.10169441525423695,Very Low,Juventude Petista do RN,1.0,0.022964042,2
0.6911015333924317,Very High,Bozonaro,0.8688524590163934,0.32128486,8
0.6237076661954739,Very High,"Chemtrail ,Haarp, Blue Beam - Não Queremos Isso No Brasil",0.9333333333333333,0.2854937,2
0.1517155092869521,Very Low,GRUPO OLAVO DE CARVALHO,0.9622641509433962,0.85333383,123
0.7399280652094997,Very High,Classe Média Sem Babaquice,0.4375,0.006125955,4
0.1252285623515229,Very Low,Agência Pública,0.5294117647058824,0.13041082,4
0.20856186269874355,Low,Muda Mais,0.029411764705882353,0.24924077,5
0.283610797904092,Low,O Planeta Está Com Febre,0.09375,0.014073989,1
0.5509720787077363,Very High,Sergio Moro 🇧🇷,0.3333333333333333,0.5885171,27
0.15937188698645133,Very Low,Corrupção é com a PRIVATARIA TUCANA,0.07936507936507936,0.52811706,21
0.5101312484669254,Very High,O Voto,0.9655172413793104,0.0051835002,2
0.585465712828753,Very High,Bolsonaro Maceió,0.9354838709677419,0.009927189,2
0.394091686855938,High,André Nunes,0.6875,0.5024724,1
0.39409218685593794,High,Entre Nós,0.2903225806451613,0.014011159,2
0.24994443151041212,Low,JANGA,0.5588235294117647,0.1996317,16
0.20913162623122095,Low,Taxmax,0.90625,0.03734144,1
0.0004471711403666312,Very Low,Veganismo e Libertação Animal,0.4117647058823529,0.39915034,11
0.492456015800946,High,Ver100tir,1.0,0.012943043,1
0.3290119436865784,High,RIO CLARO AZUL,1.0,0.00823077,15
0.054305582232254124,Very Low,Movimento Brasil LIVRE E SOBERANO-Rede Internacional da Legalidade,0.9696969696969697,0.007916619,30
0.19267593214025502,Low,Comuna Rubro-Negra,0.9705882352941176,0.041172907,3
0.16455877560976162,Low,UFMG,0.582089552238806,0.22579013,17
0.015175907488598761,Very Low,LULA INOCENTE  NOSSO PRESIDENTE,1.0,0.009298885,59
0.43947074115847556,High,Apoiadores de Othoniel Pinheiro,1.0,0.30439767,8
0.11468444969400843,Very Low,Residencial viver melhor em manaus,1.0,0.13561769,9
0.13122704214749065,Very Low,Coxinhas da Deprê,0.8222222222222222,0.41910073,8
0.3738888054483179,High,União das Esquerdas,0.9512195121951219,0.048842013,85
0.021040568169313545,Very Low,Ciro Gomes do Brasil,0.058823529411764705,0.4475325,13
0.21043616102225227,Low,Grupo do Movimento Brasil à Direita,1.0,0.010618322,88
0.21465855038373693,Low,Po Serra,0.8709677419354839,0.19694418,1
0.189911399997302,Low,Greve Geral contra o Golpe no Brasil,0.04477611940298507,0.011372286,1
0.4062605769036189,High,Lula Presidente do Brasil,0.2727272727272727,0.25462922,27
0.5901510722948249,Very High,ÉTICA na POLÍTICA @ COMPETÊNCIA e HONESTIDADE,1.0,0.32712606,9
0.6012647758419969,Very High,SOMOS + DE 70.000.000 !! Aliança pelo Brasil 💚💛💙JUNTOS COM BOLSONARO 🇧,1.0,0.011435116,2
0.25948082744565526,Low,A Gazeta Petista,0.8823529411764706,0.019728716,152
0.44902084502667683,High,UOL Notícias,0.9298245614035088,0.01218908,288
0.623707166195474,Very High,Bolsonaro Opressor 6.0,0.9682539682539683,0.22579013,1
0.8418544141176372,Very High,Mulheres Unidas contra Bolsonaro - RS,0.8235294117647058,0.08320791,11
0.8328028173331703,Very High,Rede da Direita Nacional,0.5217391304347826,0.04735767,8
0.7450293175680279,Very High,GRUPO DE APOIO AO  GOVERNO DO BOLSONARO PRESIDENTE DO BRASIL,0.6078431372549019,0.7701451,54
0.39166326579436694,High,PT Cuiabá,0.5076923076923077,0.113263406,1
0.39463545380449594,High,Movimento esquerda forte,1.0,0.01005285,3
0.21492520160579232,Low,Quebrando a Catraca,1.0,0.014702292,2
0.08462987244532638,Very Low,Brasil de Fato,1.0,0.03192045,14
0.017739801939658184,Very Low,Perolas dos Coxinhas,0.9104477611940298,0.11398677,244
0.3043617477425561,Low,UFRN - Universidade Federal do RN,1.0,0.04711028,26
0.18298950164938788,Low,Irmãos Moura Brasil,1.0,0.019854378,11
0.48707944149934346,High,Blog do Josias,0.875,0.033806015,30
0.5001163356322128,Very High,Delegado Thomé - Cadidato a Deputado Estadual 40000,0.8688524590163934,0.2763787,6
0.01914775944519631,Very Low,A Gazeta Petista,1.0,0.09438288,152
0.22255596859490878,Low,"Todos contra a ""globo"" e todos a favor do Lula.",0.3584905660377358,0.026735162,117
0.3424942185616231,High,GRUPO OLAVO DE CARVALHO,1.0,0.038048524,123
0.3678736380868949,High,Michel Platini DF,0.967741935483871,0.22712809,2
1.2029817284648718,Very High,Questione-se,0.7241379310344828,0.021667719,2
0.5970176182018426,Very High,"Penso,logo incomodo",0.43859649122807015,0.0021833533,2
0.5970178515351761,Very High,Contra tudo que representa a Escravidão,0.3114754098360656,0.41445592,10
0.39813113866948224,High,Brasil dos Memes,0.9666666666666667,0.32919475,3
0.2625252503477288,Low,Perolas dos Coxinhas,1.0,0.024731753,244
1.4152441583314128,Very High,Unidos por Lula,0.2727272727272727,0.102626406,3
0.38643286108310193,High,Roberto Uchoa,1.0,0.0013979743,2
0.2501059925693879,Low,Jornalismo Wando,1.0,0.032156147,1
0.16299785905412,Low,Sindjorce,0.18181818181818182,0.10783285,1
0.5124886346145938,Very High,DOA A QUEM DOER,0.8888888888888888,0.06579731,4
0.32835962193449103,High,DILMA ROUSSEF : PRIMEIRA MULHER PRESIDENTE DO BRASIL!!,0.9534883720930233,0.15656179,7
0.4122265836740583,High,edita pra mim,1.0,0.028856417,88
0.10531333303961865,Very Low,Conservador Opressor,0.6,0.23523538,5
0.03211453855902863,Very Low,mosqueteiros,1.0,0.10609736,5
0.2908855233555748,Low,Perolas dos Coxinhas,1.0,0.071337044,244
0.017472665817411248,Very Low,Ele Não,0.21212121212121213,0.04290464,20
0.07494941157607249,Very Low,Sergio Moro - Eu Apoio a Lava Jato,0.9692307692307692,0.11652588,8
0.15469010779253412,Very Low,Direitos Urbanos | Recife,0.015384615384615385,0.29039988,6
0.5010779175524291,Very High,Sebastião Donizete Santarosa,0.4375,0.39669925,12
0.30536322558324924,Low,A Gazeta Petista,1.0,0.059232414,152
0.25240374462779597,Low,Pedra no Sapato,0.875,0.013320025,6
1.0819843319322067,Very High,INTERVENÇÃO MILITAR CONSTITUCIONAL  JÁ !,0.3617021276595745,0.24763705,19
0.547000045084462,Very High,Cikuta Política BR,0.6428571428571429,0.11223003,10
1.083758169896477,Very High,FORA BOLSONARO!!,0.038461538461538464,0.38811707,48
0.08874580703088764,Very Low,Partido dos Trabalhadores RJ,1.0,0.04067813,10
0.8644205908566713,Very High,Bà Lão - Đặc Trị Mụn Thâm Sẹo Rổ Lâu Năm,0.6842105263157895,0.51980776,5
0.19166405246103724,Low,Deputado Federal Ságuas Moraes,0.7,0.09828771,4
0.7003426476880821,Very High,Movimento Brasil LIVRE E SOBERANO-Rede Internacional da Legalidade,1.0,0.19939905,30
0.1723792341010416,Low,Santo Estevão - Terra Boa,0.96,0.112333365,10
0.02679234493399829,Very Low,A Gazeta Petista,1.0,0.04240986,152
0.652017264670837,Very High,Liberais Antilibertários,0.9076923076923077,0.10653123,1
0.31802451457732384,High,Perolas dos Coxinhas,0.4375,0.4269174,244
0.1426095271865681,Very Low,VITÓRIA NA GUERRA BRASIL PEGA FOGO!,0.9545454545454546,0.24442963,32
0.2625252503477288,Low,Perolas dos Coxinhas,1.0,0.01608456,244
0.006800434885161688,Very Low,A Gazeta Petista,1.0,0.20705862,152
0.05529716577758281,Very Low,União das Esquerdas,1.0,0.20973456,85
0.6855636692708267,Very High,Magé com Bolsonaro,0.9384615384615385,0.000047122732,3
0.6259390464178944,Very High,Vira Voto,1.0,0.008356431,6
0.2678858761210803,Low,Grupo do Movimento Brasil à Direita,1.0,0.034984488,88
0.2902210841784103,Low,A Gazeta Petista,1.0,0.023553278,152
0.49245668246761265,High,URSAL - União das Repúblicas Socialistas da América Latina,0.8857142857142857,0.022610499,3
0.5303871101091149,Very High,PT Arretado,1.0,0.24603334,14
0.6417819666611263,Very High,A Gazeta Petista,1.0,0.0006950603,152
0.0836936890216422,Very Low,Defend Democracy in Brazil,0.8412698412698413,0.06184035,9
0.502017059678362,Very High,Destro Direitoso,1.0,0.4977744,2
0.4238507744909723,High,Saiu Agora,0.6721311475409836,0.39441586,2
0.39402952156272897,High,Combate Racismo Ambiental,0.16129032258064516,0.0038483564,1
0.006091270785872793,Very Low,União das Esquerdas,1.0,0.02968135,85
0.3274526985748739,High,Lula Presidente do Brasil,0.5272727272727272,0.051810697,27
0.5290548657666183,Very High,Blog do Tom Ferreira,0.9591836734693877,0.35186127,15
0.3462567909153525,High,Politicamente Incorreto,1.0,0.026617315,5
0.3684267441924968,High,Perolas dos Coxinhas,0.9672131147540983,0.47119883,244
0.4493741486015388,High,Bozonaro,0.78125,0.034748793,8
0.5678489239948079,Very High,Sos notícias do rn,0.9615384615384616,0.02826718,1
0.6706676926372981,Very High,VITÓRIA NA GUERRA BRASIL PEGA FOGO!,0.76,0.056263726,32
0.08727953099224994,Very Low,Pato arrependido,0.9130434782608695,0.38601747,32
0.010044756248815845,Very Low,Perolas dos Coxinhas,0.03225806451612903,0.11088664,244
0.871818041193185,Very High,Agência Pública,0.8125,0.00025721156,4
0.6688368086614946,Very High,Cotidiano Cristão,0.9344262295081968,0.02402467,3
0.737450626853844,Very High,A Ditadura da Corrupção,0.9285714285714286,0.3389984,48
0.009346711158992216,Very Low,"Todos contra a ""globo"" e todos a favor do Lula.",1.0,0.11398677,117
0.31258937205245985,Low,Perolas dos Coxinhas,1.0,0.3260917,244
0.6899768968844918,Very High,Perolas dos Coxinhas,1.0,0.2667042,244
0.22370815119547405,Low,Curitiba Contra o PT,0.9322033898305084,0.37751234,37
0.10982511417193824,Very Low,Poder360,0.9047619047619048,0.000019879903,51
0.19273349490302294,Low,Canal Nobre,0.8688524590163934,0.18269104,6
0.0768318580092181,Very Low,Blog da Maria Frô,0.9047619047619048,0.20572066,20
0.15885370727684578,Very Low,Perolas dos Coxinhas,1.0,0.06817148,244
0.20184531299127534,Low,Carlinhos Míssil Gracia,1.0,0.012566062,2
0.20142150056181796,Low,República,0.8983050847457628,0.009550206,37
0.6785255395165052,Very High,Eu voto Haddad e Lula me pergunte por quê,0.23809523809523808,0.019351736,17
0.5981308520028119,Very High,Conservadorismo Moral,0.967741935483871,0.11223003,2
0.271453259236875,Low,Monitor do debate político no meio digital,1.0,0.05651112,1
0.047622760566333855,Very Low,Perolas dos Coxinhas,0.5087719298245614,0.0051835002,244
0.6345812514785653,Very High,Plantão Angra,0.9245283018867925,0.1373533,4
0.5615306520963763,Very High,Marcos Antônio Ferreira Da Silva,1.0,0.023553278,5
0.19480441875523014,Low,A Privataria Tucana,0.7916666666666666,0.011749268,56
0.3505817518110363,High,TV AFIADA,1.0,0.4014846,3
0.14300986983884711,Very Low,Anabel Lorenzi,0.9183673469387755,0.32971194,5
0.3830556158106432,High,Portal da Educadora,0.7931034482758621,0.05280026,16
0.5699640060831639,Very High,Perolas dos Coxinhas,1.0,0.24442963,244
0.3151344699061611,High,A Privataria Tucana,0.7551020408163265,0.013068704,56
0.13420601142964528,Very Low,A Gazeta Petista,1.0,0.021667719,152
0.21517085523557222,Low,"Na dúvida, siga à esquerda",1.0,0.25462922,31
0.49245651580094596,High,Antipetistas Contra Bolsonaro,1.0,0.014702292,2
0.21721916116603368,Low,Oséias Varão,1.0,0.32020867,3
0.07386698585736379,Very Low,BOLSONARO O MELHOR PRESIDENTE,1.0,0.85333383,67
0.409422374741393,High,Café da Madrugada,0.9310344827586207,0.36095104,9
0.053560059523499515,Very Low,#A GAZETA ESQUERDISTA CONTRA O COISO,0.8378378378378378,0.4269174,108
0.2960596853635789,Low,Mulheres Unidas contra Bolsonaro PR - Curitiba/Paraná,0.2727272727272727,0.40891263,4
0.5275885582810607,Very High,Amauri Teixeira,0.6610169491525424,0.034748793,14
0.196177509338668,Low,MINF Soluções Digitais,0.9016393442622951,0.02449606,2
0.2398749910759974,Low,Eu não voto em direitistas e conservadores,0.2459016393442623,0.3977292,9
0.4867517309450281,High,Ilha do Marajó,0.8,0.056758508,9
0.5981310186694786,Very High,Recado,1.0,0.13908891,3
0.1119085234501983,Very Low,Deputado Paulo Guedes,1.0,0.09033044,4
0.9387073251858927,Very High,Ruth Sheherazade,0.7297297297297297,0.37751234,13
0.026010704540362917,Very Low,GRUPO OLAVO DE CARVALHO,1.0,0.020607091,123
1.170799879565945,Very High,Angu a Baiana,0.9,0.08479069,5
0.006645249904114747,Very Low,"Todos contra a ""globo"" e todos a favor do Lula.",1.0,0.0030786851,117
0.19595759400468027,Low,Mar Vermelho,1.0,0.044636376,4
0.3879822802463218,High,Perolas dos Coxinhas,0.9591836734693877,0.4269174,244
0.02495321139225387,Very Low,Ozomexplicanista,0.9344262295081968,0.104361884,7
0.32076681919957095,High,Rodinei Candeia,0.5333333333333333,0.11440011,1
0.08617146604032588,Very Low,RIO CLARO AZUL,1.0,0.20056234,15
0.08141575125448297,Very Low,GRUPO DE APOIO AO  GOVERNO DO BOLSONARO PRESIDENTE DO BRASIL,1.0,0.009675868,54
0.1431141558481137,Very Low,LULA INOCENTE  NOSSO PRESIDENTE,0.5357142857142857,0.11171334,59
0.2705844684667662,Low,Eu voto Haddad e Lula me pergunte por quê,1.0,0.10870059,17
0.1445108208844954,Very Low,BLOQUEIE A GLOBO VOCÊ TAMBÉM!,1.0,0.029092113,69
0.24245673455095773,Low,Ciro Tranquilão,1.0,0.60311776,3
0.49245687294380314,High,Direitos Urbanos | Recife,1.0,0.013571346,6
0.730155099367118,Very High,Anti-Esquerda,1.0,0.24924077,3
0.6012647758419969,Very High,🔰 Bolsonaro Partido Liberal 22 🔰,1.0,0.009613037,2
0.43503812233832206,High,VICE Brasil,1.0,0.015267765,3
0.2803431154359851,Low,GRUPO OLAVO DE CARVALHO,1.0,0.3561489,123
0.183898339003402,Low,Palavra da Salvação,0.7894736842105263,0.44393396,2
0.5280954183747663,Very High,Sebastião Donizete Santarosa,0.7241379310344828,0.71760553,12
0.04486679729137355,Very Low,Fiscalizando e Cobrando Políticos,0.9672131147540983,0.0006086686,9
0.8843871586313317,Very High,Assis Carvalho,1.0,0.017466826,6
0.212636246412771,Low,Equipe Bolsonaro De Xadrez,1.0,0.013822667,3
0.18563404084865465,Low,Ativismo Protestante,1.0,0.01005285,12
0.2209847964147037,Low,À Esquerda,0.08196721311475409,0.3389984,11
0.1568693001971807,Very Low,Movimento Voto Nulo,0.18032786885245902,0.6544696,10
0.6903161835938858,Very High,União das Esquerdas,0.27586206896551724,0.0046180277,85
0.4014854275311898,High,Perolas dos Coxinhas,1.0,0.20172562,244
0.9496383850304637,Very High,UFG,0.6744186046511628,0.8778702,20
0.04663852191082729,Very Low,A Gazeta Petista,0.17857142857142858,0.017089844,152
0.22717010483647793,Low,UNAMONOS PUEBLOS LATINOAMERICANOS Y REVOLUCIONARIOS (LA PATRIA GRANDE),0.813953488372093,0.00033182255,1
0.3227602132892803,High,#LulaLivre,0.6086956521739131,0.011497946,22
0.44012402925388,High,"UNIDOS NA ""RESISTÊNCIA"" SEMPRE - ⭐️",1.0,0.040925518,19
0.5139734208115354,Very High,APOIO A VOLTA DO LULA,0.9285714285714286,0.23523538,26
0.009844358130513098,Very Low,A Privataria Tucana,0.8275862068965517,0.030859824,56
0.6737669008873299,Very High,Patriota Moreira,0.8666666666666667,0.07212844,1
0.07969802127117487,Very Low,Sebastião Donizete Santarosa,0.9649122807017544,0.28425202,12
0.5371921811455265,Very High,É proibido VIRAR à Esquerda,1.0,0.19219314,5
0.5507448568792619,Very High,Frente Nacional Trabalhista,0.9666666666666667,0.1269396,1
0.6298018885195649,Very High,Professora Rosa Neide,1.0,0.012126249,2
0.2876878059142418,Low,Perolas dos Coxinhas,1.0,0.029563503,244
1.177493467731174,Very High,A Ditadura da Corrupção,0.8688524590163934,0.20102765,48
0.01595227332707183,Very Low,Defend Democracy in Brazil,1.0,0.01859777,9
0.22794475644806778,Low,The Intercept glenn greenwald vazajato,1.0,0.04290464,31
0.44065701964972054,High,Ele Não,0.9272727272727272,0.10870059,20
0.04038702421570983,Very Low,Perolas dos Coxinhas,1.0,0.04240986,244
0.7579068829941875,Very High,Apenas Mais Uma de Ateu,0.4827586206896552,0.4850187,8
0.11207067250561153,Very Low,PeTistas de Coração,0.25925925925925924,0.102192536,7
0.0817394675800153,Very Low,Criativos da Escola,1.0,0.01608456,1
0.7092209397103549,Very High,Eu voto Haddad e Lula me pergunte por quê,1.0,0.024613906,17
0.78978061248688,Very High,Jovens de Direita,1.0,0.47886392,8
0.36776841184276793,High,Direita Conservadora,1.0,0.017215505,4
0.21723507390721364,Low,"ST, SGTS, CABOS  E  SOLDADOS  DO  BRASIL",0.2830188679245283,0.295883,17
0.3728920307216438,High,Bozonaro,0.2,0.1587729,8
0.19739186567525802,Low,Olhar de um Cipó,0.8305084745762712,0.25462922,1
1.4353768345828788,Very High,Perolas dos Coxinhas,0.3584905660377358,0.32182294,244
1.205906953144158,Very High,"Nossa Senhora Aparecida, cuidai de mim",0.7454545454545455,0.36095104,3
0.41986083612945746,High,AlexandreLimaBR - CTL,0.8333333333333334,0.4274071,7
0.027003999145637336,Very Low,Movimento Voto Nulo,0.5333333333333333,0.64447093,10
0.567849423994808,Very High,RETRODERNO,1.0,0.01834645,2
0.6783526482993161,Very High,Grupo do Movimento Brasil à Direita,0.4482758620689655,0.6407703,88
0.7350355645950348,Very High,"Todos contra a ""globo"" e todos a favor do Lula.",0.19230769230769232,0.119997114,117
0.369944349167319,High,Fran. De Tudo Um Pouco,0.9666666666666667,0.010555492,3
0.010044756248815845,Very Low,Perolas dos Coxinhas,0.19298245614035087,0.4394682,244
0.07923224080042757,Very Low,Ciro Gomes do Brasil,0.8571428571428571,0.112953395,13
0.32076771919957103,High,Contra tudo que representa a Escravidão,0.8333333333333334,0.013068704,10
0.07577727676665313,Very Low,Douglas Carvalho,1.0,0.2359567,30
0.465340709498963,High,ADMINISTRADORES DE PAGINAS E GRUPOS (OFICIAL),0.8571428571428571,0.37751234,7
0.11375875234728594,Very Low,CIRO GOMES VIRAL,1.0,0.014702292,20
0.6012649425086636,Very High,CAMINHONEIROS DO BRASIL,1.0,0.045378547,2
0.5566072932249297,Very High,Piraí fala aí....,1.0,0.112746716,14
0.376291833804526,High,PSTAL - Partido Stalinismo e Liberdade,0.95,0.29405528,5
0.005263211265004619,Very Low,Brasil de Fato,1.0,0.029563503,14
0.31256682955761433,Low,Conservadores - Tamo Junto,1.0,0.09915545,2
0.1381154316943085,Very Low,Bebel Dimas,0.4642857142857143,0.112540044,5
0.186535195392598,Low,MBL - Movimento Brasil Livre - Cascavel/PR,1.0,0.32557452,3
0.6639970598475,Very High,Contra tudo que representa a Escravidão,1.0,0.013382856,10
0.03082830932481173,Very Low,Gaúchos da resistência.,0.3333333333333333,0.006722843,66
0.5243934744805696,Very High,A gente não tem cara de babaca!,0.84,0.23812068,32
0.2387927701149426,Low,Realidade Escrota,0.9166666666666666,0.37751234,3
0.008949479333175359,Very Low,Bolsonaro Opressor 2022,0.8867924528301887,0.24442963,41
0.368028753302341,High,PSTAL - Partido Stalinismo e Liberdade,1.0,0.51980776,5
0.1588106978177639,Very Low,PT Bahia,1.0,0.014639461,2
0.04746296178942022,Very Low,Thẩm Mỹ Quốc Tế Nam Âu,0.6491228070175439,0.09394901,3
0.017518599333511187,Very Low,Douglas Carvalho,0.9591836734693877,0.038991302,30
0.605907313144062,Very High,LULA 2022,0.2222222222222222,0.27750343,6
0.3325557413727402,High,No Caminho Da Resistência,0.9183673469387755,0.008607753,13
1.1398674070183068,Very High,MUD - Movimento de União Pela Democracia,0.2857142857142857,0.18744208,11
0.012565958578132697,Very Low,Frente Nacional Democrática,0.9636363636363636,0.055026773,2
0.5134127146021916,Very High,PT Londrina,1.0,0.038048524,3
0.5474313767594492,Very High,Portal da Educadora,0.15789473684210525,0.000012885122,16
0.06556085439475279,Very Low,Perolas dos Coxinhas,0.25,0.056263726,244
0.16092111979894486,Low,União das Esquerdas,0.9661016949152542,0.52272606,85
0.0924033770964477,Very Low,PSTAL - Partido Stalinismo e Liberdade,1.0,0.50759226,5
0.5313770267109227,Very High,Bolsonaro Opressor 2022,1.0,0.006283031,41
0.07980647271120833,Very Low,PORTA DE PRIVADA.,1.0,0.36095104,34
0.20852224465491176,Low,Time Lula,0.9655172413793104,0.11161,10
0.08078354859397396,Very Low,Brasil contra Bolsonaro,0.6551724137931034,0.5885171,3
0.4858943085088999,High,Bom Dia Feira,1.0,0.014702292,1
0.6533373570044969,Very High,Robson Leite,0.5172413793103449,0.08320791,2
0.6533375236711636,Very High,Eu Quero Democracia,0.68,0.39669925,3
0.02694183385242832,Very Low,Movimento Voto Nulo,0.5714285714285714,0.15932569,10
0.034331251918364725,Very Low,Deputado Paulo Guedes,0.9655172413793104,0.029917045,4
0.096727864501888,Very Low,Doutor Segurança - Jorge Lordello,0.05454545454545454,0.03734144,1
0.021333947509515783,Very Low,"Todos contra a ""globo"" e todos a favor do Lula.",0.35714285714285715,0.02449606,117
0.21021838751311994,Low,Juntas,0.19298245614035087,0.3389984,1
0.3850504816620813,High,edita pra mim,1.0,0.0103670005,88
0.3878284654721948,High,Perolas dos Coxinhas,1.0,0.3308965,244
0.6744156202805873,Very High,LULA LÁ BRILHA UMA ESTRELA,0.19230769230769232,0.000015462147,95
0.107257270398058,Very Low,Policial Brasileiro,0.9655172413793104,0.011435116,1
0.18452242648948763,Low,GRUPO DE APOIO À OPERAÇÃO LAVA JATO - JUIZ SÉRGIO MORO,0.9629629629629629,0.37340668,57
0.9987516949103286,Very High,UFV,1.0,0.37340668,5
0.0433797671429319,Very Low,VITÓRIA NA GUERRA BRASIL PEGA FOGO!,1.0,0.0049635945,32
0.026304775780401246,Very Low,Grupo do Movimento Brasil à Direita,1.0,0.025556687,88
0.08991560983455738,Very Low,ZERO HOMOFOBIA / LESBOFOBIA / TRANSFOBIA,0.34545454545454546,0.36095104,11
0.6535850718007638,Very High,Patriotas Pelo Brasil,0.3793103448275862,0.743089,5
0.6341896249027363,Very High,Brasil de Fato,0.034482758620689655,0.25084448,14
0.5731765620073179,Very High,Socializando,0.19298245614035087,0.52272606,5
0.5344618628023631,Very High,Musas Lulettes e Fidelettes,1.0,0.36867723,5
0.2172484836628928,Low,Comitê Estadual Passa Fora Ratazana,1.0,0.41910073,6
0.07007342192106081,Very Low,BOLSONARO O MELHOR PRESIDENTE,1.0,0.15048122,67
0.05212268172514478,Very Low,Perolas dos Coxinhas,1.0,0.12867521,244
0.58863825627845,Very High,Henrique Domingues,0.5714285714285714,0.25462922,4
0.623707166195474,Very High,Curitiba Contra a Corrupção,0.88,0.36867723,1
0.9957987523417867,Very High,LULA INOCENTE  NOSSO PRESIDENTE,0.47368421052631576,0.112333365,59
0.6658554664803912,Very High,Terça Livre - News,0.5555555555555556,0.009927189,12
0.3700383635779035,High,Nordeste de Direita,1.0,0.51980776,7
0.015350818270520317,Very Low,A Gazeta Petista,1.0,0.006502937,152
0.689777053633434,Very High,The Conservador Brasil,1.0,0.1537979,1
0.19907054278502034,Low,LULA LÁ BRILHA UMA ESTRELA,0.22448979591836735,0.39915034,95
0.6670092366232683,Very High,Marta Rodrigues,0.68,0.015079274,8
0.6433725334877862,Very High,Gaúchos da resistência.,0.17391304347826086,0.0034556668,66
0.22749007098148666,Low,Metanoia,1.0,0.17545098,3
0.649795711162604,Very High,Bolsonaro Maceió,1.0,0.27236435,2
0.041179816968280214,Very Low,Douglas Carvalho,0.84,0.25462922,30
0.384206741295066,High,Camilopolis década de 50/60/70/80/90,1.0,0.3375374,17
1.4353768345828788,Very High,Perolas dos Coxinhas,0.4375,0.09741997,244
0.3691308989707826,High,Veganismo e Libertação Animal,0.17647058823529413,0.37073207,11
0.1966156745960813,Low,Corrupção é com a PRIVATARIA TUCANA,0.5,0.07687678,21
0.7957863955644224,Very High,VIVA SANTO ANDRE,0.6,0.3140926,10
0.7892003586619749,Very High,Hannover Empório Cocktail Bar,0.9622641509433962,0.03309893,4
0.20913162623122095,Low,Sindifisco-RS,0.6428571428571429,0.051810697,1
0.550581854033255,Very High,Sou 13! Voto PT!,0.6875,0.03015274,6
0.1334504465440136,Very Low,Amauri Teixeira,0.6071428571428571,0.3260917,14
0.8335215908269614,Very High,Esquerda Arretada - o retorno.,1.0,0.044388983,8
0.2561721423789332,Low,Pensar Ribeirão Pires,0.8888888888888888,0.013005874,12
0.24245673455095773,Low,Verdade sem manipulação,1.0,0.021667719,3
0.5365337676299069,Very High,Renata Peron,1.0,0.05131592,1
0.3135685344909472,High,UNEB - Universidade do Estado da Bahia,1.0,0.007759543,39
0.37336161629734227,High,edita pra mim,0.6363636363636364,0.036870047,88
0.6116020491701448,Very High,Lulista - PT - @,1.0,0.02035702,16
0.3113603517926228,Low,Diário Conservador,1.0,0.00026506535,6
0.024870221547588556,Very Low,Seja Subversivo,1.0,0.029563503,14
0.06058198474329368,Very Low,Pig Golpista,1.0,0.09033044,37
0.45738525706048727,High,#LulaLivre,0.8928571428571429,0.018095128,22
0.09343973333596434,Very Low,Jornal A Pátria,0.39285714285714285,0.019100413,2
0.6023943839675135,Very High,Alexandre Costa,1.0,0.29405528,5
0.3159750813406198,High,A Nossa Bandeira Jamais Será Vermelha,1.0,0.025910228,13
0.2009270629522314,Low,BLOQUEIE A GLOBO VOCÊ TAMBÉM!,0.3333333333333333,0.04760506,69
0.23778494723441196,Low,Indignado  Brasil Anti-Bolsonaro,0.6785714285714286,0.0059688794,3
0.20140352033643089,Low,Socializando,0.75,0.1104733,5
0.8785830173301912,Very High,"Na dúvida, siga à esquerda",0.2857142857142857,0.023788974,31
1.0099664290642494,Very High,Gaúchos da resistência.,1.0,0.3286776,66
0.05601585134699982,Very Low,"Todos contra a ""globo"" e todos a favor do Lula.",0.6086956521739131,0.09112182,117
0.06498361946147946,Very Low,#A GAZETA ESQUERDISTA CONTRA O COISO,0.2222222222222222,0.09525062,108
0.3867809907773092,High,"Industrialização, Tecnologia e Emprego",0.2857142857142857,0.15435068,15
0.026304775780401246,Very Low,Grupo do Movimento Brasil à Direita,1.0,0.016712861,88
0.5511418056647096,Very High,Pig Golpista,0.3191489361702128,0.24763705,37
0.31716939691512336,High,Estação das Flores®,0.6521739130434783,0.4475325,6
0.7266424738143689,Very High,Perolas dos Coxinhas,0.8113207547169812,0.23523538,244
0.42285607040343803,High,"UNIDOS NA ""RESISTÊNCIA"" SEMPRE - ⭐️",0.8823529411764706,0.37751234,19
0.29795205225870114,Low,GRUPO OLAVO DE CARVALHO,1.0,0.015330595,123
0.5691878515995143,Very High,#LulaLivre,0.2,0.013131535,22
0.8675674601899246,Very High,Conservadores Patriotas,0.4375,0.029092113,6
0.5507455235459287,Very High,Anarcomiguxos VIII,1.0,0.013822667,3
0.2603810070835124,Low,MULHERES COM BOLSONARO ALIANÇA PELO BRASIL [OFICIAL],1.0,0.014073989,44
0.3210349150085196,High,INTERVENÇÃO MILITAR CONSTITUCIONAL  JÁ !,1.0,0.054531995,19
0.6012647758419969,Very High,CIDADE EM AÇÃO,1.0,0.28857216,2
0.30088860938495154,Low,Alexandre Costa,1.0,0.00001374413,5
0.245333106452853,Low,Bordalo,1.0,0.00087962433,7
0.27496172665338137,Low,LULA LÁ BRILHA UMA ESTRELA,1.0,0.00002503395,95
0.39056070832604983,High,ÉTICA na POLÍTICA @ COMPETÊNCIA e HONESTIDADE,0.9636363636363636,0.024613906,9
0.164678260740861,Low,Karen Santos,0.21428571428571427,0.4269174,1
0.31256682955761433,Low,Vigilantes do Pará,0.9574468085106383,0.09915545,2
0.17232320977388538,Low,Candidato Deputado Federal Republicanos RJ Comandante Sarmento 1082,1.0,0.47119883,9
0.20726643509695308,Low,Zé Raimundo,0.9636363636363636,0.15545623,4
0.199679642370847,Low,Brasil de Fato Paraíba,1.0,0.0016807107,5
0.9979202357409237,Very High,Bolsonaro Tem Meu Voto,1.0,0.009613037,3
0.2122122281743022,Low,Sociologia para Jovens do século XXI,0.2549019607843137,0.23523538,9
0.8971014137063649,Very High,Lula Presidente do Brasil,0.3170731707317073,0.26859093,27
0.6551025019490763,Very High,PeTistas de Coração,1.0,0.041915078,7
0.4180961656735454,High,Juntos,0.2222222222222222,0.44039994,4
0.23422521125230011,Low,Angu a Baiana,0.25925925925925924,0.112436704,5
0.257231392844754,Low,Direita Limoeiro-PE,0.9574468085106383,0.04290464,2
0.26464569513203484,Low,BOLSONARO O MELHOR PRESIDENTE,1.0,0.038048524,67
0.177109892926034,Low,Panteras Rosa,0.34545454545454546,0.43965456,1
0.3577217784538208,High,Esquerda Arretada,1.0,0.040183347,14
0.10169391525423699,Very Low,Frente Esquadrão Popular,1.0,0.29039988,1
0.20079751279763758,Low,Apoiadores de Othoniel Pinheiro,0.9245283018867925,0.040183347,8
0.49789115832581,High,Grupo Tortura Nunca Mais- BA,0.37037037037037035,0.02402467,1
0.31802451457732384,High,Perolas dos Coxinhas,0.3584905660377358,0.045378547,244
0.631970746697659,Very High,Homem Conservador,0.9512195121951219,0.000042459546,2
0.15024731489566334,Very Low,Estação das Flores®,0.10638297872340426,0.20102765,6
0.15881019781776395,Very Low,Professor Rodrigo Gomes,0.8867924528301887,0.014890783,1
0.07110501949712178,Very Low,Perolas dos Coxinhas,1.0,0.3625127,244
1.1073890858137876,Very High,O Brasil,0.7735849056603774,0.011120965,18
0.42360792636494005,High,Unidos pelo Serviço Público,0.1836734693877551,0.3266089,9
0.605907313144062,Very High,Grupo de Apoio aos Povos Originários do Brasil,0.3333333333333333,0.02107848,5
0.20149896384659138,Low,LULA LÁ BRILHA UMA ESTRELA,0.7142857142857143,0.27975297,95
0.6314824465021399,Very High,edita pra mim,0.9615384615384616,0.47772613,88
0.581068913860598,Very High,FAZ ARMINHA QUE PASSA,0.5319148936170213,0.0042096307,1
0.2172484836628928,Low,ESQUERDA PURO SANGUE COM LULA 13,1.0,0.5024724,6
0.5505816318110326,Very High,Pequenas Igrejas & Grandes Negócios 3.0,0.8918918918918919,0.6020386,3
0.102156524154882,Very Low,Eu gosto de memes e de política,0.5714285714285714,0.016838523,1
0.130155459367022,Very Low,Direita News 2.0,0.48717948717948717,0.08874765,2
0.089119236888758,Very Low,"LEU NA VEJA, AZAR O SEU!!!!!!",1.0,0.0068485034,25
0.9711339261113593,Very High,FORA BOLSONARO!!,0.95,0.0154562555,48
0.4291569921939371,High,GRUPO OLAVO DE CARVALHO,0.28,0.24603334,123
0.10384415158995208,Very Low,Fé Libertária,0.28,0.06579731,4
0.5351780907689789,Very High,CFC Terribille Independente,1.0,0.014073989,1
0.01652370702198469,Very Low,A Gazeta Petista,0.9245283018867925,0.0017278334,152
0.08331973931417824,Very Low,Revista Resistência Mulheres e homens pela Democracia e Direitos Humanos,0.18518518518518517,0.37340668,20
0.4651145126061349,High,Jeovah Santos Artista Plástico,0.5348837209302325,0.37751234,2
1.3740984799032754,Very High,Candidato Deputado Federal Republicanos RJ Comandante Sarmento 1082,0.3333333333333333,0.18459146,9
0.9202439919806227,Very High,GRUPO DE APOIO À OPERAÇÃO LAVA JATO - JUIZ SÉRGIO MORO,0.25,0.22177623,57
0.560492330464377,Very High,Revoltada,0.2765957446808511,0.29771072,5
0.23167789456884258,Low,Jornal Livre SC,0.8888888888888888,0.016712861,3
0.2625979757037422,Low,No Caminho Da Resistência,0.13725490196078433,0.058490243,13
0.012717730226749047,Very Low,PT Paulista,1.0,0.008482091,16
0.22753383328106702,Low,UFRN - Universidade Federal do RN,1.0,0.0045551974,26
0.026304775780401246,Very Low,Grupo do Movimento Brasil à Direita,1.0,0.040183347,88
0.6785462508008,Very High,Haddad Presidente 13,0.9615384615384616,0.25727063,2
0.749027336754392,Very High,Bolsonaro Maranhense,1.0,0.28857216,4
0.2838264662657901,Low,Ilha do Marajó,0.9024390243902439,0.1641865,9
0.5746323387066175,Very High,Gotas de Otimismo e Informação,0.09433962264150944,0.31686464,13
0.606174308497801,Very High,Coisas que acontece em Cafelandia e regiao,1.0,0.20839658,1
1.0169855487343789,Very High,PMBR - PARTIDO MILITAR BRASILEIRO - TABOÃO DA SERRA-SP,1.0,0.04216247,12
0.601526702645901,Very High,Livia Lazaneo,0.5555555555555556,0.031331215,1
0.05119937226806831,Very Low,Retrogrado Reaça,1.0,0.3977292,12
0.668836141994828,Very High,Bolsonarianos Beltrão,1.0,0.3302291,1
0.22774785758371707,Low,VICE Brasil,0.5849056603773585,0.12867521,3
0.16012082593443805,Very Low,PS4 Brasil,0.5714285714285714,0.08241652,25
0.31258937205245985,Low,Perolas dos Coxinhas,1.0,0.075294,244
0.2991295403691394,Low,Azamiga na Luta,0.7692307692307693,0.22177623,6
0.475010465416856,High,BOLSONARO O MELHOR PRESIDENTE,0.6666666666666666,0.3666224,67
0.021473233854464868,Very Low,Perolas dos Coxinhas,1.0,0.22177623,244
0.4211673502421279,High,Fabiano TromPetista,1.0,0.07845957,1
0.07838106438092352,Very Low,OneL13,1.0,0.059479803,26
0.6459001073353179,Very High,Direita Canoinhas,1.0,0.012943043,2
0.00588228175976413,Very Low,Lula Pra Sempre Presidente do Brasil #HaddadManu2018,0.34615384615384615,0.6544696,13
0.21826660292148092,Low,Canarinho Sinistro,0.2558139534883721,0.15435068,1
0.8667079668297513,Very High,MELHORIAS PARA PIEDADE 👷,0.9,0.15158679,3
0.06257112578986268,Very Low,Pig Golpista,0.4339622641509434,0.2540519,37
0.6230191396693091,Very High,Blog da Maria Frô,0.8297872340425532,0.20195828,20
0.2847402844737848,Low,BOLSONARO O MELHOR PRESIDENTE,0.9555555555555556,0.37751234,67
0.5356894610048824,Very High,Azamiga na Luta,1.0,0.21107252,6
0.6973133393575457,Very High,Mix Linhares,0.9473684210526315,0.19986437,4
0.5825645936599945,Very High,Patriotas Brasil,0.9166666666666666,0.056263726,20
0.9372228789110439,Very High,Padre Fábio de Melo,0.9375,0.2028889,15
0.3589640561373154,High,MULHERES COM BOLSONARO ALIANÇA PELO BRASIL [OFICIAL],1.0,0.026145924,44
0.010044756248815845,Very Low,Perolas dos Coxinhas,0.0,0.44039994,244
0.33671988823947685,High,União das Esquerdas,1.0,0.20126031,85
0.3144226313402032,High,Renato Simões,0.39622641509433965,0.29771072,8
0.04646032876269557,Very Low,Progressista,1.0,0.013068704,9
0.23489986936594123,Low,Cristina del Papa,0.8571428571428571,0.012314741,15
0.36473112106001804,High,"UNIDOS NA ""RESISTÊNCIA"" SEMPRE - ⭐️",1.0,0.054531995,19
0.07155185663400754,Very Low,"Deus, Pátria e Família",0.18518518518518517,0.3722269,13
0.5008894944111326,Very High,O Plutocrata,1.0,0.06065326,3
0.098850350897541,Very Low,🇧🇷 FECHADO COM O POVO PELO BEM DO BRASIL 2023 🇧🇷,0.4166666666666667,0.19219314,12
0.10384415158995208,Very Low,CWB Resiste,0.12,0.36095104,4
0.06545978781811046,Very Low,Robério Paulino,0.9545454545454546,0.002418967,5
0.5109878640943406,Very High,Cotidiano Cristão,0.96,0.04686289,3
0.792733314903047,Very High,Joseildo Ramos,0.9591836734693877,0.17805049,3
0.0047702990650309,Very Low,Rede TV Midia,1.0,0.11150667,1
0.2847402844737848,Low,BOLSONARO O MELHOR PRESIDENTE,0.9574468085106383,0.0030315623,67
0.10385922796995123,Very Low,BOLSONARO O MELHOR PRESIDENTE,1.0,0.009047564,67
1.4226507553220182,Very High,LULA LÁ BRILHA UMA ESTRELA,0.4358974358974359,0.50789946,95
0.060475996395781495,Very Low,#A GAZETA ESQUERDISTA CONTRA O COISO,0.3469387755102041,0.11357342,108
0.6505851812974518,Very High,De tudo um pouco,1.0,0.09611836,11
1.6721040468135775,Very High,Aliança pelo Brasil - Petrópolis/RJ,0.9583333333333334,0.0024817972,3
0.024725230332719117,Very Low,Movimento Brasil LIVRE E SOBERANO-Rede Internacional da Legalidade,1.0,0.030034892,30
0.9901726933653963,Very High,edita pra mim,1.0,0.1693855,88
0.3700498822187153,High,A Gazeta Petista,0.9444444444444444,0.31963667,152
0.14047496928619724,Very Low,Piraí fala aí....,1.0,0.017466826,14
0.5645099202895809,Very High,Movimento Fé e Obras,1.0,0.20265625,3
0.33071301272061515,High,Douglas Carvalho,1.0,0.019477395,30
0.27962384784306626,Low,André Quintão,1.0,0.17545098,4
0.5615088485740531,Very High,No Caminho Da Resistência,0.2903225806451613,0.01005285,13
0.492456015800946,High,Prof. Cláudio Melon,0.9230769230769231,0.39231625,1
0.050158819661889786,Very Low,BOLSONARO O MELHOR PRESIDENTE,1.0,0.009738698,67
0.8605822068252946,Very High,A gente não tem cara de babaca!,1.0,0.054284602,32
0.7590574949947615,Very High,Política com P Maiúsculo,1.0,0.52007306,3
0.2085221851311021,Low,Mulheres Com Rogério,0.9615384615384616,0.11161,7
0.2787174493771567,Low,Bolsonaro Tem Meu Voto,0.9354838709677419,0.34328604,3
0.3085102278725117,Low,Bolsonaro: aqui não,0.5217391304347826,0.03592727,18
0.2647858805074327,Low,ESPERANÇA EM LULA 2023,1.0,0.37751234,3
0.37522850297652,High,Hipocrisia: A rainha absoluta,0.058823529411764705,0.013382856,5
0.4820850526952314,High,Fortaleza Ceará,1.0,0.00011437079,9
0.17432925515388464,Low,Movimento Voto Nulo,0.3333333333333333,0.47119883,10
0.3235077279071521,High,CAIXA 2 DO BOLSONARO,1.0,0.009864358,4
0.7484059120244781,Very High,Paulo Eduardo Gomes,1.0,0.009236055,4
0.016115340781287846,Very Low,União das Esquerdas,0.13043478260869565,0.09828771,85
0.5650702619139472,Very High,Pato arrependido,0.6,0.37955463,32
0.6871416995414479,Very High,Perolas dos Coxinhas,0.4090909090909091,0.000015462147,244
0.598131102002812,Very High,O Vaqueiro Postou,1.0,0.32919475,3
0.2391850212520341,Low,VITÓRIA NA GUERRA BRASIL PEGA FOGO!,0.9534883720930233,0.39021665,32
0.026304775780401246,Very Low,Grupo do Movimento Brasil à Direita,1.0,0.010115679,88
1.0431448973080335,Very High,Movimento Conservador SP,1.0,0.008482091,5
0.550580965144366,Very High,TV ILHA,0.8285714285714286,0.10870059,1
0.3579882421350194,High,LULA LÁ BRILHA UMA ESTRELA,0.8823529411764706,0.37751234,95
0.5505817151443662,Very High,Amigos de Fortaleza,1.0,0.2359567,2
0.46047733537251656,High,Grupo de apoio à Policia Federal e contra o Foro privilegiado,1.0,0.24282593,8
0.12278801699070108,Very Low,PS4 Brasil,0.76,0.013445686,25
0.03488887210279687,Very Low,Vem Pra Rua Brasilia,1.0,0.008105109,12
0.3652749237846722,High,No Caminho Da Resistência,0.0196078431372549,0.1373533,13
0.422906276927929,High,Anti-Esquerda,0.9555555555555556,0.016838523,3
0.05556269716186352,Very Low,Bolsonaro Presidente do Brasil,0.2608695652173913,0.37751234,9
0.3119249328752953,Low,A Gazeta Petista,1.0,0.0006283031,152
0.441985830165057,High,Jeferson Campos Vereador,0.813953488372093,0.027677942,1
0.7031777003552016,Very High,COMITÊ NACIONAL LULA13 PRESIDENTE,1.0,0.1693855,5
0.20988095341231083,Low,Irmãos Moura Brasil,1.0,0.03357032,11
0.2606714797830134,Low,Gotas de Otimismo e Informação,0.9583333333333334,0.15213956,13
0.164678260740861,Low,Nando Gross,0.3333333333333333,0.02685301,1
1.4600504584743077,Very High,PARANÁ & BRASIL,0.9047619047619048,0.39987978,7
0.6355695780709473,Very High,A Gazeta Petista,0.6862745098039216,0.30514878,152
0.5422266330186065,Very High,Velório da Direita 2.0,0.8604651162790697,0.2524482,5
0.20108321501803894,Low,LGBT Brasil  ( perfil 2 ),0.3877551020408163,0.023788974,41
0.1640233791124276,Low,Pig Golpista,0.36,0.00006332117,37
0.3245661087588199,High,Lula Presidente do Brasil,1.0,0.005717558,27
0.19275909922308265,Low,O Bolsonarismo de Todos os Dias,0.2682926829268293,0.029445656,3
0.9321633448025182,Very High,A Privataria Tucana,0.23404255319148937,0.063423134,56
0.36739017702986926,High,GRUPO DE APOIO AO  GOVERNO DO BOLSONARO PRESIDENTE DO BRASIL,0.7333333333333333,0.0007500368,54
0.04481534492997541,Very Low,Veganismo e Libertação Animal,0.022222222222222223,0.37458646,11
0.7667386244117855,Very High,KP_News Notícias,0.9565217391304348,0.09568449,6
0.10169441525423695,Very Low,Robson Leite,1.0,0.009424546,2
0.6279625658957529,Very High,Observatório da Violência Religiosa,0.0,0.010806813,2
0.35345378675706807,High,Canal Nobre,0.625,0.20195828,6
0.11261893899441328,Very Low,Grupo do Movimento Brasil à Direita,1.0,0.11181668,88
0.35146501220270954,High,Jovens Conservadores do Brasil,0.9411764705882353,0.61223894,8
0.3625888079033731,High,GRUPO OLAVO DE CARVALHO,0.9,0.47119883,123
0.505776646430524,Very High,KAIU NA MÍDIA!!,0.13333333333333333,0.016021729,7
0.08826382687499423,Very Low,edita pra mim,1.0,0.034277402,88
1.4226507553220182,Very High,LULA LÁ BRILHA UMA ESTRELA,0.12,0.1269396,95
1.2581015178721864,Very High,Eu não voto em direitistas e conservadores,0.7777777777777778,0.5559701,9
0.0008342445506737128,Very Low,Acontecimentos Porto Alegre & Região,0.7222222222222222,0.30993456,41
0.0980298248870738,Very Low,Sou conservador cristão,0.04,0.031684756,1
0.2812764560710772,Low,Amigos de Itaocara #Oficial,0.9459459459459459,0.08004235,17
0.3589640561373154,High,MULHERES COM BOLSONARO ALIANÇA PELO BRASIL [OFICIAL],1.0,0.014953613,44
0.008977259418410766,Very Low,Gaúchos da resistência.,0.3181818181818182,0.4013387,66
0.06959699643784956,Very Low,LULA PELA DEMOCRACIA,1.0,0.09112182,34
0.5144224046735356,Very High,O Plutocrata,0.40425531914893614,0.085582085,3
0.27531998988728057,Low,Agenda das Ciências Criminais,0.1836734693877551,0.47886392,5
0.21684463162968592,Low,PT Bahia,1.0,0.00024739435,2
0.2078003537177997,Low,Bolsonarianos Dois Vizinhos,1.0,0.017341165,3
0.8542238259089323,Very High,Kátia Abreu,1.0,0.009613037,2
0.16467876074086096,Low,LAB - Latin America Bureau,0.8604651162790697,0.20032968,2
