account_name,Intercept,se_intercept,Slope_Toxicity,se_slope,rank_high,rank_low,rank_abs
Liga Cristã Mundial Brasil,0.8726889289301974,0.26228508848562226,0.24061494607370482,0.15791097584028319,1,1243,1
Jovens de Direita,0.7945133845350745,0.24858571688442394,0.4497969851431775,0.16171416843853617,2,1242,2
ESPERANÇA EM LULA 2023,0.5728399417201286,0.26446054932695845,0.2849241385437011,0.15141952004148496,3,1241,3
CartaCapitalista,0.5615871037057598,0.24635314830132654,0.23811133824012584,0.15091446943898001,4,1240,4
Jair M. Bolsonaro,0.49866110527457846,0.30042763743848677,0.04025778982781735,0.17116538708733617,5,1239,7
Política com P Maiúsculo,0.4788350036060827,0.2529526064293488,0.2607105950514817,0.1438707955315189,6,1238,8
Bolsonaro Maranhense,0.4555792261778553,0.23988433260857822,0.24704353029526946,0.13779249971316382,7,1237,11
Eric Valini,0.42718786266223063,0.2626940214657093,0.14339092664978298,0.1523128038756122,8,1236,14
Botafogo Antifascista,0.42349915962159684,0.25409793432352756,0.21064371465933496,0.14236645217240246,9,1235,15
Movimento Brasil LIVRE E SOBERANO-Rede Internacional da Legalidade,0.40312676886692633,0.20942076956905648,0.1875045430819194,0.15413883510773296,10,1234,18
Apoiamos Rafael ZUCCO com Bolsonaro Presidente e Tarcísio Governador. 🇧🇷,0.4018728290609977,0.25922544291019634,0.1693592975085238,0.14713788062121266,11,1233,21
Movimento Conservador SP,0.38463329109065664,0.2786057195819663,0.027076171184134842,0.16489819813221718,12,1232,22
Cris Bernart,0.3572587091644867,0.2585726808434555,0.1505577875326222,0.14611722604859637,13,1231,25
Pietra De Pinho,0.356799315388556,0.26115517781843545,0.08677638668435458,0.14496763559596526,14,1230,26
TODXS,0.3561764386643591,0.2791986150252322,0.03433477819938042,0.1620222977622385,15,1229,27
ZUCCO News Brasil,0.350262852477544,0.25027985703291716,0.1486786576559729,0.14384837299026057,16,1228,28
Azamiga na Luta,0.33673197600925214,0.25669978108398434,0.12191168370185707,0.1483556453597336,17,1227,31
Fico,0.3187034846445022,0.2722393540233408,0.032910871445122614,0.15927996881134257,18,1226,34
UJS - União da Juventude Socialista,0.31419332441242487,0.24482389745037775,0.1004749048891546,0.14942560535167626,19,1225,37
Bolsonaro Herói Nacional,0.30751905890532627,0.16219123335311117,0.05996198264242142,0.10387301108085155,20,1224,38
Ursal- A Nova Ordem Mundial,0.300038925846867,0.21007139441158806,0.07809554595465741,0.1291410913892352,21,1223,39
Perolas dos Coxinhas,0.2932140243436135,0.11925335212088815,-0.0886292865487614,0.09236276099042783,22,1222,40
Grupo do Movimento Brasil à Direita,0.2848552565211528,0.18044393678671236,0.03417011169031732,0.12268163746693887,23,1221,43
¡NUNCA MAS DICTADURA NI TERRORISMO DE ESTADO!,0.2786081360349097,0.2792989730983342,0.13541919158311883,0.1513316129600785,24,1220,45
Os Dias São Assim,0.27612448175438037,0.27213458114090927,0.05959455365502202,0.1547322729157222,25,1219,47
Lula pelo Brasil,0.27580629915042315,0.21733606061099206,0.08856886387835987,0.13591476454217596,26,1218,48
Jornalismo Wando,0.25303194876410967,0.2836340117371299,0.027742004819152646,0.15761041321083458,27,1217,54
Planète Amazone,0.24654637529300505,0.2889784195301571,0.11129941415211927,0.15466867747820695,28,1216,57
Lula,0.24628636952554464,0.22095090164126216,0.03529776174199817,0.14553561684310548,29,1215,58
Anarcomiguxos VIII,0.24349639495635042,0.2633280864697894,0.020379336590841176,0.15598952884182718,30,1214,61
Eu sou mais Brasil,0.23902994231689703,0.2745254338814195,0.019801820795656868,0.15782131497607452,31,1213,64
BOLSONARO O MELHOR PRESIDENTE,0.23818468034575327,0.1864409942342858,0.08785267425549513,0.09774897401760504,32,1212,65
Metanoia,0.23696501309769574,0.25803850242987036,0.07507373968999176,0.14880063493862392,33,1211,66
PSTAL - Partido Stalinismo e Liberdade,0.23180682686414175,0.22849399383159033,0.14543971511274953,0.11827280929517679,34,1210,69
Lula e Haddad 2022,0.2312615966308946,0.27815409636552785,0.1292622296019801,0.14875781667243904,35,1209,70
Bolsonaro Presidente do Brasil,0.23034624921793478,0.22791699967469228,0.16576595954046647,0.13259462903046454,36,1208,71
Pau de Arara,0.229889739403499,0.2288214605454502,0.11443482623054964,0.12936142256896865,37,1207,73
Belém Metrópole da Amazônia,0.2278699436314866,0.25416623481439443,0.07648736695951784,0.14711901174498665,38,1206,76
Direita Carioca,0.22744366364257168,0.24830569207310996,0.010063088568243854,0.15790648572084795,39,1205,77
Direita Potiguar,0.22738039807402435,0.24455791424497408,0.07299657056173095,0.1377463578287354,40,1204,78
Amauri Teixeira,0.22628764771049095,0.20509492550909736,0.05568991699153515,0.12292685787583163,41,1203,80
Ceará é Bolsonaro Presidente,0.22581615282215206,0.25073205634099727,0.04898129176690074,0.14643666221444954,42,1202,81
Supremo é o Povo,0.2252524341379093,0.2494991354207143,0.08635135917155591,0.1400540956428515,43,1201,82
Destro Direitoso,0.2248162809195678,0.26025582805425124,0.12773561562476868,0.13590897339913086,44,1200,83
Homem De Direita,0.21520854257739408,0.23079121736607408,0.049854241388970315,0.12788488141136545,45,1199,88
Acontecimentos Alvorada ✅,0.2104243074195769,0.271596202926797,0.05017318133731421,0.1530654390486121,46,1198,93
LAB - Latin America Bureau,0.2059391955468047,0.28791326279165536,0.07157652850001156,0.15392539603169308,47,1197,98
Terra,0.20580681711429968,0.1675011303129236,0.023147722077700147,0.1473217910196781,48,1196,99
Caneta Desmanipuladora,0.2022127447839371,0.2635417479694338,0.09128570639822645,0.14431388334930598,49,1195,101
Irmãos Moura Brasil,0.1959901628765005,0.25900635196879496,0.024197355851434885,0.1553925237173515,50,1194,108
Bolsonaro Litoral #2022🏄‍♂️🇧🇷🏄‍♀️😎👉,0.19472692444573236,0.25811717879575524,0.09513748625656883,0.14010115723670752,51,1193,110
United Against Racism,0.1936517931748833,0.27831911565826023,0.09741467386724742,0.1490136315186715,52,1192,112
Orgulho de Ser LGBT,0.19156311309692026,0.26306888237397363,0.08281792592532304,0.14499254292200198,53,1191,115
Templário,0.19098783640347045,0.25330276151026343,0.03396726089369018,0.14677686036528914,54,1190,116
Direita Rio,0.19087885129589433,0.23735922484934427,0.04528506819486141,0.13345166360211008,55,1189,117
VICE Brasil,0.1869817744609222,0.2669020750543183,-0.01479251401722601,0.15894013181069952,56,1188,122
Ricardo D'Addio,0.18357019535739727,0.2646705661940885,0.07363883425125724,0.14671632582364538,57,1187,126
Mulheres à favor de Bolsonaro,0.1825081754889928,0.27167698583160005,0.011143454050147892,0.15648478687590495,58,1186,127
Agentes Federais do Brasil,0.1771607414140959,0.24002833442119076,-0.01801613602552019,0.15247816273250528,59,1185,130
Rafael Zucco,0.17625444107295607,0.25080352238924686,0.08455087094989816,0.14325081332066067,60,1184,132
O Estadista,0.1754496994813733,0.18939767739245622,0.0629909788978023,0.11090135672449769,61,1183,134
Direita sensata,0.1751572633516401,0.2667750528109534,0.038470953379974034,0.15270545637561325,62,1182,135
Meu nome é Enéas,0.1745019869291722,0.24712452867187323,0.029922446517012133,0.14994392500436693,63,1181,136
UFV,0.17447129028773922,0.2591584117200928,0.08629703630214541,0.13990178203455414,64,1180,137
Brasil de verdade,0.1722214102641402,0.26647628778977656,0.01153293039388313,0.15604170343855148,65,1179,140
ESQUERDA PURO SANGUE COM LULA 13,0.17160290184067514,0.25605584894909594,0.09791520076799366,0.13228731856273931,66,1178,141
Henry Bugalho,0.1707104939502782,0.265764958596549,0.07357236981195878,0.14729137277711019,67,1177,142
TV AFIADA,0.1649474363771571,0.25771821142649193,0.08462448026219374,0.1377975871874969,68,1176,150
Iconoclastia Incendiária,0.1641173818676991,0.2473130469493445,0.05732104966301458,0.14598075678165598,69,1175,152
Décio Lima,0.16395782943387355,0.23110455444904962,0.07110615028733618,0.14214336049036996,70,1174,154
Conservadores - Tamo Junto,0.16311412257024155,0.2676613244425518,0.01802370383013917,0.15436230747698604,71,1173,156
Fora Tucanada,0.1628548675904709,0.25623902708757085,0.06771545418712038,0.14510551141849282,72,1172,157
Casas de Cultura - UFC,0.16173611945491168,0.27154282906297184,0.048249655880324226,0.15140213962603977,73,1171,159
Comitê Estadual Passa Fora Ratazana,0.16099107703818985,0.2575507065643938,0.08436067585419277,0.13687827794417654,74,1170,162
PS4 Brasil,0.16076654482804312,0.22871875933404986,0.13564932150006165,0.13373795104661626,75,1169,163
Movimento esquerda forte,0.15964406453948807,0.26838502941358333,0.0307038845847262,0.15239265960156778,76,1168,167
Fernando Haddad,0.15961276351501194,0.21086186984768024,0.029992998558642826,0.13011568466834147,77,1167,168
PT Paulista,0.15956452609509675,0.23521635748704017,0.021735799764023706,0.14806878145171135,78,1166,169
GRUPO OLAVO DE CARVALHO,0.159196328713582,0.15256037876409748,-0.07352897606351565,0.10188205411056779,79,1165,172
Quebrando a Catraca,0.15897846361365853,0.2638590732187842,0.04304385416521475,0.14839365158756088,80,1164,174
Jair Bolsonaro Presidente 2018,0.15426393127323612,0.2541818017816996,0.10974220423248454,0.14637511566304495,81,1163,177
Elika Takimoto,0.15423647130060575,0.2548883233872145,0.08479443906784884,0.1324948598831237,82,1162,178
Professores Conservadores Do Brasil,0.15121561270718423,0.27803093007301244,0.009263950968521974,0.15569057972613132,83,1161,181
Direita Conservadora,0.1507332517732847,0.2710189920440378,0.012498050450719524,0.15530021946169176,84,1160,182
Cirão Paraibano,0.15063391054483982,0.25751688724758254,0.04709137007414036,0.14562128617859357,85,1159,183
BOLSONARO PRESIDENTE 2022,0.14526162623980476,0.27767562907079907,0.010108735035751158,0.15542476593487337,86,1158,191
Cristiano Silveira,0.14503680899783192,0.26343343123315316,0.06436079602421621,0.14411595477721706,87,1157,192
Bolsonaro do Nordeste,0.14474209946952077,0.24778193707760418,-0.0031716679624387138,0.1474973159150596,88,1156,194
Pablo Villaça,0.14211112017947405,0.28079005916853267,0.05471589050573379,0.151333165141954,89,1155,199
Luizianne Lins,0.14096847338843582,0.2579560710016919,0.047010589435196246,0.1499354562838859,90,1154,201
Orgulho por eleger Jair Bolsonaro PSL #17,0.14044963049867876,0.264113208567748,0.010074884775866842,0.15517652388434516,91,1153,202
Marx da Depressão,0.14020191858796188,0.25754168785651077,0.06510108247636819,0.14350870484010853,92,1152,203
"UNIDOS NA ""RESISTÊNCIA"" SEMPRE - ⭐️",0.13965725828714465,0.2213163129991062,-0.0034338072580996273,0.1348491690394524,93,1151,208
Renan Inquérito,0.13965615293415934,0.2849648887533306,0.04413810528963193,0.1530401803460221,94,1150,209
CorruPTos,0.13952997130103964,0.257828858196473,0.09220963432599293,0.12451397976275001,95,1149,210
Ruth Sheherazade,0.1390464357525583,0.20186414952368148,0.046258025367491136,0.10793578344776678,96,1148,211
Conservador Arretado,0.13818209837628279,0.2279217755996198,0.059723630369050054,0.1202088109038689,97,1147,213
Pig Golpista,0.1375487367407888,0.1892524657077257,0.023701007966476957,0.13220088587190199,98,1146,214
Mulheres Com Bolsonaro,0.1371546764919761,0.24099213024009328,0.04356974041781963,0.13925034199056202,99,1145,215
Bolsonaro Maceió,0.13638695768943626,0.26101592740222807,0.060346266370434214,0.14611263889838974,100,1144,219
Brasil Conservador,0.13436217950985566,0.1842359743212467,0.06331458996797841,0.12598809775070013,101,1143,222
Benedita da Silva,0.1335593913193649,0.26555509760217283,0.055027357872368336,0.1461241830735243,102,1142,224
Conservador Opressor,0.13285405511753415,0.2868734826502991,0.05087535465600661,0.15295546969740645,103,1141,226
Fernando Andrade,0.13203449422464772,0.27095943556998947,0.020817342896091898,0.15384300422129274,104,1140,230
Cristãos Progressistas,0.13110511997735141,0.25714446814512315,0.03222682418498799,0.147659653538457,105,1139,233
Movimento Fé e Obras,0.1308262878371936,0.2685388733566669,0.0457933932973616,0.14901428521152066,106,1138,235
PT São Paulo,0.130591839304396,0.262966623667471,0.013987289560790593,0.15422478876701493,107,1137,237
Carlos Jordy,0.1305302938723925,0.27204207545054293,0.045754019299393024,0.1498267263849085,108,1136,238
Mulher: Mais que um dia,0.13031163955942462,0.2581775389291502,0.06384225719951371,0.14168510315711877,109,1135,239
PMBR - PARTIDO MILITAR BRASILEIRO - TABOÃO DA SERRA-SP,0.12907487626777792,0.27543490912964236,0.01653126010050093,0.15436605718934593,110,1134,243
Ciro Gomes Zueiro,0.12717266546824899,0.21469802967372625,0.037440046496743824,0.13672097056726654,111,1133,246
Carlos Fernando dos Santos Lima,0.12713621437724482,0.24176443750331403,0.05069665326804542,0.14517105521207788,112,1132,247
Fábio Felix,0.12697743352248822,0.26873326560219496,0.013577577412382752,0.15442457562867493,113,1131,248
Acontecimentos Porto Alegre & Região,0.12646350419975577,0.26330583995772344,0.016136245457356285,0.14755038839328496,114,1130,250
Esquerda Arretada - o retorno.,0.12507191189961894,0.25912890992562215,0.037365349569671476,0.14344882069587087,115,1129,254
Direita Caipira,0.12451848818072389,0.26607763459644507,0.024496410575765175,0.15360014320670823,116,1128,255
Time Lula,0.12449129081295142,0.23921803505545547,0.03271673100672831,0.14709858418490238,117,1127,256
Raquel Gerde,0.12438271268929825,0.2671421783070098,0.0638131919241596,0.142237561678412,118,1126,257
ÉTICA na POLÍTICA @ COMPETÊNCIA e HONESTIDADE,0.12349559113632715,0.25029139809687645,0.07423520763459036,0.1408251729166263,119,1125,260
Inteligentista,0.12184057241942017,0.22610590301444616,-0.027322364591155533,0.1343257582285994,120,1124,264
Apoiadores de Othoniel Pinheiro,0.12103480200487932,0.2567522875273397,0.07040679905991647,0.14300928537168908,121,1123,266
Serei Deboche,0.11945568468117605,0.2715983603444013,0.02888150108398193,0.15215464123705244,122,1122,272
Amigos de Fortaleza,0.1191881887227433,0.2580854367479472,0.049974234027850624,0.14621978839422384,123,1121,273
Waldenor Pereira,0.11900679348275445,0.2624049516776645,0.03409428183841557,0.1496414175668639,124,1120,274
O Jacaré de tanga,0.11885201784077734,0.2506073282079056,0.031799049953528676,0.1385034666567911,125,1119,276
UNAMONOS PUEBLOS LATINOAMERICANOS Y REVOLUCIONARIOS (LA PATRIA GRANDE),0.11668924301495393,0.2880364698365476,0.005356726432865798,0.15513610749977128,126,1118,279
Minas é Bolsonaro,0.1164638187102749,0.24902851993766473,0.054155011454343226,0.13780616263759438,127,1117,281
Afrodeks TV,0.11575934006654764,0.2539056843407459,0.07221789751252357,0.13064728420629892,128,1116,285
Trabalhismo e Nacionalismo: Vias Construtoras do Socialismo Brasileiro,0.1156407631504233,0.2740758391127223,0.028025954867445933,0.15238497092397563,129,1115,286
Marco Maia,0.11537566029749259,0.2275818412302959,0.05090064984104891,0.14448491365985183,130,1114,288
PrefeiTop,0.11507418521252448,0.26824581163141714,0.04285197358727461,0.14817648847749154,131,1113,289
edita pra mim,0.11490269700941577,0.16509655099147683,0.07599964859771018,0.1131440291607054,132,1112,292
Henrique Domingues,0.11448648658950092,0.25856810113188416,-0.014431512091861448,0.1523053116644775,133,1111,294
Movimento Fora Bozo,0.11394581572951314,0.25213652234303396,0.11505177385402396,0.1319957421614086,134,1110,297
Bolsonaro Reeleito 2022,0.11379686008478897,0.2795733212051627,0.00636102671668447,0.154972925377312,135,1109,298
Maria Aparecida De Barros Quintão,0.11193674612527714,0.26421966539573144,0.0650061431929826,0.13659361983679905,136,1108,300
Jeferson Campos Vereador,0.11184690194082021,0.2856364482968151,0.01131357200254785,0.15464073742939488,137,1107,301
Major Mecca,0.1116892180291787,0.26011037318662455,0.033271498847111766,0.1485412973943898,138,1106,302
Fábio Mello,0.11141816558378682,0.26748600004550194,0.016889572742330078,0.15293345397032604,139,1105,304
PT e Lula Sempre! Fora Bozonaro!,0.11075655862126703,0.27101377579485486,0.034669110958119594,0.15040751604728242,140,1104,305
Leoni Oficial,0.1107206329657489,0.18516604810137877,-0.04125441776117231,0.12973962434569677,141,1103,306
CONTRA MANIPULAÇÃO RELIGIOSA E POLITICA DE CLASSES,0.11033710442553671,0.2730525152315543,0.023884648843289877,0.1526998045406617,142,1102,308
PT Londrina,0.10977353512642331,0.27030989265145544,0.012291690616511787,0.1541846609364328,143,1101,310
Pato na Panela,0.10888618906618232,0.27790964823658465,0.012798727526147604,0.1542898317093556,144,1100,312
"Téa, a Ateia",0.10838560542453876,0.27643093172167493,0.043478679191579085,0.14965678997357856,145,1099,314
COMITÊ NACIONAL LULA13 PRESIDENTE,0.108052270275246,0.2712085151955489,0.03382261234983808,0.15042326704304435,146,1098,315
Raul Marcelo,0.10782517977983119,0.2736446004919732,0.010864742247801784,0.15443819675109746,147,1097,317
Direita Sorocabana,0.10682609200570874,0.26566462559147386,0.041530364296208926,0.1472222469698412,148,1096,318
Roberto Robaina,0.1061475425610699,0.2698299181863063,0.03333379900032914,0.15016522965134302,149,1095,321
Cômicas Políticas,0.1057368927454132,0.23367937081956192,-0.005180460148717752,0.13820298414561674,150,1094,323
O Cafezinho,0.1052559093685468,0.2676558847990684,0.06216591937399686,0.13821166337266072,151,1093,326
mosqueteiros,0.10195073608035829,0.27470970744917683,0.023554465745833628,0.15253779753265787,152,1092,337
🇧🇷🇧🇷🇧🇷#INTERVENÇÃOMILITAR🇧🇷🇧🇷🇧🇷  🌟🌟🌟#INTERVENÇÃOMILITAR🌟🌟,0.10062028250203357,0.27191509706760675,0.008782466846154514,0.15418028773220005,153,1091,340
UFMG,0.10017888845074686,0.2596059454416263,0.037606461783613855,0.13507371437569898,154,1090,343
Residencial viver melhor em manaus,0.09980744585143685,0.27161887384507527,0.027084994456089247,0.15141903522199462,155,1089,345
Vigilantes do Pará,0.09972892573195478,0.27200528105074157,0.003545257496481994,0.1542218570786369,156,1088,347
Panteras Rosa,0.09930652067098966,0.2793971827148344,0.05325573686362626,0.14747428842006496,157,1087,348
Ciro Gomes do Brasil,0.09898144024982422,0.20280266719456821,-0.04174597322829787,0.12782996100884284,158,1086,350
Conservadores,0.09846868624045481,0.26646190160126704,0.04316344676290295,0.1450665887833877,159,1085,352
Universo Carl Sagan Irônico,0.09818344763763628,0.24197900917483,0.0957748292850525,0.13243192462842687,160,1084,355
Um activismo por dia,0.09811916358612008,0.28927182665040146,0.0058832105034221285,0.15472422796191307,161,1083,356
Retrogrado Reaça,0.09798240457086185,0.2281739484948385,0.05150845119414348,0.13346638779241546,162,1082,357
Autismo: Autistas na Resistência Democrática,0.09742283921034008,0.2774342097241718,0.010073514601436517,0.15427925790100314,163,1081,359
Desquebrando o tabu,0.09730807875880465,0.2731938506704834,0.0068854870505733615,0.15453480312800535,164,1080,360
Voltemos à Direita,0.09719009359041765,0.2815732801569935,0.006124665931087021,0.15464660212536904,165,1079,361
SOS Racismo,0.0969036283921789,0.2705105718756873,0.034716012790162155,0.14992256104143759,166,1078,364
Minas contra Bolsonaro,0.09685764853430116,0.25306529345068757,0.03476471041922677,0.14907665803244405,167,1077,365
Todo dia uma matéria imbecil sobre Jair Bolsonaro,0.09685128644547077,0.2743384182083367,0.03031647098838181,0.15094676342981628,168,1076,367
Ciro Tranquilão,0.096589806151749,0.25964856252014284,0.05962306141081952,0.13018591048322412,169,1075,370
Muitas,0.09610848461971758,0.2825460513310408,0.03215934490868413,0.15215854356970618,170,1074,372
LULA Presidente Brasil,0.09588255163838404,0.2460653535014917,0.03876030211089304,0.13532278005622778,171,1073,373
Gulaguinho de criança,0.09563570509216131,0.27512558162633916,0.030797741145971544,0.1508771402820722,172,1072,375
Liberalismo da Zoeira,0.09559660518291652,0.26975343633324494,0.047679383720196436,0.1438305147272231,173,1071,376
Sudaka,0.09536991946195797,0.2620501828185246,0.008905109615209962,0.1540219135475576,174,1070,377
Pedro Uczai,0.09526031337549036,0.2625302245928615,0.032308061647857315,0.14797224243094947,175,1069,378
Humberto Costa,0.09479467937088272,0.2216037003395261,0.030882079142777134,0.11893747826663957,176,1068,380
Flavio Gomes,0.09461684228739833,0.2524512239690397,0.046686280029307026,0.13476539849975888,177,1067,382
Grupo de apoio à Policia Federal e contra o Foro privilegiado,0.09402508316983577,0.26968369074065474,0.0366870536502497,0.14782133299555314,178,1066,383
Juntos com Márcio França,0.09305694386056904,0.2793040106145361,0.012660843002299279,0.1539754812912944,179,1065,385
Padre João,0.0928493455560885,0.2750233032636508,0.020751773671172067,0.1526408543425306,180,1064,386
Politicamente Incorreto,0.09246515916375893,0.2553022233327597,0.011417175253131892,0.15083808467464282,181,1063,387
Movimento Meritocracia de Direita,0.09234825994396063,0.2632774603122305,-0.05124579431704634,0.1468671784831543,182,1062,388
Bordalo,0.09174947959910487,0.23686487078496313,0.040878910820236834,0.13679877960233766,183,1061,390
Resistência 24 Horas,0.09131751894061949,0.27928672202589744,0.004899807184529451,0.15459947536965815,184,1060,393
Pensadores livres,0.09115117780665742,0.2232339548378672,0.004772237321897085,0.13301639133124588,185,1059,395
Jorge Solla,0.09057137348418909,0.22505967966685822,0.03607250806088001,0.11666245421921269,186,1058,397
Girls In The House,0.0890127615228627,0.27701945315878257,0.02114614175609701,0.1526229746816084,187,1057,403
URSAL,0.08894909639156133,0.19938815031031393,0.028790995874452864,0.1085360758980303,188,1056,404
Homem Raiz Operacional,0.08879252246949568,0.26341511093053105,0.06190577527883292,0.1267188295434898,189,1055,405
Saiu Agora,0.08857916405975255,0.2732089804726659,0.04504368730111691,0.14504022056041682,190,1054,407
Luiz Fernando Mainardi,0.08773252015219903,0.2731773538765872,0.018682646815440164,0.15348939500701278,191,1053,412
Bolsominions Arrependidos,0.0872436063144328,0.25822302396239405,0.01674083349228814,0.14995231984527,192,1052,414
Πολίτης Του Κόσμου,0.08716109124238085,0.27816409400406084,0.03689994108525259,0.14949849485424038,193,1051,416
MÍDIA ANCAP,0.08705804315489772,0.2629207515455516,0.052795426631833745,0.13360958131545864,194,1050,417
Áurea Carolina,0.08676820938392937,0.2833869168695481,0.03304557333977049,0.15177830258719593,195,1049,418
Latraca Crive,0.08676125091704243,0.2652380325542499,0.043364986248079454,0.14164646015515486,196,1048,419
Ciro Gomes Mineiro,0.08630593772599422,0.2508172635347036,0.048807643778473325,0.13397430129569252,197,1047,422
Brizola Pistola,0.08629312021109123,0.2719333346315518,0.011091624025409315,0.15379175627663982,198,1046,423
Direita Minas - Rio Paranaíba,0.08604432352789018,0.27348035494734124,0.00882116940159303,0.15400073397501127,199,1045,425
Queremos O LULA e FORA Bolsonaro,0.085950175659395,0.2756913783622426,0.00653560649301427,0.15438162114372997,200,1044,426
Secretaria Nacional de Mulheres do PT - SNMPT,0.08571467430524009,0.2526272714259861,0.027690715840736176,0.141419586958084,201,1043,427
Professor Lino Peres,0.08476427901159735,0.2802980067526675,0.01074232701543033,0.154010356797702,202,1042,431
MIB,0.08442216056867288,0.2554020559796449,0.04912069640799758,0.1290232361838752,203,1041,432
Feminismo pra quê?,0.08431253667528088,0.2795629697324815,0.008395232275092751,0.15419341896985803,204,1040,433
"Eu era anarcocapitalista, mas o Bolsonaro era mais",0.08425304087691447,0.27308741728475855,0.02792607922122105,0.15023248371383066,205,1039,434
Ariovaldo Carlos Jr,0.08410483220011547,0.2798562650976451,0.005103237580779262,0.15445790382647326,206,1038,435
Paula Cassol,0.08364711274235107,0.272962922273504,0.024564397682945095,0.15105438902663818,207,1037,437
Policial Brasileiro,0.08311915726437055,0.2822436732479837,0.005741659969237957,0.1544043753721769,208,1036,439
MELHORIAS PARA PIEDADE 👷,0.08288105789232035,0.2767645249003248,0.02416998686323197,0.15167221846931425,209,1035,440
Time Ciro Gomes,0.08254437175690169,0.15404744187830038,0.04668213457441544,0.11348674822325233,210,1034,442
Direita Pará,0.0822612799877849,0.2692242534109286,0.01613028454889592,0.15232662767624275,211,1033,443
É proibido VIRAR à Esquerda,0.08113031017929823,0.24466633500819132,0.0348118557167759,0.1456378308617824,212,1032,448
Time Dilma,0.080472278360356,0.2397309237201261,0.019236027404643242,0.146696651672885,213,1031,452
Vem Pra Rua Brasilia,0.08011074854298596,0.260232266821136,-0.008916300406080524,0.15014145905921045,214,1030,453
Marta Rodrigues,0.07996839997315712,0.2611203336949666,0.030732394403641443,0.146067555819772,215,1029,454
Sâmia Bomfim,0.07955170943187569,0.23933786922965306,0.04760974557172633,0.13255210871387751,216,1028,456
JANGA,0.0794109001702396,0.27969292144388047,0.027541049139002176,0.1513153406056096,217,1027,458
Renata Peron,0.07924641432722648,0.27915962678323997,0.011437879825577736,0.153771660743443,218,1026,459
Direita Paraíba,0.07900413934056424,0.2454552741712355,0.02686380056257935,0.14415107982857947,219,1025,461
SomostodosBolsonaro,0.0787136955705538,0.27376762143693034,0.005979688975788736,0.15419994086707642,220,1024,463
PT Partido dos Trabalhadores Itupeva,0.0786948686537933,0.2735368023554658,0.006981321690807834,0.15405264370793287,221,1023,464
PSOL Rio de Janeiro,0.0781673902982261,0.2671410018575098,0.03591649948725974,0.14434638004449876,222,1022,467
"Ciro, O Libertador",0.07636952209554558,0.26355615314423936,0.01246327804879247,0.14610650706386427,223,1021,474
COLECTIVO DIGNIDAD,0.07636593561564137,0.2783517538357974,0.025472975449393226,0.15124880064610713,224,1020,475
Ozomexplicanista,0.0761233890015437,0.2659527728102865,0.025165349018891458,0.14992064532127028,225,1019,478
Pato arrependido,0.07590648997870225,0.16075699313836292,0.058962922182312937,0.11429221934167723,226,1018,481
MBL - Movimento Brasil Livre Praia Grande,0.07554186526216285,0.263315660795728,0.017459958591540613,0.14744308892925828,227,1017,485
Anticorrupção,0.0751866199766448,0.27397743718607864,0.00672734011555506,0.15411441732468273,228,1016,487
UFRN - Universidade Federal do RN,0.07499829503024044,0.2740633869363296,0.006109527533514081,0.1539619853954256,229,1015,489
De tudo um pouco,0.07490930245617516,0.27652038928795364,0.016215600305779305,0.15277746270900003,230,1014,490
SOS Árvores no caminho da obra BRT Salvador,0.07488098982038034,0.2700649335231,0.02748325229804396,0.1485498165949961,231,1013,491
Major Olimpio,0.07475115868697298,0.268192498929143,0.037910421626794685,0.14254405159476183,232,1012,492
Douglas Garcia,0.07464477975179513,0.2571564455339695,0.027997631052014128,0.13709295511723998,233,1011,493
Vira Voto,0.0741969684095262,0.23277180116867396,0.018299914653820158,0.14489106950283656,234,1010,499
Kátia Abreu,0.0741024034537741,0.27501439597397237,0.004871784433714098,0.15427585021284979,235,1009,500
PT Arretado,0.07389830325901359,0.2705240271155415,0.02905669232783182,0.14786187008534715,236,1008,501
Vem Pra Rua Independentes,0.07331464202409299,0.2609975048017266,0.022665919922802157,0.14499348526400901,237,1007,503
Liberdade de Expressão,0.07313480981729115,0.281110217105259,0.005042592219732282,0.15428388179173796,238,1006,505
#MarketeirosDoJairOficial,0.07312109678307485,0.2775404297995577,0.016527351090675043,0.15274984160787744,239,1005,506
Alice Portugal,0.07303919457014335,0.2689425355422534,0.014020056320947437,0.15089185573286829,240,1004,507
Bolsonaro Tem Meu Voto,0.07125758646344253,0.2670089066728699,-0.00945378522597901,0.1490113544120216,241,1003,512
Rui Falcão,0.07120863701717937,0.263506185601091,0.017812717390200752,0.15204629034760894,242,1002,513
CIRO Joseense,0.07065156324555172,0.28249445054838307,0.0038375835827805303,0.15433394454189728,243,1001,517
Marcelino Galo,0.07046029813788827,0.26326469975896283,0.02178927670978362,0.1483247587274367,244,1000,519
Tradição Medieval,0.06997535650634253,0.2800324685142125,0.008102939891171628,0.15395560572375727,245,999,520
Bolsonarianos Beltrão,0.06991880755463696,0.2688242063499989,0.03242892016429112,0.1447107111027012,246,998,521
Isa Penna,0.06968876149946177,0.26744048926669933,0.01077051260313253,0.15136555393161688,247,997,523
Piraí fala aí....,0.06945701108091516,0.26466682920796075,0.01249037916423829,0.15261388877259677,248,996,524
Camilopolis década de 50/60/70/80/90,0.06940742198957653,0.268625487573238,0.03256957794722875,0.14441871881317966,249,995,525
Paulo Pimenta,0.06932448403418348,0.24158967054564473,0.04730789672772725,0.13956057617202056,250,994,528
PMERJ NEWS,0.06883458415713917,0.2768055002778422,0.01674954673545238,0.15240826511163966,251,993,529
Betão,0.0684862036389927,0.2639791474462242,0.017674163205858035,0.14895112513512077,252,992,530
Luciane Carminatti,0.06831995220071568,0.2577635478218339,0.01741503349721127,0.14580482086542942,253,991,531
República de Blumenau,0.06808794098646678,0.2809492559746204,0.005076531235910595,0.1541960600592022,254,990,533
MBL - Movimento Brasil Livre - Cascavel/PR,0.06793939147585953,0.2708828665791709,0.03127180263124625,0.14566215083988432,255,989,535
Alexandre Costa,0.06791657725883807,0.24693636557887624,0.025043966023281905,0.13915491166767602,256,988,536
RETRODERNO,0.06785246093627241,0.2801364980650009,0.005630423630064589,0.1541385249899821,257,987,537
Os Trabalhistas,0.0678454088416102,0.2678582273256702,0.03343438043069662,0.1430333148253704,258,986,538
Jones Manoel,0.06779863084036074,0.27670152547351085,0.013263190609641116,0.1530391339699074,259,985,539
Esquerda Arretada,0.06777348234767247,0.2723662351356649,0.00835732594680602,0.15370905558783185,260,984,540
Direita Angrense,0.06706569313385735,0.28077684649275225,0.005681959221005153,0.15413070806369591,261,983,543
Brasil Melhor,0.06699444170846194,0.25037861714834014,0.021551337622493314,0.1380582366398012,262,982,544
Direita Progresso,0.06629713155862957,0.2796186837498959,0.006973832329336417,0.1539840855586847,263,981,548
LGBT Brasil  ( perfil 2 ),0.06603958606221502,0.23188482819929937,0.06976198072926428,0.14020298755643562,264,980,550
DOA A QUEM DOER,0.06596907930160985,0.2742885721441117,-5.180069005993943e-4,0.15415829559917626,265,979,552
RIO CLARO AZUL,0.06588912371875681,0.2696513473064428,0.01614050635292647,0.15056842750467916,266,978,554
Direita Pinda,0.0658738538016448,0.27223897028985855,0.01108541633584712,0.1529594412091648,267,977,556
Pensar Ribeirão Pires,0.06578576589116762,0.2712714313112263,0.01284192572070241,0.1533564725435027,268,976,557
AlexandreLimaBR - CTL,0.0656295625300294,0.26481980135103733,0.03472020785251465,0.13965830756958025,269,975,559
Coxinha,0.06470881792558546,0.25536905140132127,0.04064284235637088,0.12985906605241027,270,974,564
Marcelo Freixo,0.06461198354570753,0.2848224468428862,0.0057098006120651626,0.15414902161243588,271,973,565
Angu a Baiana,0.06358098385808333,0.26684054678051616,0.011050800577275538,0.1518847663615262,272,972,569
Jean Wyllys,0.06336275689510679,0.24565168927050698,0.02209370225553149,0.13033334497774215,273,971,570
Damares Alves,0.06332194213425833,0.27353237769548777,0.026562629761493078,0.1479403730284352,274,970,571
Mar Vermelho,0.06318317773499026,0.2806027678936156,0.008373343982322933,0.1537986499331219,275,969,573
Direita Jovem Pará,0.06314682928877731,0.2587692284537116,0.037485218906852066,0.13695449442918203,276,968,576
Lula Presidente em 2022,0.06311355587545514,0.27950673123734887,0.007998492575251091,0.15380597702969534,277,967,577
Gleisi Hoffmann,0.06299914488463462,0.26570678613936904,0.005184570571940547,0.15374872903903422,278,966,579
Economia Estadão,0.06272317952560051,0.285032810563162,0.0031972605686977082,0.15426872924820564,279,965,580
Juliana Cardoso,0.06271051285785718,0.24578809257017148,-0.006359134301011946,0.14382991564958647,280,964,581
O Mito Mitando,0.06258055367772822,0.26499610184096434,0.008306333461008083,0.15266663678568085,281,963,583
Monitor do debate político no meio digital,0.062405997746618494,0.27919741705552903,0.009567733667263104,0.15358788455971686,282,962,585
Nerd Socialista,0.06228542521791715,0.279967022433585,0.006258189475507937,0.15398819498226446,283,961,586
Bonde do Che,0.06203641095270251,0.26943837848080154,0.032673108789865964,0.14213694268342622,284,960,587
Aladilce,0.061507975963047926,0.2657947871077481,0.0312776268009848,0.14134719658545433,285,959,590
OneL13,0.06130216120587088,0.17871921813942046,0.0011450416280436228,0.11771436894042017,286,958,593
Democracia Corinthiana,0.06077532998271165,0.2768386552591295,0.01858883097396214,0.15138607597176662,287,957,597
Bolsominions,0.0606212507715059,0.24045247968557382,0.011787505877996374,0.1461972807186165,288,956,598
Realidade Escrota,0.060428248686792155,0.2436491471330483,0.02848508260454956,0.1351659528351828,289,955,599
Porco Capitalista,0.06041189965689295,0.28143258590606635,0.00624658610061981,0.15399188624604954,290,954,600
Ele Não,0.060022845028428334,0.21790391003540271,0.005029034179593686,0.14583891224864623,291,953,603
Cidadão Sincero,0.05976444306899392,0.2727716223848253,0.020727324080191106,0.14970912658865537,292,952,605
Corrupção MATA,0.05957764210203221,0.27757756481567175,0.014283584326834903,0.15251230348456205,293,951,607
Esquerda Diário,0.0593872004437739,0.2696619281419664,0.014835102280156458,0.15212388513437525,294,950,608
Sou do RN e Apoio Bolsonaro,0.05889780445449801,0.27974926649466275,0.01400053927942641,0.152770421969027,295,949,609
O Plutocrata,0.058364060171729314,0.2714197640676005,0.005456878479734894,0.1530452103617675,296,948,612
ETERNAMENTE LULA,0.05824385236527596,0.2759069556169512,0.019550274463002615,0.15062197352926276,297,947,614
Fã-Clube Paulo Martins,0.057974018967339766,0.27858715148856605,0.00994565571115741,0.15336965554865617,298,946,617
Douglas Belchior 1375,0.05773470652124792,0.26707181686893366,0.013310802178444553,0.15160715600426117,299,945,618
Velório do Fascismo,0.05770546173066408,0.2622263001571468,0.021476045195102517,0.146914660106528,300,944,619
PT AVARÉ,0.05732210983706093,0.2810586198371346,0.0037384190529647175,0.15413745664691877,301,943,623
Samuel Gomes,0.05695977080819237,0.27810806982893055,0.01240336205707102,0.15283370440184696,302,942,624
PINDA CIDADÃ. Mobilização JÁ!!!!,0.05678828305063285,0.2652644639108142,0.018773450330005007,0.14980699722110116,303,941,625
Coletivo Democracia Corinthiana,0.0565340500003884,0.2630053333030324,0.02418031894089343,0.14296445157892315,304,940,627
Paulo Eduardo Martins,0.05642860700448471,0.26915444865800037,0.026106126311523155,0.14485494130096926,305,939,628
LUTA Brasil.,0.056326812900002916,0.27571094129252716,0.016579579067395083,0.15139907148127865,306,938,630
Manuela D'Ávila,0.05612680835203595,0.26588048888348126,0.01798858424411989,0.1505588900383756,307,937,632
RJ com Bolsonaro,0.055804432402271356,0.28106430000343463,0.0037186073770022446,0.15411891945929931,308,936,637
Zeca Dirceu,0.055332216343843874,0.2830180509958798,0.003317711489519644,0.1541579030061945,309,935,642
Reacionário Bolsonaro,0.05480237734525701,0.2613365973552053,0.024355074114273446,0.14433044316850824,310,934,645
Guilherme Boulos,0.054688201440502064,0.2701555971743101,0.011824562357716659,0.1503020538959995,311,933,648
Cida Falabella,0.053502329741055586,0.27824084351324696,0.020376301111430982,0.15026777329582036,312,932,653
Pais do Col. Pedro II Contra Ideologia de Gênero e Doutrinação dos Alunos,0.05287890858272223,0.24245452201408943,0.008352523267522992,0.1298383890745021,313,931,658
Ilha do Marajó,0.052834595415700146,0.24811711167493508,0.007699768070903899,0.14257035317007086,314,930,659
MÍDIA LIVRE,0.05243884830701746,0.2802858525948982,0.017436507345063475,0.15157432428317305,315,929,660
NasRuas,0.05237359056820456,0.2754162093868407,0.015910629862740243,0.15115229477432576,316,928,661
Raio Privatizador,0.052337128439921034,0.2680816313265802,0.024233652772906816,0.14439415448787873,317,927,662
Equipe Bolsonaro De Xadrez,0.05228623818932646,0.2811129138309888,0.0038652182322007353,0.15405846465459305,318,926,664
Coletivo Vozes Dissonantes,0.05220052165783937,0.28127389393800395,0.00475743839813711,0.15397944782687456,319,925,665
Sabrina Avozani,0.05143287375349479,0.2813459642372352,0.006157277261138452,0.1538343964207249,320,924,669
Anti-Esquerda,0.05076579492400316,0.2659507790807299,0.035784947695778196,0.1474077277753546,321,923,676
Joseildo Ramos,0.05073801356531158,0.2758657663943565,0.016389387470502993,0.15086671286215197,322,922,677
Diário Conservador,0.05060480341224576,0.2715019990632661,0.002304752191948137,0.15411602199823624,323,921,678
Deputado Gurgel,0.05056415940195311,0.2781940420712978,0.015465627463162442,0.15158925705530762,324,920,679
Anpof - associação nacional de pós-graduação em filosofia,0.05054043312466394,0.27741469121612083,0.012359052099633115,0.15240578544753394,325,919,680
Informe RJO,0.05034389892885639,0.26166693940237634,0.002674005286468499,0.15333313744989144,326,918,681
Alerta Total - Ponta Grossa,0.049681498303331434,0.2845854768496049,0.00491321418933307,0.15398922954861538,327,917,682
Presidente Lula,0.04926455561162316,0.22837507676751784,-0.0057787046853078035,0.1439783595085853,328,916,684
"Industrialização, Tecnologia e Emprego",0.04923796194701981,0.26859108880084054,0.0024697327640120716,0.1513917840936476,329,915,685
Icó é Notícia,0.0489120698135353,0.2810394489122982,0.003936506162341418,0.15400412127457103,330,914,692
Haddad Presidente 13,0.04871629014932069,0.2659825023603078,0.021145601422811328,0.14816882437989132,331,913,693
Eu Quero Democracia,0.04871436422483008,0.2545701243058413,7.662004550825543e-4,0.14296377923878914,332,912,694
Caos na Educação?,0.048527336759389014,0.281814455988035,0.0026774496006100926,0.15410539996602948,333,911,696
André Quintão,0.048060775955140314,0.274635714701418,0.01538174931373398,0.1506859707192246,334,910,701
Compartilhe13,0.047806074404803126,0.25957863336971176,0.010439482528472469,0.1504364614563606,335,909,704
Nossa Época,0.04746302523070297,0.268561352720633,0.025095570355826297,0.14153281167621168,336,908,706
Sr. Reaça,0.04729556743923491,0.27508494243516846,0.0038449504264396377,0.15389902001453903,337,907,707
PeTistas de Coração,0.046915085903869995,0.2411140089594384,0.019590147421589703,0.14271976573391282,338,906,710
Bernardo Sampaio,0.04689213379851079,0.27103263768907754,0.02173072041940143,0.1455373929426826,339,905,711
Atlas Político,0.04650271972073804,0.24817121138205397,0.020495264973338326,0.1484565279110791,340,904,716
"Nossa Senhora Aparecida, cuidai de mim",0.04615846244425907,0.26813575431302245,0.022435603489117398,0.14336972875879117,341,903,720
Assis Carvalho,0.046093406926813796,0.26042472591224564,0.01124518031543667,0.14851365325341656,342,902,723
Vamos Falar de Patriotismo,0.04602798032075894,0.2602121196041919,0.003824751532024799,0.14657291676742745,343,901,724
Cristiano Caporezzo,0.04581323747283274,0.2811727855644791,0.004027345798176534,0.1539549266865046,344,900,725
A Casa de Vidro,0.04537669992468849,0.2436904925150247,0.021503685530685043,0.1301261944710043,345,899,729
Velório da Direita 2.0,0.045360600941617125,0.24142350087239098,0.020431209498233512,0.13284801603651866,346,898,730
Carina Vitral,0.045206304897579805,0.24051031830639955,0.004508483949135402,0.1527115022044091,347,897,731
Renata Souza,0.045048572969978495,0.2745017236195355,0.020606301626222755,0.14708554965770032,348,896,732
Índia Capitalista,0.04492192521189339,0.25131427791125893,0.04316376423025574,0.14035857539670743,349,895,733
Catu Bahia patria amada,0.044917559172904145,0.2821051239872375,0.0033375923410824708,0.15401871825321117,350,894,734
Frente Esquadrão Popular,0.04486836288554566,0.27056271711572755,0.019397809389146824,0.1465034577985622,351,893,735
Rede TV Midia,0.04478956811030643,0.2800694603467123,0.010692588943424602,0.1527410517716589,352,892,737
Edegar Pretto,0.04463506800247273,0.27268835733411734,0.022113039429039416,0.14505494014868595,353,891,739
Elisa Robson,0.0441868054089873,0.28008650160135595,0.006453805059296876,0.15358873042794338,354,890,743
Professor Toninho Vespoli,0.044059590447199204,0.25820081157622177,0.018733653575653642,0.13981429727329933,355,889,744
Blog do Tom Ferreira,0.043901981035584,0.2654136127894483,-0.003523527692551254,0.14733899827724223,356,888,745
NÃO SOMOS MORO - LULA LIVRE,0.043837551409548196,0.28216045109763194,0.0026513647918724025,0.15405576674332513,357,887,746
Lindbergh Farias,0.04231642432238396,0.22073034009450151,0.03581446319814985,0.13921373854387217,358,886,757
Camilo,0.041802757540870754,0.2823999513956284,0.0018916499909571954,0.15408402350570868,359,885,764
Menes de Esquerda,0.04156360824712023,0.2536609097354226,0.026407612338417874,0.14614527026467317,360,884,768
SOSAnimal - Grupo de Socorro Animal de Portugal,0.0412212818517141,0.2804155881333946,0.008843299919967067,0.1530114839475079,361,883,773
Reginaldo Lopes,0.0411536297539192,0.2654356135018146,0.008377360572592554,0.15253545628467186,362,882,774
Patriotas Aliados - Uruguaiana-RS,0.04040708647840248,0.282446008166,0.0028842226230299636,0.15399893908857873,363,881,779
Em defesa da Pátria,0.04034971449968063,0.27652957499210895,0.00224324379351922,0.15397038985666642,364,880,780
Lula Rei de Minas Gerais,0.04031891313337869,0.27590038800821093,0.00287234543836493,0.15391569877164243,365,879,782
Oséias Varão,0.0400109644927904,0.2718657604670037,0.01825231202824128,0.14610288815982786,366,878,785
Plantão Angra,0.03978752965050242,0.25189715428608783,-0.007936781405906262,0.14564132089613727,367,877,788
Família Bolsonaro,0.039471536172251624,0.28202069579711897,0.002645486248351803,0.15400236190833066,368,876,792
Elmano de Freitas,0.03935161163551871,0.280290188865099,0.005882537389922424,0.15354623462637257,369,875,794
Tattoo no toco,0.0383901118027185,0.26800070852274926,0.017500042259064687,0.15175141357145044,370,874,798
CAIXA 2 DO BOLSONARO,0.03827630830888778,0.28260309244256715,0.0025209960960060965,0.15400444408806607,371,873,800
Deus Vult Brasil,0.03790240026676665,0.28143692981039264,0.0039869746718388865,0.15384028728470137,372,872,803
Legião de Bolsonaro.,0.03783225515847579,0.28201043950029586,0.0027245508324990507,0.15398106983717158,373,871,804
Bi Curiosidades LGBTQ +,0.037677065804000494,0.2844906772167766,0.003477071500883164,0.15394143418196377,374,870,805
Meu País se chama Pará!,0.037675425889022965,0.2816667225034244,0.0039040828643183826,0.15384147418047533,375,869,806
Brasil Contra Jair Bolsonaro,0.037185323018009635,0.12387066942519388,0.03354320728446848,0.08561059058574705,376,868,811
Bebel Dimas,0.03660262360098943,0.27292755475004987,0.003652958221994256,0.1527100555035193,377,867,813
"Enéas, o verdadeiro mito",0.03574381995315387,0.25608151396431383,0.025984695532986227,0.1353361211432895,378,866,823
David Lopes Macedo,0.03572615933357032,0.27924120518416123,0.008502855165611289,0.15263757520998283,379,865,824
Taxmax,0.03570301333688451,0.28227336232801764,0.004258694639341881,0.15378124468922463,380,864,825
Deputada Zeidan,0.03559593925403492,0.28258836904160256,0.0024679988308165704,0.15397983752571617,381,863,826
Fora Corruptos,0.03528580127981359,0.2771239146732621,0.009734046589639098,0.15186776089124673,382,862,827
Marcos Alexandre Santos,0.03514235140606946,0.2618336836199961,0.0054986552492265525,0.1507507212939922,383,861,828
Pepe Vargas,0.03488456607633829,0.2738408826088333,0.004475884919167264,0.15344890222266014,384,860,831
Patriota,0.034426957718874725,0.2760873401920078,0.003860664607267933,0.15368906186025275,385,859,838
O Lembrador,0.03428366505004241,0.2500022861048753,0.002294876488547357,0.14361470751385647,386,858,839
Pequenas Igrejas & Grandes Negócios 3.0,0.034276031453331024,0.25990136329110536,-0.020877791976869498,0.1381383408750545,387,857,840
Operação Bolsonaro,0.033741634228297734,0.2520359251777827,0.01922100963317552,0.14469926634163266,388,856,844
Frente Favela Brasil,0.033662052781124156,0.28192514107504346,0.004461060003497884,0.1536908941234503,389,855,846
Mulheres Com Rogério,0.033638570029431186,0.2646613035363925,-0.005059801351666655,0.15347399121762767,390,854,847
Rogerio Skylab,0.03326597761026724,0.2836651719273254,0.0025097532837268324,0.15395993330999325,391,853,850
Simão Pedro,0.03323456036455773,0.2798128189715125,0.00570151079716902,0.1533359445720876,392,852,851
Por Nossa Democracia,0.033034981149743896,0.28376152740723426,0.0022650282170382638,0.1539787757100888,393,851,853
Evangélicos com Lula,0.03294430089862627,0.27283742736209554,0.0031972726029486686,0.15275908217765544,394,850,854
PT Bahia,0.032402863008289866,0.27651791104938145,0.0021055204133649825,0.1539320479172948,395,849,858
Movimento Endireita Brasil,0.03205498594492157,0.2795141686388084,0.007699059397649149,0.15263786475747781,396,848,861
Caculé Bolsonaro,0.032015847344042385,0.2826677474248063,0.002407332209717881,0.15394358218196394,397,847,862
Direita Petrolina-GO,0.031799793209326896,0.28396719068735893,0.0019956880062382393,0.15398808565895292,398,846,863
Esquerda Progressista,0.031492782352403645,0.28092426401467174,0.004518224696721991,0.1535870934335411,399,845,866
Recado,0.031436011977204296,0.2775156881145149,0.008672032207856267,0.15191366717631133,400,844,867
Frente Brasil Popular SP,0.03132981945522529,0.28365519179017445,0.001419366194104181,0.15402110335477948,401,843,868
Policial Federal Rafael Ranalli,0.031278373047792345,0.2812717242137958,0.004172843156887044,0.15366045256705801,402,842,869
Entendeu? Ou quer que desenhe?,0.030951173611222398,0.28309289142602395,0.002331195545322239,0.15394329361126746,403,841,873
Cadeia Nacional,0.030879421828636948,0.283217938284616,0.0019819488106900362,0.1539750572477813,404,840,874
Questione-se,0.030802096352273302,0.28255953977980036,0.0027575726023627385,0.1538896281210498,405,839,875
Marília Campos,0.03067253578926308,0.2776362104607305,0.009028342029903248,0.15163700175183195,406,838,877
Paulo Eduardo Gomes,0.030601166268886294,0.2828185907039109,0.0019759657060847004,0.15397005903782296,407,837,878
Marco Feliciano,0.03053399360334364,0.26921750280959794,0.0174224449694671,0.13970645625563122,408,836,880
Direita Natal,0.030457252283152374,0.2822822984600012,0.002719672015891969,0.15388691788992412,409,835,881
BLOG DA DILMA PT,0.030370008301807208,0.2706780777488671,0.0021772467894912266,0.15387178298407106,410,834,882
JAIR MESSIAS BOLSONARO ALIANÇA PELO BRASIL [OFICIAL],0.030148772224257884,0.27546500595107276,0.004340451335888931,0.15349867170345868,411,833,885
Mix Linhares,0.030124897871608988,0.2716807744385342,-0.004594394571241735,0.15186161901419412,412,832,887
Maria do Rosário,0.029840123404063366,0.2589381239762136,4.044308586855076e-4,0.14652219986793955,413,831,890
Grupo Tortura Nunca Mais- BA,0.029299000301049063,0.2844363876812636,0.0027575635788603075,0.15389672525593204,414,830,893
Ordem e Progesso Vire a Direita,0.029166972200295044,0.28156308515902534,0.0041719189496140265,0.15360357538234873,415,829,894
Grupo Esquerda do Brasil,0.02884768000011074,0.2757392466905903,0.010076282327568837,0.15025124493841932,416,828,896
The Conservador Brasil,0.028359621338847483,0.2786407000052153,0.00834754462574577,0.1517978357532873,417,827,899
Estadomiguxos,0.028334799358600282,0.2822925968576457,0.0026668149057219844,0.15386041447126705,418,826,901
Brasil de Fato Paraíba,0.028322589029507676,0.28376530509799597,0.001381513896917228,0.15399883534712627,419,825,902
Zé Raimundo,0.02822617030168635,0.2709183247788789,0.005055883623447482,0.1515627047116423,420,824,904
cochibispo,0.0280050726726421,0.2558115450480438,0.012065424749616274,0.13980236160383108,421,823,909
TODAS Fridas,0.027715762333402543,0.26973904215504724,7.184483809556258e-4,0.15387604378519762,422,822,911
Professora Rosa Neide,0.02761072214024736,0.28289558601703,0.0019461496783732908,0.15393949272801158,423,821,914
La Batalla Cultural,0.027202121088617984,0.2830922599390653,0.0015205465147830912,0.15397661135219556,424,820,920
Jornal Correio,0.027108460091234333,0.2773871129956627,0.012749887564609683,0.14783259889197942,425,819,922
Jovens reacionários defensores da liberdade combatendo o mal,0.026503502907698432,0.27980094011754236,0.0057713108336021855,0.15290103071845643,426,818,927
Nó de Oito,0.026280498493606978,0.2825237189941342,0.002052386615336707,0.15390820793060472,427,817,930
Direita Minas - Betim,0.02616558917361141,0.27811218240312996,0.007701739761470593,0.15171511234559987,428,816,931
IPP - Iniciativa Popular Pisoseso,0.02594422015755356,0.2703039907159407,-0.009505671243515656,0.1478041228571895,429,815,933
Trabalho Sujo,0.025841634081112366,0.27578940702143584,0.002709433761607609,0.15367853280988372,430,814,934
Partido dos Trabalhadores RJ,0.025777893882027596,0.26067554500069073,0.0033678994950519245,0.15324487240784299,431,813,935
Com Márcio França SP Avança,0.025682485384359695,0.2839364925806591,0.001635089595127688,0.15395810423797213,432,812,936
Meu Partido é o Brasil,0.0253400445256422,0.27567904384764813,0.005082033056110459,0.15354365172969964,433,811,938
Vascomunistas,0.025117772245048513,0.26264303428720503,-0.00284006609328203,0.1484455298255715,434,810,939
CIDADE EM AÇÃO,0.02497721226619595,0.2736615199219031,0.010760289598993092,0.147552915879483,435,809,940
"Padre Joãozinho, SCJ",0.0246321761213981,0.2692325980209438,0.011662506020012172,0.14432479355043223,436,808,943
Francisco Praciano,0.02461266924821697,0.2825953521676657,0.0017474071551698194,0.15392370368431635,437,807,944
Emidio de Souza,0.02458274679608716,0.28343052744644787,0.0011250922915711087,0.15398698159817825,438,806,945
Direita Blindada,0.024533181228915023,0.27311739450057637,0.01226216836858174,0.1449896114232476,439,805,946
Direita Santa Catarina,0.02428075894323772,0.28336374197612624,0.001460622821445331,0.15395600129617612,440,804,952
USP Livre,0.024240867359139426,0.20830682960814184,0.023007614897920303,0.14239999332814987,441,803,953
O Voto,0.02419499815003426,0.2844260574960698,0.0013588181385056142,0.15397088211028584,442,802,954
Educação Ribeirão Preto,0.02416184770557409,0.28242915030924226,0.0019687662305378456,0.15388858470397157,443,801,955
PSL - Amazonas,0.024030727901665876,0.2817060489765169,0.003447654356815699,0.15359709430537946,444,800,958
Somos Todos Direita,0.023972150205082424,0.27842053501752295,0.006613028994288197,0.1520345757353653,445,799,960
Frente Nacional Trabalhista,0.023766066934056907,0.27915937670181923,0.006177319016767408,0.1523428006016888,446,798,961
Marcus Saraiva,0.023758047827765,0.283119046595555,0.001813453538052659,0.15391059777250793,447,797,962
Sociologia Digital,0.023637412520368713,0.2837061240427271,0.0013569922383279724,0.15396217447001276,448,796,964
Marcos Antônio Ferreira Da Silva,0.023564850033024293,0.2827016994184851,0.0021963131513672235,0.15384982203485018,449,795,965
Café da Madrugada,0.023309455724097646,0.2320196103676771,-0.020004710260137507,0.12174797788798522,450,794,968
A Gazeta Petista,0.0228376906165315,0.1365518335296535,-0.10682092675178351,0.09824871141185443,451,793,970
Ativismo Protestante,0.02253844349527726,0.2623858864007115,0.009911867314582972,0.14929412311376836,452,792,972
"Nós, Madalenas por Maria Ribeiro",0.022495202328588877,0.28335650203942525,0.0018104427583455539,0.1538989315607908,453,791,973
Petistas  na Luta,0.02249519153104805,0.28310689752052887,0.002604876829744395,0.15377028951211305,454,790,974
Walter Sorrentino,0.022332548458687096,0.28257356324826705,0.0024039181892341675,0.15379214185679022,455,789,975
Anti-Bolsonaro,0.022310950178280487,0.25226921622326764,0.011839006928352014,0.14954245576623865,456,788,976
Antipetistas Contra Bolsonaro,0.022301190380438075,0.2827006363674373,0.0016881571081612692,0.15390295682137115,457,787,977
ZERO HOMOFOBIA / LESBOFOBIA / TRANSFOBIA,0.02225999987987964,0.27148487170663416,0.010819609331135661,0.144793032384018,458,786,978
Robinson Almeida,0.021864516218347823,0.2829675915015233,0.002047845566167561,0.1538486370867483,459,785,980
#LulaLivre,0.021758833254896318,0.26300887963584657,0.0017517189857284416,0.15367383840409335,460,784,981
Deputado Federal Ságuas Moraes,0.021641216505073814,0.24076648048475208,0.017337672733054206,0.1343956570684813,461,783,983
Nando Gross,0.02152238641615354,0.2841470972739082,0.0021430434927346242,0.153850039283106,462,782,985
Rede Goebbels,0.02149692418516467,0.282687676560439,0.002140508148029993,0.15382297822018162,463,781,987
Direita News,0.02130756790001263,0.28353822897660175,0.0011700093226616258,0.153957016272867,464,780,991
PT Nova Iguaçu,0.020338128709325547,0.28337499326034743,9.205983506161015e-4,0.1539705255284438,465,779,997
Ver100tir,0.020301689276807113,0.2829339091432687,0.0014646452388531734,0.15390902146709742,466,778,999
Jesus Cristo eu te amo,0.02028482683889194,0.2640395802797709,0.026320321788575497,0.14405803060620545,467,777,1000
Jeferson Fernandes,0.0201974180404522,0.28163547109698983,0.002984675611324561,0.15355853126239724,468,776,1001
Criativos da Escola,0.020131717879602013,0.2833491384980376,0.0015797943350632031,0.15389772126978904,469,775,1002
Tico Santa Cruz,0.020125174491337657,0.2790715555114768,0.006032253822784487,0.1517881738775702,470,774,1003
Diário do Centro do Mundo,0.020091114767693423,0.2850020328277797,0.0011375809436516037,0.15395863115423594,471,773,1004
Edileno Chagas,0.020073730638043,0.2840541924898959,0.0018801193620310796,0.1538634183952672,472,772,1005
PT - Partido dos Trabalhadores,0.019993463675186878,0.2788054085895275,0.0011772092529929764,0.1538941247360563,473,771,1006
Fetamce,0.01995321701035136,0.28364196092217453,0.0012327813555638783,0.15393885879575298,474,770,1007
Acorda Brasil b22,0.019788073605787545,0.283031506798243,0.00215199376946368,0.15378991402912373,475,769,1010
Direita Limoeiro-PE,0.019743306457637784,0.2750335494077918,0.0044625104963856984,0.1532385995140688,476,768,1011
Ciro da Massa,0.019600140356102552,0.28288412683792935,0.0014464365215836955,0.15390321576470406,477,767,1012
Foi Golpe,0.019535270874358315,0.28285423342469107,0.0013419327704402963,0.1539161888477869,478,766,1015
Direita Canoinhas,0.019521868708526464,0.2837034027557292,0.0014083858573347673,0.15391419973760018,479,765,1016
Clara Averbuck,0.01950704425658065,0.28378547763187145,0.0011734573077684224,0.15394213214300387,480,764,1017
Ivan Valente,0.01944574332859269,0.2382804000627436,0.008040302020103586,0.13394273586370137,481,763,1018
José Soeiro,0.01924414789241334,0.27694390392859103,0.0015288149265387555,0.15381936904270466,482,762,1020
Brasil - Constituinte.,0.019100920786379864,0.2827400191541113,0.0024035486966015023,0.15370735304541633,483,761,1021
Instituto Mimimises,0.019058851607675266,0.2785451053651117,0.0055319006174233,0.15184518378268944,484,760,1022
Acabou o Pão com Mortadela,0.018862700909220348,0.27120568941963347,-0.0017370055638268641,0.15116501437614063,485,759,1024
Esta é uma Coxinha,0.01885324758689265,0.25242667195189833,0.04305063850600304,0.1419340005429357,486,758,1025
UerjResiste,0.018698803713844872,0.27004817878611354,0.01845245636427473,0.14752932775787175,487,757,1028
PT RN,0.018698077753223477,0.28358872996523593,0.0014907806965283573,0.15389155665193777,488,756,1029
Teísta Respeitado,0.018113543976266216,0.277125377875216,0.0014630733488289224,0.15385785705665825,489,755,1030
Teísta Respeitado 2.0,0.017519361078159712,0.2736777166163745,0.0051532733659457545,0.15253960600508004,490,754,1033
PT Bariri SP,0.017419108371331576,0.2836066224953688,0.00116747449234831,0.15391923009432223,491,753,1034
Verônica Lima,0.017011756486385594,0.2802132586143694,0.003823649991926973,0.15285084785660366,492,752,1037
Bom Dia Feira,0.01700121194315397,0.2836312797277329,0.001286958960467287,0.15389785691268917,493,751,1038
APOIO A VOLTA DO LULA,0.01692034753814304,0.228591135264175,-0.05982708673874727,0.14370677880788177,494,750,1040
Ciroência,0.016907381296060627,0.27263728544211335,0.008486412331442964,0.14468108793627496,495,749,1041
Confraria dos Conservadores Patriotas,0.01683308047419314,0.28344600744261006,0.0013716004172094841,0.1538806927474322,496,748,1043
Esquerda Vermelha,0.016730029305811567,0.2678616981387705,0.007457954246373836,0.15208067064277744,497,747,1044
Prof. Josemar,0.016704980691710346,0.2805677187977124,0.003529492691152871,0.15301163106091914,498,746,1045
Patriotas Pelo Brasil,0.016442369940767546,0.260360155773377,0.025650122561570902,0.1299887664804106,499,745,1047
Juventude Petista do RN,0.016366357799597643,0.283557793692179,0.0015066327149614595,0.15384982916713194,500,744,1049
Haddad Arretado,0.016266152513213238,0.27732187405562553,0.006078871239091726,0.15009355686101358,501,743,1050
Núcleo de Evangélicos e Evangélicas do PT,0.015951325588791657,0.24856179909008852,0.0015608907418773888,0.14901239481447018,502,742,1052
CIRO GOMES VIRAL,0.015816781160921077,0.2832449158244094,0.0011972998342035435,0.15389067642704496,503,741,1053
Fiscalizando e Cobrando Políticos,0.015717814500322808,0.26282458728349684,0.029509914426903983,0.14089941962293637,504,740,1055
Neusa Lula Cadore,0.015705096760103256,0.2799854393939848,0.003758409277815073,0.15267400011531276,505,739,1056
Boatos.org,0.015581198289106334,0.2838536354809834,0.002009480893432534,0.15372319758097164,506,738,1057
Paulo Porto,0.015460734483220466,0.28444656536816215,9.722893737688304e-4,0.15393004126917617,507,737,1060
Gestão Pública em FOCO -  Em Apoio ao ex Juiz MORO  e Livres de Corrupção,0.015347527646611183,0.28342691939053016,0.0015834909074776175,0.1538090876616915,508,736,1061
Deputado Federal Vicentinho,0.015317073919174598,0.2830402137078911,0.0014939411090515095,0.1538214107453365,509,735,1063
Portal R7,0.015075097692440037,0.28450510381190053,7.441232722934938e-4,0.15395359074948783,510,734,1066
UFRJ Livre,0.014968318398065063,0.28415371083431384,6.790041748475546e-4,0.15395742962968398,511,733,1067
Pedro Patrus,0.014646732907963438,0.26864638331705026,-0.003862609608097059,0.15075266713869162,512,732,1071
Grupo Time Ciro Gomes,0.014499827205690862,0.28287960023419134,0.0012914105856148253,0.15384539896436455,513,731,1073
Eu queria ser brizolista mas o pós-modernismo me obriga a ser stalinista,0.014287122208704924,0.2689033878013251,0.007808690005964611,0.14074736725959633,514,730,1077
Médicos contra o PT,0.014205266138197097,0.22850671452236818,-0.01838246717940525,0.12678037412276286,515,729,1078
Petista pelo Mundo,0.014083734594336143,0.27864370104105524,0.004422753149197835,0.15148139115694265,516,728,1080
UM POUCO De TUDO,0.013949248840862292,0.2741002227126977,0.006205443115222686,0.14724870944848056,517,727,1081
Jornalismo em Pauta,0.013471739199425757,0.2820150314450696,0.001809162370634093,0.1536369048221278,518,726,1086
Movimento Brasil pelas Florestas,0.013419487092298508,0.2819488751696559,0.0023021622585025713,0.1534156606834368,519,725,1088
Bolsonaro Alagoas,0.01326861441082519,0.26611489980651054,0.003889810035389258,0.1448349967060432,520,724,1091
Coisas que acontece em Cafelandia e regiao,0.013072641757782312,0.27805353628391233,0.0046545972999468095,0.15062357810650526,521,723,1092
Sociedade Sem Prisões,0.01297533606631662,0.28408843305454756,0.001146638405873978,0.15386208479701585,522,722,1093
Tarcísio Motta,0.012889810187564939,0.2585158212275982,0.014509315519194,0.14497590556835874,523,721,1095
Expansão Direita Brasil,0.012189157110758495,0.27527750769652676,0.0017585953022401023,0.15303069130660588,524,720,1102
Pataxó cartoons,0.011836681637759272,0.2805703033354751,0.0028223164021596346,0.15274172515901263,525,719,1105
Rubinho Nunes,0.011613943122718018,0.2721407255080824,0.005776644570906492,0.1446214278816527,526,718,1106
Seja Subversivo,0.011610568937698818,0.2117231246111203,-0.010813383997122181,0.13851607494810925,527,717,1107
Bolsonaro Marajó,0.011453257930095674,0.2831765093444308,0.0015178418022784787,0.15367962089430923,528,716,1109
Social-Democracia para o Brasil,0.011170190839864595,0.28397233352893725,8.554428219825353e-4,0.15388730290464103,529,715,1112
Carlos Alberto Brilhante Ustra,0.010885190223844305,0.27141609024331187,0.00539272485479643,0.1443529836438204,530,714,1114
Zé de Abreu 5.1,0.010884339229783765,0.2781071465309255,8.538683811910232e-4,0.15381999180990066,531,713,1115
UNEB - Universidade do Estado da Bahia,0.010857675660005294,0.28413854307897723,6.680017330320677e-4,0.15392086265508556,532,712,1116
UFG,0.010418098607605949,0.23229190036023373,0.043093356261528284,0.11451755684789922,533,711,1120
Brazuca Wars,0.010410280453856547,0.2766196912464835,-7.997405832680315e-4,0.15375690428142208,534,710,1121
Coronel Telhada,0.010326216580182854,0.2776142346024197,0.0035915540096720998,0.15068385108068538,535,709,1122
Gary Smith,0.010106688009355314,0.27148016657743523,6.276221277099304e-4,0.15374784692004273,536,708,1125
Bolsonarianos Dois Vizinhos,0.009618973007410724,0.2847127252531694,7.789647562229495e-4,0.15388334439196977,537,707,1128
Bà Lão - Đặc Trị Mụn Thâm Sẹo Rổ Lâu Năm,0.009089702185641703,0.2430329631000627,-0.013693424488508193,0.13065380608659685,538,706,1131
Rogério Correia,0.009055094859716043,0.2775016403140798,0.0031359590118147235,0.15068560011803284,539,705,1132
Investigador Brasil Filho,0.008699316277241995,0.28334656493997656,0.001225432452895799,0.1536458503271695,540,704,1135
BRASIL COM  BOLSONARO E ALANA PASSOS.(OFICIAL),0.00865950786801478,0.28458435730417747,5.310726319516601e-4,0.15392087796098913,541,703,1136
Márcio França,0.008528169308678703,0.2842440084680537,7.516670029434558e-4,0.15385880181184328,542,702,1138
CAMINHONEIROS DO BRASIL,0.0079453407005030691,0.28344084699014027,0.001063497484088867,0.15367919630748833,543,701,1143
Sonia Bone Guajajara,0.007860539103037524,0.263420879456258,-0.006583639009696663,0.14962358219558583,544,700,1144
Os Mortadelas,0.0071998884167938215,0.15148000779854917,-0.02338329734891992,0.10467492402607317,545,699,1149
A gente não tem cara de babaca!,0.007111404504789721,0.24436222419066927,-0.026800625581136217,0.1439643864734584,546,698,1151
Estamos Com Lula,0.006999887063532248,0.2846587939636228,3.1897325469453023e-4,0.1539435085555332,547,697,1152
Palmeiras Livre,0.006719506291479864,0.276750817862089,0.0025778476718764302,0.14972565997131276,548,696,1154
SOMOS + DE 70.000.000 !! Aliança pelo Brasil 💚💛💙JUNTOS COM BOLSONARO 🇧,0.006708901958220987,0.2846222028188654,4.63433883100394e-4,0.1539043082013404,549,695,1155
Michel Platini DF,0.006533252769474419,0.2725644725466343,-0.0107974068463795,0.15144414394261038,550,694,1156
Haddad 13 presidente,0.0063985712720752985,0.28399754181622555,6.702088989357827e-4,0.15380334882220134,551,693,1159
Revenda CAC,0.0063597588818295366,0.27821752252321824,7.365663068699703e-4,0.15384540774834393,552,692,1160
Bancada Ativista,0.006290702473850183,0.28279479254889844,0.0010709925855735113,0.15346278773454608,553,691,1163
Direita Forte,0.00618800318551085,0.28483948195761843,3.4915197626234345e-4,0.15392768650371466,554,690,1164
MC Carol,0.006184271884226181,0.28439220587805175,7.215217554313305e-4,0.1537729803039573,555,689,1165
Sam Clever,0.006183083440427445,0.2826852337183212,0.0010847725316764235,0.1534247698902213,556,688,1166
🔰 Bolsonaro Partido Liberal 22 🔰,0.006147060393842504,0.2847237960642234,4.0169125793804394e-4,0.15391170931332832,557,687,1167
Movimento Direita Joinville,0.006127032200988669,0.2718298127585176,-0.005795662582937805,0.15303175745525,558,686,1168
Mulheres Unidas contra Bolsonaro - RS,0.00574084675345736,0.25646956853736225,0.004297994093156618,0.15260138848199153,559,685,1174
Haddad Presidente,0.005667846023886761,0.2531860314982451,-0.004135505365347321,0.143661161494987,560,684,1177
Abominável Homem Desértico,0.005529253108741817,0.28179683469717215,0.0012004762636417079,0.1530564398218806,561,683,1179
Mateus Ferreira,0.0054895026764624835,0.2746678972716991,0.0021135786347818617,0.14912080527842053,562,682,1181
Tenente Santini,0.005410488178376932,0.2472783806026157,0.015720484424350038,0.13728966119038757,563,681,1182
PCdoB - Partido Comunista do Brasil,0.00508108785746609,0.28349241026300614,5.794750165710214e-4,0.15375938221908547,564,680,1187
Direita Paraibana,0.004583986773542303,0.28421684273614106,7.066702954257254e-4,0.15361596736438968,565,679,1189
🇧🇷 Brasil direita Patriota 🇧🇷,0.004551766444833451,0.20564961842651774,-0.11168614827760638,0.12954325274547737,566,678,1190
Parasitas do Brasil,0.004292365811225444,0.27429602868518954,0.0016496843760655728,0.14903861820536574,567,677,1195
O Vaqueiro Postou,0.00415977190862206,0.26380216507681,0.011805872112314753,0.1437767547231809,568,676,1196
Sul Vinte Um,0.0040351078538473865,0.27471855845904425,-9.815768464601696e-4,0.15386929450377027,569,675,1199
Parlatório Livre,0.0039338759327996265,0.23729931062201357,-0.001540655346314693,0.14270735403548085,570,674,1201
Blog do Noblat,0.003869518568250101,0.27581265626435275,3.027339515916764e-4,0.15384349783612766,571,673,1202
João Barros Brasil,0.0036811837281775918,0.28485243432368806,2.860929875500262e-4,0.15388677902888423,572,672,1204
Jornal O Dia,0.0035321427360842186,0.2726011500574029,0.00608110638886297,0.1529135735095527,573,671,1206
Deputado Marcon,0.0034551478500130036,0.258975443862916,-0.0017982709258485934,0.14720222810803832,574,670,1207
Resiste História,0.002848450188613952,0.2805842875465278,5.712034663922003e-4,0.15310095715449665,575,669,1216
Mulheres de bem odeiam Bolsonaro,0.002667865209907129,0.2847433251465287,1.815511466184677e-4,0.1539045906162757,576,668,1218
CBN,0.0026328461791645043,0.2752631424331904,0.006294757201863043,0.15284345343933467,577,667,1219
MBL - Movimento Brasil Livre Indaiatuba,0.0025226706489929677,0.28502440794218914,1.430020614929443e-4,0.15392588879919616,578,666,1220
Luis Felipe Miguel,0.002397619552720635,0.2773172886828589,8.374708651517108e-4,0.15058458694670707,579,665,1222
Margarida Salomão,0.002292596786630597,0.22331658694631515,-0.015931679832134643,0.13692950732844758,580,664,1224
PT-Mesquita,0.0018784359260671274,0.2854035149150208,1.136107907039222e-4,0.15392228822595824,581,663,1227
KP_News Notícias,0.001399813229167107,0.2705176520718921,-0.0021431593571795745,0.15317196324131171,582,662,1229
Jornal Livre SC,0.0013426498014000548,0.2844039435192072,1.0704824488066781e-4,0.153876177460846,583,661,1230
Monarquia Brasil,0.0013041646529256849,0.284696703716434,9.342281456731956e-5,0.15389679029044098,584,660,1231
Blog do Zé Dirceu,0.0012046134452923123,0.2839305286086187,1.6389342994281664e-4,0.15368338661749736,585,659,1233
Hannover Empório Cocktail Bar,7.376964936286649e-4,0.28436431076106466,8.218385172488532e-5,0.15378719701794827,586,658,1236
Desconstruindo A Esquerda,6.154336350592294e-4,0.27491197980468346,0.0031095636215131054,0.1525775640888879,587,657,1237
Fabiano TromPetista,1.9202648903929008e-4,0.283031348594737,3.6373046884601906e-5,0.1533558472822416,588,656,1240
Panorama News,1.6823201216999224e-4,0.2851006628422449,9.845323743100585e-6,0.15392303529205473,589,655,1241
Idelber Avelar,1.0159987642233161e-4,0.27175867085099353,0.001717089923074518,0.15094284088464222,590,654,1242
PT Alagoas,7.067301666259251e-5,0.2769764328613025,-0.0010166926431753492,0.15375145130270812,591,653,1243
Ateu Porquê o inferno é piada,-2.2812311202170495e-4,0.2850686026558658,-1.5875053547531406e-5,0.15390400341890254,592,652,1239
Feminismo Marxista,-6.038556723840522e-4,0.2826777147691393,-8.37456511113935e-5,0.15362774709653784,593,651,1238
Vire Direita,-7.443091667002688e-4,0.2812865217075292,-1.276889690678456e-4,0.15337162939011986,594,650,1235
Music Dreams PS,-9.328701990150423e-4,0.27639586743307565,0.005131609462982484,0.15317741790342296,595,649,1234
Deise Do Vale,-0.0012404017170548755,0.2847777735968222,-1.1674414017408788e-4,0.15384599942138202,596,648,1232
A Nossa Bandeira Jamais Será Vermelha,-0.0018341541121766022,0.26067362209869344,-0.0014175111149126699,0.15361467205230778,597,647,1228
Delegado Francischini,-0.00198244532639033,0.28275932599088,-4.1666810707718195e-4,0.15319162538620998,598,646,1226
Talíria Petrone,-0.00219000250208914,0.28174125926409593,-4.768873461723304e-4,0.1530456773550063,599,645,1225
Bolsonaro Camaçari,-0.0023425476253490134,0.28533773842190363,-1.3478973424152412e-4,0.15392644686489584,600,644,1223
Nelson Pelegrino,-0.0024654275011536273,0.28466755709404623,-3.0154374029054765e-4,0.15375869455945856,601,643,1221
Intervenção ANTES QUE Tardia,-0.0027134026830776094,0.2344748882675923,0.003296656478386037,0.13244414185251485,602,642,1217
Guaruja-Urgente,-0.002876514833988556,0.28528359866268294,-2.0935424241590276e-4,0.15390085666361975,603,641,1215
RESISTÊNCIA - ⭐️,-0.0029040034351241304,0.2687228314863294,0.007769878002029677,0.15297748518389814,604,640,1214
Humor Nivel Hard,-0.0030039423357658313,0.28467762196710367,-2.10965706707141e-4,0.15389985243412635,605,639,1213
Forças Militares,-0.003086676108119728,0.2681448609581445,-0.0065254719981597264,0.14750405319066986,606,638,1212
Anti-Feminismo,-0.003121190298050631,0.27327959428140436,-0.0015524449189639761,0.14514120802035727,607,637,1211
Lulista - PT - @,-0.0031994451270928683,0.2568523704609283,-0.030898968024622765,0.14183219513837328,608,636,1210
Fã Clube do Lula,-0.00325145396052766,0.2765629294009776,-0.015479498236086445,0.15363793934131517,609,635,1209
Vip Lins,-0.0032831777770911176,0.28541422461039756,-2.051929010076487e-4,0.15391986580157152,610,634,1208
Trave a Batalha da Comunicação - Democratização da Mídia,-0.0036194766420753538,0.2688372569841,-7.318796941394122e-4,0.15333972595163417,611,633,1205
RAiZ - Movimento Cidadanista,-0.003705124106449516,0.26433864723255235,-0.010702190941794275,0.14592544124212295,612,632,1203
Homem Conservador,-0.0039889343560795135,0.2802701109385904,9.551442291031261e-5,0.15391023492674516,613,631,1200
Deputado Paulo Guedes,-0.004055882702296598,0.2701229835095474,0.005229054998085955,0.15277027632692436,614,630,1198
Bolsonarianos 3.0 🔰 •[PSL17]•,-0.004131182301020312,0.28559041707947963,-2.3201181538804182e-4,0.1539309169951276,615,629,1197
Bozonaro,-0.004302906934867703,0.22822424416922188,-0.008386909004394845,0.1433938500544198,616,628,1194
Anarquismo em movimento,-0.004353029850994493,0.2813671341606604,-9.534851398006508e-4,0.1530019672038049,617,627,1193
Douglas Gomes,-0.004390394373613282,0.2814509458608597,-7.474649836690829e-4,0.15339012607686014,618,626,1192
UOL,-0.004545063491671132,0.11997775461008169,0.07106995431846108,0.11694045508715137,619,625,1191
"Menos Marx, mais Mises",-0.004798020256458141,0.28468878842616285,-4.7014878032273637e-4,0.1538353957775772,620,624,1188
"Deus, Pátria, Família e Liberdade",-0.0051282694185990196,0.28489513445435993,-5.394455268904908e-4,0.15381951524857773,621,623,1186
Jumentim Amarelo,-0.005159103108760292,0.27811701314762266,-0.001970245226352942,0.1501306977122777,622,622,1185
Comunidade Socialista Brasileira,-0.005176425336238313,0.21409089334209208,0.024987025984167396,0.11807255600780553,623,621,1184
Qual destino para o cirismo?,-0.005278600548312125,0.2853985202084674,-5.076466280809335e-4,0.15385342461240645,624,620,1183
José Guimarães,-0.005509461163202865,0.2702759542696552,-0.00861030572300042,0.14808164051003517,625,619,1180
Dilma Resistente,-0.005582085248425069,0.1924480169313431,-0.007921866082623751,0.1294200631268216,626,618,1178
CUT Brasil,-0.005713497275571109,0.28557248990882445,-4.2671370448189736e-4,0.1539018820670145,627,617,1176
Mulheres e homens unidos a favor do #bolsonaro17✌,-0.005735749771221293,0.28554175310163094,-4.225542577233466e-4,0.15390378559521062,628,616,1175
Ronald Reagan Realista,-0.005800047100751341,0.2728531484962083,-0.002917657964696026,0.14473247935963154,629,615,1173
Ciro Gomes Zueiro [Grupo],-0.005817812029239371,0.271701291519482,-0.003371038361533476,0.14083851152139673,630,614,1172
Resistência anti-socialismo,-0.005898068223062247,0.28537385248707403,-5.026266097824393e-4,0.15387833561758701,631,613,1171
Professor Maykon Santos,-0.005908049890567223,0.2771511157340537,-3.1974960254056966e-4,0.15365098173981018,632,612,1170
Alexandre Padilha,-0.0059237207771204335,0.2709004975006233,-0.0054151600032889486,0.15266985483796858,633,611,1169
Manezinho de Floripa,-0.006322022626144599,0.2817625906173253,-0.0017156229810276443,0.15253715016754532,634,610,1162
Canal da Direita,-0.00635291823505349,0.27117165365236967,2.4287992060841295e-4,0.14981971014480164,635,609,1161
Bolsonaro Opressor 6.0,-0.006408377073958403,0.2782939112846176,-0.0023948932639415643,0.15034231791434347,636,608,1158
Capitalismo Empobrecente Parcialmente Automatizado,-0.006440828190859919,0.26762318020083514,-0.0035014485415188487,0.14016685814689095,637,607,1157
Andréia de Jesus,-0.006815108536207277,0.27664780072178363,-0.0022875760611164196,0.1507069670746023,638,606,1153
Contraponto,-0.007135969176561985,0.28588270706850694,-3.894875250898707e-4,0.1539376705712118,639,605,1150
CFC Terribille Independente,-0.0072545653871048605,0.28555474700162936,-5.399693702398951e-4,0.1539037530663468,640,604,1148
Direita Pernambuco - Ouricuri,-0.007587653564626931,0.2663065340173382,0.0012370559655117143,0.14451157830946595,641,603,1147
Pavinatto,-0.007839372604595232,0.28163092330944633,-0.0020193620954213807,0.1526640105690944,642,602,1146
Carlos Eduardo,-0.00785458440506836,0.27989397518185793,0.01153578737962559,0.1522155010219878,643,601,1145
Carlos Latuff,-0.007949508040145048,0.27756576696429347,-0.0024802961739094653,0.15131896325203142,644,600,1142
Douglas Carvalho,-0.008072074685451276,0.2555029742308862,-0.009668712377519848,0.14658684982498776,645,599,1141
Fora Bolsonaro,-0.008240089052381272,0.18042202826353265,0.0207156800120317,0.1217048216169584,646,598,1140
Estaremos lá,-0.008368855310992337,0.2858110032613046,-5.920197991481507e-4,0.15391404209708293,647,597,1139
Coisas pra crente,-0.008557734458888256,0.2857508002751158,-6.542933725197697e-4,0.15390324428864569,648,596,1137
Notícias Atualisadas de Itajubá/MG e do Sul De MG - O_f_i_c_i_a_L,-0.008742451074659844,0.2849678592338185,-9.293780734133095e-4,0.15382062318144102,649,595,1134
Pós-Moderno,-0.009042889667444187,0.26596087693138487,-0.004977237741976001,0.13884973857761043,650,594,1133
Contra a Ditadura do Politicamente Correto,-0.009171723564257639,0.2764281262865723,-0.004061130608898511,0.14816737762616194,651,593,1130
Força Meninas,-0.00928279486052706,0.28312855576379686,-0.0021098432993547057,0.15309739613288956,652,592,1129
Ana Estela Haddad,-0.009677445430340994,0.28601077906531325,-6.123573557357374e-4,0.1539298089505843,653,591,1127
Ok Capitalista,-0.00975042238545684,0.2856207023285861,-9.487877696109771e-4,0.1538580037667699,654,590,1126
Conexão América,-0.010174242168532036,0.2858076898478353,-8.442625769683598e-4,0.15389363720154461,655,589,1124
PT Conquista,-0.01021027126567855,0.2796058171955866,-0.0035714073144251972,0.15109366658241366,656,588,1123
Conservadores Cariri,-0.010588331268019396,0.28551435689696303,-9.154468159228272e-4,0.1538832776811905,657,587,1119
Força Democrática RN,-0.010604905091795756,0.2831268080742377,-0.0026441530291162986,0.15291907152275086,658,586,1118
Ariosto Holanda,-0.010798836090077464,0.28599718819183095,-8.960916237934565e-4,0.1538964928218262,659,585,1117
Patrícia Melo,-0.011142073570615512,0.2841319062961683,-0.0016893280145426717,0.15362839262034939,660,584,1113
Giovani Culau,-0.011233521782864896,0.27383571812579843,-0.004506305868530206,0.14845275024752527,661,583,1111
Brava Gente Brasileira,-0.011382616307524154,0.26762539082664577,-0.0029289850848439607,0.14685680018271896,662,582,1110
Lute Pela Revolução,-0.011525167521926567,0.2840519393352198,-5.329372309187013e-4,0.1539475576310245,663,581,1108
Brasil contra Bolsonaro,-0.011920346226572794,0.26592377784542376,-0.007283960871557577,0.13507425882333438,664,580,1104
Amanda Ramalho,-0.012146063330091104,0.2692915317566176,-0.006422101949149368,0.14183112428981512,665,579,1103
Terça Livre - News,-0.012195591840170203,0.28380136753662455,-8.048122888199783e-4,0.15391231758745394,666,578,1101
Burguesia fede,-0.01240964103150765,0.2405676987643269,0.008624512717723706,0.15075431646497175,667,577,1100
INTERVENÇÃO MILITAR CONSTITUCIONAL  JÁ !,-0.012442405577720752,0.2500418505183163,-0.019640483102376455,0.1479510631338866,668,576,1099
O ponto de vista da classe trabalhadora,-0.012557377855320065,0.270465810922043,-0.0013088068375269077,0.15283928372983155,669,575,1098
Afonso Florence,-0.012585444334505654,0.27774196885245517,-0.004099013895982591,0.15344103127566103,670,574,1097
O que Acontece Você Vê Aqui,-0.012586550681931223,0.27914827334258413,-8.904694928273295e-4,0.1538584824112651,671,573,1096
Contraposição,-0.012963624098630324,0.2784073023399284,-0.005038523565787673,0.1500783957336691,672,572,1094
Bolsonaro - o Mito brasileiro,-0.013294402118367351,0.26954269099149814,-0.014434442153112426,0.1528281820028818,673,571,1090
Lula Vale a Luta - Campanha Internacional,-0.013403806791284886,0.28076767174849887,-0.00469506095298818,0.15135139318282131,674,570,1089
Delegada Sheila,-0.013460556580428804,0.28314271778157457,-0.003223221762362142,0.15300586582554307,675,569,1087
Deputado José Américo,-0.013594515591374111,0.28551259484487423,-0.001914996541814356,0.1537299994729922,676,568,1085
Roberto Uchoa,-0.013658950047873205,0.2866063500886544,-6.58049585825192e-4,0.15396034056317706,677,567,1084
O Brasil não é um País Sério,-0.013677214569167507,0.27914689231314926,-0.0012247158407869933,0.15390599198508018,678,566,1083
Valkirias,-0.013882508574507181,0.2845849391043928,-0.0025068279098123232,0.15351312376465107,679,565,1082
Fato ou Fake,-0.014181790852415756,0.2641048059023963,-8.504280617517865e-4,0.15363479184683954,680,564,1079
Mudança Já Brasil - Bolsonaro News,-0.014291321158651992,0.2852278541287195,-8.876134644701689e-4,0.15393474674651875,681,563,1076
DLX Preparatório Militar,-0.014322890647371442,0.2866885763106169,-6.675256538217436e-4,0.15396394638121438,682,562,1075
Todo dia um lembrete de que avisamos que ia dar merda eleger o Bolsonaro,-0.014413743961116308,0.28266755130771437,-0.002730205543533429,0.1533388528681315,683,561,1074
Abdulbaset Jarour,-0.01457803663835775,0.28654566152940514,-8.712426725407198e-4,0.15394799167553866,684,560,1072
Juntos,-0.014682779099412874,0.26678937759562527,-0.007880408224705936,0.14009038793689663,685,559,1070
Mulheres que podem #elenão,-0.014807526955654477,0.26619929709329077,0.002022531658214775,0.14909265804759142,686,558,1069
Jandira Feghali,-0.014890306211846014,0.24281992343884268,-0.009541703552444407,0.14830642054546478,687,557,1068
PMP - Portal do Movimento Popular,-0.015151709789128769,0.2835479080840447,-0.0013982930245018772,0.15384602778118814,688,556,1065
Ateu à toa,-0.015227091397884565,0.28423258512208616,-0.0013561835420793668,0.153866692630653,689,555,1064
Vã Guarda - Perigosos Memes Radicais de Esquerda,-0.01532359100858664,0.28681391526259287,-9.755848720696894e-4,0.15394592940872107,690,554,1062
R7 Renda Extra,-0.015499949673390315,0.2862026323889122,-7.65094429678672e-4,0.1539616190722527,691,553,1059
Leiodetudo,-0.015501662320966227,0.28585933199174945,-0.0016755169845342273,0.15384390512256696,692,552,1058
Anderson Oliveira,-0.015723185711672735,0.2539908077365891,-0.032260640808961814,0.14496854326988146,693,551,1054
Carioca Opressora,-0.016220755092076298,0.2692257234747114,0.0075536749550103675,0.1471712767959449,694,550,1051
A Nova Revolução,-0.016377238283245957,0.23069546035540225,-0.05967154518134082,0.14760107666235206,695,549,1048
BolsoNews,-0.01657211687100141,0.2829209893284851,-0.003651143462022854,0.15313533879055502,696,548,1046
Caio Fernando Abreu,-0.01689409518002207,0.2758887854589607,-0.008301724651975873,0.14655173818093842,697,547,1042
PARANÁ & BRASIL,-0.01698049621310531,0.2699336821522574,-0.0299632621002468,0.14877333573047966,698,546,1039
Tamara Naiz,-0.017045685426937865,0.2827365449931434,-0.002205956347972056,0.15368961630915132,699,545,1036
Fé Libertária,-0.017224388286981054,0.2816796490778172,-0.002909934756870369,0.1534206534035501,700,544,1035
Karen Santos,-0.01789389337349069,0.2676052132902292,-0.009461206021136691,0.1409334987720077,701,543,1032
Rede da Direita Nacional,-0.01792128383221355,0.26964238790100026,-0.0042309140871863195,0.1535027586532685,702,542,1031
AMOR. Atras DAS Grades,-0.018749071015841903,0.28394813214074777,-0.0015277199955792207,0.15389219446974045,703,541,1027
CUT São Paulo,-0.018821650225568216,0.28677356206795784,-0.0014009267374225864,0.1539389158029303,704,540,1026
Tudo Sobre o Guarujá,-0.01888894855732653,0.2865486736495587,-0.001677959846969521,0.1539090426590943,705,539,1023
Thiago Tavares,-0.019298382644854933,0.28675428631044414,-0.00139717801022455,0.1539425557896009,706,538,1019
Volta Dilma,-0.019584367976001257,0.28055578462085595,-0.0036110767950422624,0.15324784840526837,707,537,1014
Quem manda no Brasil? Falência Democrática,-0.019598577588207017,0.28354433672119245,-0.0015969398612398489,0.15388849714599973,708,536,1013
Choque de Comuna,-0.019801653886916598,0.2607065808109268,-0.008111323985417994,0.13770089332561722,709,535,1009
"Na dúvida, siga à esquerda",-0.019823022039031992,0.16200643459524242,0.044999792100243234,0.1077598333476376,710,534,1008
Ciro Progressista,-0.02031237788085916,0.285671272511898,-0.0025285783097925446,0.15380188395940778,711,533,998
Projeto60anos/ClaudiaGrande,-0.020386078663906123,0.2872101618045243,-0.0010925051620198415,0.1539761650766957,712,532,996
À Toa no Face,-0.020546689876741988,0.2837872166480198,-0.003968654027882275,0.15339615226803346,713,531,995
É melhor Jair se arrependendo,-0.020771506899734206,0.27634442812528903,-0.0019436261199759154,0.1537418139504142,714,530,994
Amigos B Brasil,-0.020786997456142358,0.28360063398791346,-0.0015313837999782654,0.15391294440924547,715,529,993
O Brasil Em Movimento Grita Contra a Corrupção,-0.021112128860725103,0.28584217219288194,-0.0037039541345320116,0.1536206717841122,716,528,992
Mundo Jurídico,-0.02133758443496518,0.2860451379364931,-0.0025080676584548094,0.1538355226029664,717,527,990
Madson Henrique,-0.021361414500150416,0.2855031866979814,-0.004046211202540968,0.1535363015249804,718,526,989
Jovem Pan News,-0.021367920345773082,0.2876118659285704,-9.663650544988689e-4,0.15399067328555918,719,525,988
"Todos contra a ""globo"" e todos a favor do Lula.",-0.02149938136069247,0.13860454523543056,0.00587800487486098,0.10813257638698613,720,524,986
Magaligna,-0.02153045352370366,0.25165809935600614,-0.015590087103702095,0.1509817940602242,721,523,984
Rede de Afeto,-0.021733988993218573,0.2843906697827513,-0.0051727071710918,0.15315333382484064,722,522,982
Eu não voto em direitistas e conservadores,-0.02213969136533482,0.24912942866583204,2.7164310511113086e-4,0.1275899385119388,723,521,979
Indignado  Brasil Anti-Bolsonaro,-0.022656053446935713,0.28530001593361465,-0.0013095649680640586,0.15396782581200819,724,520,971
Instituto Vladimir Herzog,-0.02325241565785748,0.2858069496765874,-0.003574772298344142,0.15371022826249872,725,519,969
Imprensa Internacional,-0.023392753929165837,0.2851670894643235,-0.004690979742672353,0.15345874181678484,726,518,967
Mauricio Marcon,-0.023549945923150187,0.2745506026314198,-0.012869621831340957,0.14400914640407408,727,517,966
Frente Nacional Democrática,-0.023746849389886315,0.28598833980667654,-0.0035802179529064175,0.1537317930513627,728,516,963
Po Serra,-0.024002654445336783,0.2804993408211154,-0.008255379713347737,0.15139672501394144,729,515,959
Ultrajano,-0.02404379982741997,0.22537840398870043,-0.008908509401614771,0.12636399047550195,730,514,957
Padre Fábio de Melo,-0.02406485228417399,0.27101134639831836,-0.007396854576371495,0.15016927201191044,731,513,956
Márcio Coelho,-0.02429563815613662,0.2782548788321336,-0.009079593708638083,0.15034977508310265,732,512,951
Universa,-0.02443734061543452,0.28776511819133577,-0.0011526159371104813,0.1540015140025479,733,511,950
André Nunes,-0.02447726027045667,0.2661145824762149,-0.013966522873007209,0.1377628983796688,734,510,949
Ari Areia,-0.024482307231941097,0.2751172374831706,-0.009821030918615394,0.1488477050748993,735,509,948
Thẩm Mỹ Quốc Tế Nam Âu,-0.02451539797834808,0.27719332010697445,-0.0017724631426129893,0.1528854644964251,736,508,947
Brasil dos Memes,-0.024766203681057954,0.269072009079598,-0.0184613288747177,0.14853942259838745,737,507,942
Sub Sincero,-0.024794766082385115,0.2814444218745293,-0.007247639817387422,0.1522669017122222,738,506,941
Jornal Extra,-0.025470644327445665,0.2733263241921497,-0.010372272659317715,0.15371515312043335,739,505,937
William Aragão,-0.026084170734065968,0.2874209964805443,-0.001994301192793805,0.15396629771091339,740,504,932
Olhar Masculino,-0.026367716414958237,0.27830511720632556,-0.012356931348459065,0.14825571639259366,741,503,929
Amigos de Itaocara #Oficial,-0.02641242601652864,0.2852138432272079,-0.005068837612329115,0.15351340263776073,742,502,928
Cariocas Direitos,-0.026595462564114918,0.28094532199378164,-0.010165995440092545,0.1509068962580294,743,501,926
DILMA ROUSSEF : PRIMEIRA MULHER PRESIDENTE DO BRASIL!!,-0.02673393170795314,0.28288863502940864,-0.007959333265183072,0.1524440788047606,744,500,925
Leblon News,-0.026817990073420474,0.28310033950129837,-0.008020375248972497,0.15246732957584927,745,499,924
Associação Espírita Mensageiros de Luz,-0.02686115609608356,0.2860564486116131,-0.002466582527683607,0.1539193101621822,746,498,923
Ricardo Amorim,-0.027125859269157844,0.28768536462530636,-0.0021695248355699795,0.15396719362717706,747,497,921
Progressista,-0.02723149007313889,0.25642633230622136,-0.0620244631192239,0.15266890471648573,748,496,919
Magé com Bolsonaro,-0.027308441354547196,0.28145452728734593,-0.0012204799598734015,0.15399074054674317,749,495,918
Militantes Petistas,-0.02734902272914574,0.27774147587676834,-0.0012599354432101797,0.15283807668733898,750,494,917
Levante Popular da Juventude,-0.027481840521665784,0.2830939570170636,-0.0038113157389745187,0.15367995363369744,751,493,916
Estadão,-0.027591964841038954,0.26888800531790696,-0.0017021022116261776,0.153782491344406,752,492,915
Jhony Sasaki,-0.027623819571932412,0.2849010939318158,-0.006670784442886643,0.15319335241311197,753,491,913
Junior Santos Oficial,-0.027649206874014336,0.28534102037404235,-0.005949533010813227,0.1534010034090997,754,490,912
"Brasil acima de tudo, Deus acima de todos",-0.02773674055118102,0.2872529000132139,-0.0027618239073741286,0.15392533308612652,755,489,910
Sindjorce,-0.028173026110552658,0.2800758003962747,-0.0065789900234011715,0.15275839673857228,756,488,908
Fernando Carneiro,-0.028220410849813728,0.2871119960447432,-0.003069027815963968,0.15390503407153852,757,487,907
Direita Minas - Sete Lagoas,-0.028221726954507986,0.27511399923963964,-0.015342269931099037,0.14444561924988894,758,486,906
Robério Paulino,-0.028222888091414024,0.267864845527332,0.027757340740897193,0.14924986499224444,759,485,905
Fernando Horta,-0.028291072145300078,0.23791623070798126,-0.01699912852866606,0.13512221722294077,760,484,903
Jovens de Esquerda,-0.028353319424112927,0.2151532015803653,-0.03793423078374375,0.14070612723606332,761,483,900
Lídice da Mata,-0.028479755692435924,0.287366020449093,-0.0025562327793427057,0.15395049929270277,762,482,898
Palavra da Salvação,-0.028608049445541243,0.2715920097679902,-0.015412929758417373,0.14270490073626899,763,481,897
Locomotiva MORO Presidente,-0.029140714638599376,0.2836579612382133,-0.008597211781660029,0.15260293085793192,764,480,895
Unidos por Ciro Gomes Presidente do Brasil em 2022,-0.029328727449799592,0.2875834911418708,-0.0019581380331428074,0.15399692437424142,765,479,892
Sos notícias do rn,-0.029550022249434142,0.2872726929147735,-0.0030222999872522955,0.15392810567341206,766,478,891
Odair Cunha,-0.02986846111661063,0.28619889058685627,-0.005124044118025592,0.15367560059506968,767,477,889
"Luiz Inácio falou, Luiz Inácio avisou! ❤️🧡💛💚💙💜🤍🤎",-0.03000252597537693,0.2788803717592773,-0.01236124032621822,0.14975729875162808,768,476,888
"Chemtrail ,Haarp, Blue Beam - Não Queremos Isso No Brasil",-0.030127900148385466,0.27876327059108924,-0.012901456941923748,0.14938054155503816,769,475,886
LULA o Melhor Presidente do Brasil,-0.03016943240398089,0.2773702739805911,-0.016457371920027965,0.15291225950980145,770,474,884
Acervo Humano,-0.03023368794038586,0.287463748725631,-0.0023039199749299616,0.1539844626405474,771,473,883
Acorda meu povo,-0.030576370772914727,0.259528315632992,-0.009324263104855566,0.13503894092455657,772,472,879
DireitaNews,-0.030796775969326538,0.287903224713339,-0.00231956654864777,0.15399302080411412,773,471,876
PT - O Partido de Todas as Lutas,-0.03097505229483106,0.2757583135649167,-0.015055613955528077,0.14669429390191713,774,470,872
Bravo,-0.03103408005055743,0.2873951384216167,-0.0030550374170937172,0.15394307742539046,775,469,871
Bolsonaro Opressor 2022,-0.03114507979478797,0.2054443847819118,-0.07077005924395588,0.127833226650958,776,468,870
Henrique Fontana,-0.03161993184847817,0.2875936834662981,-0.0032978347101613346,0.15393737959883014,777,467,865
Esquerda Revolucionária,-0.031794571318239644,0.17821338776600953,-0.09477693586626786,0.14587278474518378,778,466,864
"Pense, é grátis",-0.03217598202575607,0.28727733479935147,-0.0026779943427256243,0.15397716381990276,779,465,860
Ciro Para Elas #2022,-0.03230606926052108,0.2867652690474458,-0.004925591907529483,0.1537787942558843,780,464,859
Camilo Cristófaro,-0.03268136651533333,0.28595515985217035,-0.007074528255944775,0.1534542506166279,781,463,857
Ana Paula Lima,-0.03278487191251823,0.2705219444711386,-0.0032816589796183632,0.15381462264339232,782,462,856
Verdade e Vida,-0.032879430402084624,0.2867567600779865,-0.006145440878965575,0.15365337373693566,783,461,855
Washington Quaquá,-0.0331795966757132,0.282650854301603,-0.010891784369960137,0.15206953438687396,784,460,852
Mapa Educação,-0.03332749702078296,0.2881907362757673,-0.002535468272039067,0.1540058512993315,785,459,849
Leo Britto,-0.03342282899808654,0.2786826226584383,-0.012490542785733054,0.15047370402497734,786,458,848
Darcy Ribeiro,-0.03367814965159124,0.2880998851394144,-0.002744177703171123,0.15399900613440576,787,457,845
Luciana Santos,-0.033990663908066085,0.27467038850557773,-0.016906573594454185,0.14584892749192688,788,456,843
Tipo Antifascista,-0.03409713949731076,0.2884119139697247,-0.002084460702625803,0.15403588593152084,789,455,842
Portal 30seg,-0.03413109144808111,0.28827457609929535,-0.002208311694204817,0.15402977320162317,790,454,841
Melhor Política,-0.034447456375639056,0.18222257968909192,0.003129264612808085,0.12916678655547942,791,453,837
Robson Leite,-0.034454998456164135,0.2757752575607763,-0.011760579079444956,0.15345134382277495,792,452,836
Antialienação Global,-0.03448369549177329,0.2816809770970762,-0.008137788041657377,0.15291123920874083,793,451,835
Prassa é Nossa,-0.03450467147966313,0.2837307688906731,-0.0075578832757248054,0.15324644333183915,794,450,834
clicRBS,-0.034785000745760346,0.28858221285477886,-0.001844607240734251,0.1540509151459872,795,449,833
Direita já,-0.03481342155961612,0.27802093203579686,-0.010411544781856139,0.15163157121815218,796,448,832
O Bolsonarismo de Todos os Dias,-0.034974268079831033,0.26697410961137485,0.009300757659950587,0.14735548585717018,797,447,830
Nelsinho Metalúrgico,-0.03503604632103526,0.28491009622985236,-0.00247400305625314,0.1539940512585443,798,446,829
Frente Contra a Corrupção,-0.03575515688015223,0.28837405560101087,-0.0027517624002253993,0.15402028878402999,799,445,822
Aceita que dói menos,-0.035770446116290815,0.28519135555383945,-0.008648430428735953,0.15323803663883828,800,444,821
Lula Pra Sempre Presidente do Brasil #HaddadManu2018,-0.03597030165981317,0.21626384454834097,-0.02234431243912573,0.12477236858869185,801,443,820
Grupo Metropole,-0.036102951404186547,0.2885900057015468,-0.0019013574964979784,0.15405914962910167,802,442,819
BuzzFeed News BR,-0.03617685884064602,0.2850997479424399,-0.0016458636059434786,0.15405503697545922,803,441,818
Rede Brasil Atual,-0.036179645362220444,0.2881013630270058,-0.003180476883247128,0.15399861312293514,804,440,817
Direita Minas - Jaíba,-0.03635326256617282,0.28086011283502055,-0.015567195665902037,0.15010942875606748,805,439,816
Secretaria  Nacional de Direitos Humanos do PT,-0.036359333614572824,0.28385312072339475,-0.0016444477096431917,0.1540534860244362,806,438,815
Jovens Conservadores do Brasil,-0.03648418668586789,0.2697057654921068,-0.02265987409840155,0.1373063471669855,807,437,814
Gustavo Don Mogi SP,-0.03660723498694078,0.28430179053297905,-0.0019787327108990206,0.15403630355196843,808,436,812
Doutor Maravilha,-0.03725482069682588,0.27791540823520056,-0.012387647244195811,0.15104984928990917,809,435,810
Balanço Brasil news,-0.03762543594595087,0.2861067224854575,-0.008289578545044193,0.15346014964475946,810,434,809
Federação Única dos Petroleiros,-0.037652892609080515,0.28859222737268886,-0.0032180778833770214,0.15401831146681302,811,433,808
Primo Primata,-0.03765854511630473,0.2771010289942764,-0.018304166591916762,0.14729951836577862,812,432,807
Paulo Freire,-0.03797733702742543,0.2885220025483227,-0.003094485967151462,0.15402640623425595,813,431,802
Sebastião Donizete Santarosa,-0.038070006076188226,0.2252380176363822,-0.012378290947901579,0.1139326291582413,814,430,801
Brasil 247,-0.03836104667308741,0.2580592269118583,-0.005580064485488922,0.15130625891129898,815,429,799
Militares Brazilian,-0.03846729790860671,0.285168576168878,-0.009166465863832613,0.15325816582881113,816,428,797
Carlinhos Míssil Gracia,-0.038954404653606146,0.28182784239266806,-0.0029027109514870655,0.153980147462695,817,427,796
VITÓRIA NA GUERRA BRASIL PEGA FOGO!,-0.03897371548904758,0.2214418818172107,-0.02520732704888471,0.1306317935757079,818,426,795
Afrocentricidade Internacional - Divisão Brasil,-0.039466388764128314,0.276756138145429,-0.012433565603864535,0.1511589315794313,819,425,793
Jornalistas Livres,-0.03954384573808099,0.22925558753907446,-0.022316010897223373,0.13422849165467923,820,424,791
Jeferson Rocha,-0.03967472377745595,0.28926802062158824,-0.00244350678046086,0.15407355952000049,821,423,790
Bolsonaro M1L GR4U 3.0,-0.039755645993344225,0.23371669774628157,-0.03633069227721999,0.13206983771092343,822,422,789
Paulo Mathias,-0.03994959753353559,0.28352582004675564,0.002417202944707251,0.15388921244196796,823,421,787
Preta Mulazzani,-0.03998547670468505,0.2885929982078222,-0.00366256720647011,0.15401964513871128,824,420,786
POVO Claudio MPTV,-0.040212233907259726,0.2768604081304194,-0.014484831954190154,0.15029586730071354,825,419,784
Ordem Imperial do Brasil,-0.04030462836894691,0.27366939761857734,-0.018956424610913868,0.14636291411155442,826,418,783
Jornal A Pátria,-0.04034370082089249,0.2843139814457703,-0.0034079866386705323,0.15397711143450823,827,417,781
Ferréz Escritor,-0.040727757951776813,0.2812951856055246,-0.016337862534803696,0.15073700921080452,828,416,778
união e força democrática,-0.040816077028223985,0.28770352900221324,-0.0058558245247630055,0.15387673063455992,829,415,777
Homens contra o bolsonaro,-0.04085293939385784,0.26646298121857614,-0.02561984983326844,0.134423272719757,830,414,776
Bangu News,-0.040917028117096105,0.2818112428743145,-0.0151823980447712,0.15134221831536687,831,413,775
GZH,-0.041444774450961445,0.2837977083545715,-0.002579695290280614,0.1540588238287221,832,412,772
Evangélicos contra o Bolsonaro,-0.04144960751807387,0.2584780251412094,-0.03320760754783609,0.13817844904819188,833,411,771
Átimos Brasil,-0.04150837026124944,0.2748607454551277,-0.01737171750071478,0.14832280770069184,834,410,770
Policiais Antifascismo,-0.04154506269822396,0.27991452637377495,-0.00986350415435091,0.1527237469981994,835,409,769
Viajantes Solitários,-0.04159222946376716,0.27976668749850697,-0.014866982193499337,0.15104577822432136,836,408,767
Santo Estevão - Terra Boa,-0.0416442510919049,0.286433294507509,-0.009990147957671119,0.15339645221298745,837,407,766
Marcha do Orgulho lgbti+ do Porto,-0.041666986845065174,0.28196595382615625,-0.005796785765498364,0.15368694884524878,838,406,765
Rete Solidarietà Rivoluzione Bolivariana,-0.04183931425522493,0.2877587669361124,-0.006643566188679488,0.15383507270754668,839,405,763
Fran. De Tudo Um Pouco,-0.041979829639817,0.28919962589957027,-0.0028244006546547726,0.15408005817221807,840,404,762
Fortaleza Ceará,-0.04202947086418409,0.25698515906333713,-0.014734171885476613,0.15330998619860806,841,403,761
Cristina del Papa,-0.04208954054003604,0.28846659184706697,-0.002982825074022644,0.15406773102053153,842,402,760
Galera Vermelha,-0.042092727192427765,0.26863690648821165,1.5181764347352503e-5,0.15367528042938902,843,401,759
RUA - Juventude Anticapitalista,-0.04226641361993122,0.27164228557619996,-0.006377835284233372,0.1498352368977385,844,400,758
A Ditadura da Corrupção,-0.04263073565390664,0.26694451759035165,-0.014434140149663552,0.1449568677006873,845,399,756
Chega de Corruptos,-0.0428573618398893,0.22919827742641272,-0.022867984031496494,0.12315380431854608,846,398,755
Nintendo Switch Brasil,-0.042940851798216266,0.2788776011089131,-0.020979557446544426,0.14802418226160108,847,397,754
"LEU NA VEJA, AZAR O SEU!!!!!!",-0.04295783626386223,0.26429361526870065,-0.015045468845270832,0.15307058339928103,848,396,753
Alexandre Lindenmeyer,-0.04305094004748542,0.28215889314602555,-0.003018151621171937,0.1540120406960271,849,395,752
Falando Verdades,-0.043063137249869515,0.2825367464527587,-0.001959515682691071,0.15409372707238148,850,394,751
Contas Abertas,-0.04317368905104374,0.28952966488587206,-0.002180661770169396,0.15411395544682252,851,393,750
Lucas Schuab Vieira,-0.04328249846456723,0.27500152167303893,-0.003029964891533249,0.15401724457665064,852,392,749
Democracia Radical,-0.04331601212807264,0.2725673505341109,-0.02105401309692255,0.14537251514134938,853,391,748
BNT - Boca No Trombone PG,-0.04345747395531083,0.2888609423012438,-0.00460042311456688,0.15401399761546553,854,390,747
Brasil Econômico,-0.044324097432986445,0.28930102342093494,-0.0029992196702410363,0.15409538983524085,855,389,742
Canal Nobre,-0.04443824974962708,0.23435406298125072,-0.012857564856419942,0.12797474358112013,856,388,741
Política no Face II,-0.044544762290275326,0.2794613449012938,-0.00687079946126168,0.15329720510680128,857,387,740
Sindifisco-RS,-0.04469593938093857,0.28545985571457283,-0.006489670958024511,0.15379767888764412,858,386,738
Amazing Videos & Virals Around the World,-0.044840120230013006,0.2881269009086135,-0.007138815225421883,0.15386387890572265,859,385,736
Agentes Federais do Brasil II,-0.045555979776310714,0.26528480063287435,-0.00896304238660997,0.14716419915413564,860,384,728
Não é Justo,-0.045786650927322876,0.2869005003659545,-0.004455377694825439,0.15401051875684052,861,383,727
PT - Minaçu - Goiás,-0.04580180258804611,0.2881356177593191,-0.008328992168744272,0.15379874494901397,862,382,726
Brasil em Construção,-0.04610984353444103,0.28746788352404956,-0.009921877234367122,0.15362712229201564,863,381,722
Pizza Política,-0.046125265538705974,0.27639822350896887,-0.02366406358837611,0.1462202655688998,864,380,721
UTI da imprensa,-0.04625825699258047,0.2736357125174575,-0.01980818236976334,0.14771272715947611,865,379,719
Lauro Belchior - Não Cruze os Braços,-0.046299538841772514,0.2682992665313988,-0.0030353494008516038,0.14250205728488904,866,378,718
Norte de Minas MG (Grupo),-0.04649675502569899,0.2862093763301969,-0.011282073874424715,0.15336689903355924,867,377,717
Edna Sampaio,-0.04666111217605011,0.28731089985990516,-0.011040220482044852,0.15351838239274454,868,376,715
Direita Votuporanga,-0.04675278715275148,0.2896681224983044,-0.0029947053467212813,0.15412191928164592,869,375,714
Advocacia Altair Campos & Associados,-0.04676795115405067,0.2889771769099065,-0.004251569468738634,0.1540667514970018,870,374,713
GALO DOIDO -  Fan Page,-0.04687500267407969,0.28945760796304726,-0.0034949274689574776,0.15410279915918776,871,373,712
Fernando Mineiro,-0.047100474998978334,0.28822451303860874,-0.0049229346091110345,0.1540251729560124,872,372,709
Todos pela Constituição,-0.04719963161694146,0.2874380220564841,-0.01027802801167697,0.15361484962105185,873,371,708
Valeria Monteiro,-0.04775565930744706,0.2893805505881195,-0.003021823214134579,0.15412813294396083,874,370,705
Diário Online Brasil,-0.04783938829800521,0.28768964142966386,-0.0022751989463885127,0.15414780814134968,875,369,703
Fumaça,-0.047941377287425944,0.2761781090335019,-0.014369791255032573,0.1513437726815363,876,368,702
Vida de Assistente Social,-0.04817359102920709,0.27723034168113114,-0.012409146577328058,0.15218407250905971,877,367,700
Saia da Matrix / Humberto Matos,-0.04822965076576762,0.2870510323295975,-0.011541907042835059,0.15348089362066822,878,366,699
Liga da Justiça Page,-0.04825767697111771,0.2507662040679033,-0.015614111853849904,0.1403929903356517,879,365,698
Sargento João Henrique,-0.048413586083430424,0.289742597574681,-0.003768688451819563,0.1541110530615337,880,364,697
CBN Amazônia Manaus,-0.0486182811075083,0.29023348181920416,-0.002263844470633246,0.1541656694843587,881,363,695
exame,-0.04892713232956464,0.28993099623312935,-0.0022208041238253495,0.15416906902655214,882,362,691
Em Direita Vale do Paraíba,-0.04895239792122475,0.28920379644228517,-0.0049295813979958625,0.15406421355030167,883,361,690
Avante Brasil Ordem e Progressos,-0.04899606798592945,0.2830935998167229,-0.018245431912776604,0.1516652367384397,884,360,689
Impacto News,-0.04907694499953924,0.2881589806216497,-0.00829119186329057,0.15385238155020864,885,359,688
Envelhecimento em comunidade,-0.04916118482808113,0.28423365884531565,-0.007578719294404218,0.15372588480005253,886,358,687
Conservadorismo Moral,-0.04919888894220401,0.28756001381098595,-0.011795305322574789,0.15353772859488976,887,357,686
PORTAL DO AMAZONAS,-0.04949669783368439,0.2743453632984306,-0.010521856227289267,0.14969699815962476,888,356,683
Floydianismo,-0.0508810904927578,0.26673394061016964,-0.011875540860355995,0.14182244089330104,889,355,675
Saulo Pessato,-0.050887903368073854,0.2860356192762674,-0.015013155573078606,0.15302538199181254,890,354,674
FORA PT,-0.05092013717728844,0.2732542226759257,-0.015914519768317682,0.14830608784516588,891,353,673
Liberais Antilibertários,-0.051125313408235853,0.28769497871560296,-0.011843684188905626,0.15358693687370847,892,352,672
Rede Psicólogos,-0.05132117024654331,0.272271655851488,-0.020798499362696135,0.14792198318672978,893,351,671
O Piauiense,-0.05142081941409283,0.2745157708274727,-0.03118361038617925,0.14169413647950124,894,350,670
MINF Soluções Digitais,-0.0518602926386571,0.28988327267310365,-0.0049283548719764245,0.15410528875117885,895,349,668
Movimento Direita Hortolandia SP,-0.052062020588631436,0.265452405726047,-0.010746635552267465,0.13979621122746796,896,348,667
Comandante Viegas,-0.05215243208208021,0.29025467118545867,-0.003354073262451191,0.1541678897683304,897,347,666
Militantes De Esquerda,-0.05232858269733586,0.285090598250336,-0.00462430894576058,0.15405141466543876,898,346,663
CNB - Construindo um Novo Brasil - SC,-0.05288692965124737,0.28961819295158825,-0.006377163503790779,0.15405649830423954,899,345,657
Cidade de Guarulhos,-0.052897077775996296,0.2893301834908768,-0.007566171751987803,0.15399409312163456,900,344,656
Treta Festa,-0.05318857406910122,0.2529450702055564,-0.02854553261581484,0.14833120326737712,901,343,655
O Pior Presidente...,-0.05348981891907661,0.28259990849606004,-0.012590094663482833,0.15305735589198094,902,342,654
Grêmio Antifascista,-0.05420467671382978,0.2812380236447461,-0.007831175878454041,0.15390464367979145,903,341,652
Nova São Paulo,-0.05434467727390131,0.25086649841837516,-0.006397800952087709,0.1372318377849427,904,340,651
Patriota Moreira,-0.054468969860471186,0.28866868287231745,-0.009766119843310652,0.1538725205873532,905,339,650
FAZ ARMINHA QUE PASSA,-0.05459781889211958,0.2871277638988524,-0.0029547826404512354,0.15418903831247724,906,338,649
Campo Grande RJ,-0.054691895799109096,0.2873922848394323,-0.0035739451079034625,0.15416397773721682,907,337,647
A Politizadora,-0.05478616387115351,0.25253961675000264,-0.02986582708169888,0.13277301153469098,908,336,646
Gazeta do Povo - Paraná,-0.055204892042894145,0.2903623240883739,-0.002927449803165137,0.1542144425886051,909,335,644
Bolso News,-0.055280736872360986,0.2818088002251745,-0.025596631346197034,0.1498802282841364,910,334,643
"Com Açúcar, Com Afeto",-0.055466106263437724,0.2844416749773033,-0.01322523543860927,0.15322715022366246,911,333,641
PT Cuiabá,-0.05558740637393372,0.28212527875780447,-0.013407532507583064,0.1529611020595324,912,332,640
Dicas para Cabeleireiros,-0.055589018808245606,0.2857275389481547,-0.004229066268438857,0.15412588296140328,913,331,639
Diretas Sempre,-0.05560580364413003,0.2902299975598097,-0.0043355586678698104,0.15417069409718512,914,330,638
Leste Online,-0.055811354672314135,0.29027888747396086,-0.003057272513625664,0.15421626163144334,915,329,636
Ligue Os Pontos,-0.05589179449152603,0.2757329251743152,-0.008681868641231027,0.1527513530036326,916,328,635
PARANÁ NOTÍCIAS,-0.0560431895276957,0.2735669216816316,-0.02388697717704791,0.1477537129420484,917,327,634
Pérolas Online,-0.05609128856193683,0.2899071668952745,-0.008071594220089157,0.15403090243333856,918,326,633
Zé de Abreu 5.0,-0.0561851664343443,0.28200245652306677,-0.0044090130896129506,0.15408399273280843,919,325,631
Politicas Internacionais,-0.056380179475743926,0.2900501080661182,-0.006651595412889236,0.1540932791977957,920,324,629
Direitos Urbanos | Recife,-0.056568414475874844,0.23852912249614458,-0.0444549333226401,0.13880180021733218,921,323,626
Sikera Junior,-0.05737968922217148,0.28589389811024946,-0.013113545649333412,0.1534414933479592,922,322,622
Os Crentis,-0.05762086610024572,0.28469076502592267,-0.013276691000105428,0.15331359205321854,923,321,621
Professora Josete,-0.05768494492702268,0.2659511834333643,-0.008087347216597261,0.14482902279938065,924,320,620
União das Esquerdas,-0.0581706725917705,0.19313077285834643,-0.009733127953452327,0.1322182695039964,925,319,616
Juarez Rodrigues,-0.058195976613315,0.28856070766044106,-0.014301190402668584,0.1536461344504181,926,318,615
Rodrigo Tomazini,-0.05825950918917601,0.2859474859923401,-0.01823644047439098,0.15289646091493472,927,317,613
URSAL - União das Repúblicas Socialistas da América Latina,-0.05840026370784668,0.2907904137964422,-0.005335894997599184,0.15417615822132627,928,316,611
Professor Rodrigo Gomes,-0.058414595706431434,0.2910117827377443,-0.00444402872334776,0.15420681260021227,929,315,610
Curitiba Contra a Corrupção,-0.059682464328308586,0.2795404755326081,-0.029327843848713456,0.14836685005550732,930,314,606
Professor por vocação,-0.0598402917422518,0.29131758045403555,-0.0038330130146975983,0.15424339549300817,931,313,604
Aliança Carioca,-0.060262817192482526,0.2615806963424273,-0.07543033602614209,0.15284764888199254,932,312,602
Jair Me Arrependi,-0.060298030840506306,0.26207248449994874,-0.024242928639549754,0.145579146360852,933,311,601
BuzzFeed Brasil,-0.06077568298545598,0.28548266677233247,-0.00276498535134661,0.1542643219909255,934,310,596
Aliança Pelo Brasil Poá SP,-0.061145389781890484,0.2774264610401776,-0.026183506426061015,0.14904437286761207,935,309,595
Olhar de um Cipó,-0.0612027871125514,0.28327689315791843,-0.024551381487182916,0.15137460585179613,936,308,594
Corruptos,-0.06134573730518945,0.28854446089944896,-0.012893577391487972,0.1537871230292071,937,307,592
Relações Públicas,-0.06139143930650059,0.29148140845154535,-0.004035510536764051,0.15425653616442303,938,306,591
Canarinho Sinistro,-0.06157629435153008,0.2772220749153193,-0.01816648801634827,0.15163447293250462,939,305,589
Canal Hugo Alves,-0.06178981947389482,0.2765661067210913,-0.0340997120858098,0.14516287841039766,940,304,588
Direita Calibrada,-0.062413086124455,0.28172159964726334,-0.021785027612142297,0.15167655567794242,941,303,584
Mulheres Unidas Contra Bolsonaro,-0.06268655324394061,0.2041059378086527,-0.043752295689420066,0.11373640622132784,942,302,582
TV ILHA,-0.06306745170662977,0.28856693855087673,-0.014805524511617018,0.15370508547179004,943,301,578
Viva Sem Veneno,-0.0631468801441578,0.28198815446938014,-0.007532229210559842,0.15392193588143374,944,300,575
MOVIMENTO DIREITA E LIBERDADE,-0.06317521566933687,0.2648483922784964,-0.01655812479650244,0.14792812154291596,945,299,574
Panelinha da Direita 1.0,-0.06331987792510314,0.27672930043219174,-0.03458709657977912,0.14547197445440896,946,298,572
LULA INOCENTE  NOSSO PRESIDENTE,-0.06359942662858711,0.22060827757750492,-0.041191764834136405,0.1400089963606684,947,297,568
Socializando,-0.0641697946409799,0.24878441845428484,-0.019510277269812262,0.13105979132342774,948,296,567
Conselho Indigenista Missionário - Cimi,-0.06429321789772813,0.2857306753612732,-0.0029129424305615235,0.15430690438711073,949,295,566
Luciana Boiteux,-0.06499912142438535,0.2623370789527203,-0.03708796270776893,0.13541412432578145,950,294,563
RAFAEL GALVÃO,-0.0651860914638178,0.25708528117379326,-0.03717967634250241,0.13737083560498045,951,293,562
Loucas pelo Ciro,-0.06542025553672613,0.2885811156816961,-0.01938901783481062,0.15346981488873893,952,292,561
DesNazificando,-0.06554727939402279,0.282884552653141,-0.028069034061602317,0.15089522069851455,953,291,560
Rosane Bezerra,-0.06573600991848685,0.2839167503307637,-0.03052185111625998,0.1507665263443141,954,290,558
Deputado Maurici,-0.06587438779232822,0.2900049429129201,-0.014930871610636493,0.15388417921260134,955,289,555
Direita Jacarepaguá,-0.06592579481546562,0.27928470003029965,-0.03382250882259488,0.14776909729414597,956,288,553
Praia grande mil grau,-0.06597440763617642,0.2861220219084105,-0.0044557218483890545,0.15425250802236368,957,287,551
Coração Valente,-0.06612579651164617,0.2886447735507634,-0.015359775619908358,0.15373157044480354,958,286,549
Capitão Gabriel Mazzali,-0.06652945087022856,0.28925654377851256,-0.015814650457249262,0.1537788313568633,959,285,547
Somos 70 Por Cento,-0.06655034520813742,0.2822029537636935,-0.02752999530578321,0.15089185004603647,960,284,546
LULA Eterno Presidente,-0.06669204619073182,0.2798520221620738,-0.016095380802768042,0.15294728442547847,961,283,545
São Gonçalo Informa,-0.06735263803631802,0.280219903849622,-0.005543912002560624,0.15411220093392186,962,282,542
Presidente Jair Bolsonaro,-0.06742422294187075,0.2806871920391864,-0.035669642529841665,0.1481082435303491,963,281,541
Mulheres Unidas contra Bolsonaro PR - Curitiba/Paraná,-0.06800864090247351,0.2607294470247262,-0.04535508008879455,0.14321433519485213,964,280,534
A Privataria Tucana,-0.0682022404469004,0.1465774215478141,0.008912085383322318,0.11458252032822364,965,279,532
Panelinha Opressora - direita,-0.06933494507514562,0.23625177979945589,-0.043784342356500534,0.14167000365173368,966,278,527
Rede Ciro,-0.06934580993951195,0.29125245599567545,-0.005546274328627293,0.15430205895440552,967,277,526
Levante Negro,-0.06975852248549196,0.2799518842332909,-0.010812946902771346,0.1536408272709094,968,276,522
Desiludindo S/A,-0.07047613909533126,0.27148875554425694,-0.02844091130819105,0.14781033285420558,969,275,518
Cikuta Política BR,-0.07079302924249575,0.28699893240991214,-0.016972444146170496,0.15354505515892314,970,274,516
ADMINISTRADORES DE PAGINAS E GRUPOS (OFICIAL),-0.07080225236821389,0.2753692983876788,-0.04051995595303575,0.15033840271053603,971,273,515
Pink Floyd Moon,-0.07084546406992788,0.2851407482752009,-0.005478090362055267,0.15426209873825544,972,272,514
Ciro Gomes Pernambuco,-0.07171932417082982,0.2326604765393252,-0.02586825084942246,0.14670433156272722,973,271,511
GRUPO DE APOIO À OPERAÇÃO LAVA JATO - JUIZ SÉRGIO MORO,-0.07198663176022187,0.2095106989897769,-0.12496133910497763,0.1432362164841886,974,270,510
Sou 13! Voto PT!,-0.07237355529076092,0.291492320008881,-0.007661489413429467,0.15427566487554467,975,269,509
Pragmatismo Político,-0.0727548141337906,0.28291632730324634,-0.0069637472416150805,0.15415561090949342,976,268,508
Top Vídeos,-0.07317669361383113,0.2841774325296156,-0.006384399267388314,0.1541921128192721,977,267,504
Paulo Teixeira,-0.07358097675996547,0.22431791987859315,-0.012338414419946753,0.13590312727802425,978,266,502
#A GAZETA ESQUERDISTA CONTRA O COISO,-0.07424489155949231,0.17649488186850504,-0.09270585524037955,0.13503691212211327,979,265,498
O Conservador,-0.07435091066871478,0.2753547762903997,-0.04224453543882031,0.14390364834922403,980,264,497
Brasil Independente - BRI,-0.07457598241608249,0.2919217290122396,-0.005964583255531434,0.15436388834819725,981,263,496
Prof. Cláudio Melon,-0.07461340128758508,0.28244929272155045,-0.03784055727706767,0.14948565865473815,982,262,495
Ordem dos Conservadores,-0.07462791028941441,0.2731247266051849,-0.03814131526241701,0.14485019426340226,983,261,494
Conservadores Sul RJ,-0.07511852423829997,0.2709011639238619,-0.04105228227177571,0.14225033899054776,984,260,488
Gustavo Petta,-0.07533643537417949,0.2833576642871496,-0.015381764786378024,0.1534638895762627,985,259,486
Xico Sá,-0.07554366412028263,0.2467396669377255,-0.04992686499786088,0.14204923334006012,986,258,484
Eu voto Haddad e Lula me pergunte por quê,-0.0757786365231773,0.24135434856109522,-9.727303646160034e-5,0.14855235204425715,987,257,483
Airton Amaral,-0.07582094996242376,0.285772399198802,-0.022214532023012313,0.15306406883392884,988,256,482
Movimento Brasil Livre - Brasília,-0.07601720665522457,0.2609337558064336,-0.006829702737987018,0.15392146661310846,989,255,480
Fora Temer e Cunha na cadeia.,-0.07602242277778501,0.26598662275751117,-0.026974169842478586,0.146612596301287,990,254,479
"Brasil, é hora de acordar",-0.07613936257373453,0.28375648660578257,-0.017486259224042382,0.15325428251247786,991,253,477
Não fechem minha escola,-0.0763482702758805,0.26129510938917966,-0.051970241448573366,0.1405092505065932,992,252,476
Aliança pelo Brasil - Petrópolis/RJ,-0.07658473283203886,0.27636949537096256,-0.0321265673548055,0.1492495445566993,993,251,473
"Penso,logo incomodo",-0.07689147833994248,0.2783596519799525,-0.00438618396895679,0.15436281507153904,994,250,472
Livia Lazaneo,-0.07714972675687456,0.28984033080082594,-0.008338826821074818,0.15427682863320338,995,249,471
Mariana Conti,-0.07738995911077672,0.2796980369789386,-0.014985420530220226,0.15351662276977993,996,248,470
Agentes Federais do Brasil III,-0.0775031336164594,0.2602403240288863,-0.002657198564235149,0.14582351862259268,997,247,469
Barbudinho,-0.07815954166144061,0.2815832134507046,-0.003561600803399531,0.1544630283282771,998,246,468
Conservadores de Direita Tradicionais,-0.07849854569353582,0.2314491843297796,-0.047105328564549395,0.1261355593235939,999,245,466
Mamatraca,-0.07865549494000991,0.266283964061906,-0.011390879863276106,0.1532904901383665,1000,244,465
Ultras Resistência Coral,-0.07880925192852882,0.2759168686826929,-0.0596508761955538,0.15332998477050083,1001,243,462
Isso é culpa do PT,-0.07924395312431907,0.2123142828145144,-0.02440212230432824,0.11365123416375345,1002,242,460
Cassação do Renan Calheiros,-0.0794677604987947,0.2869001898155173,-0.004504770996599042,0.15445561350058953,1003,241,457
Mariachi,-0.07956953169788887,0.21797975387269405,-0.07135916703375728,0.1415559491299351,1004,240,455
Candidato Deputado Federal Republicanos RJ Comandante Sarmento 1082,-0.08068630905583164,0.26643336671849793,-0.011911092091641403,0.13828300847549893,1005,239,451
Diário Feminista,-0.08077162366205189,0.2773252289123357,-0.018661291874181044,0.1526777774303952,1006,238,450
Juntas,-0.08077964529401101,0.2684478415076694,-0.03799298785476664,0.14428535770309575,1007,237,449
Douglas Soldan,-0.08146618154380576,0.26682904409462826,-0.01373440282112467,0.15348785903758425,1008,236,447
Blog da Maria Frô,-0.08164140902245734,0.26672499060768246,-0.02273725362657804,0.14953723824911533,1009,235,446
Eu gosto de memes e de política,-0.081668297330504,0.29279086663537035,-0.006531826239277799,0.15445355631007857,1010,234,445
Lula Eu Confio,-0.0816947054383527,0.28152086858012526,-0.016403123910003498,0.1535108996316056,1011,233,444
Coxinhas da Deprê,-0.08263418788809972,0.2807525326832878,-0.04330100814996588,0.14836772145476376,1012,232,441
Leonardo Sakamoto,-0.08329773171169305,0.28907021766662006,-0.009316597932384133,0.15430199540603787,1013,231,438
Verdade sem manipulação,-0.08376032885189094,0.27493627807612536,-0.017397633327930616,0.15358200080156117,1014,230,436
Anabel Lorenzi,-0.0850012858789272,0.27127694998268265,-0.03907176922511976,0.14740377355209558,1015,229,430
País Rico É País Sem PT,-0.08530243668429642,0.2642685874384271,-0.02821145883984538,0.1470117154929904,1016,228,429
Alexandra Loras,-0.08568999134233941,0.2753311820943594,-0.028220542242829667,0.15070948362097497,1017,227,428
Brasil dos memes,-0.08628025837872996,0.2766604341148493,-0.017914968850803483,0.14831946238518195,1018,226,424
Gotas de Otimismo e Informação,-0.08634376531000233,0.20207387679668445,-0.033490423609032066,0.13847669575988203,1019,225,421
Agenda das Ciências Criminais,-0.0865500204922048,0.26444381105645,-0.04831412646720089,0.13768080556466505,1020,224,420
Aliança pelo Brasil,-0.08722585440108904,0.28654100251777975,-0.023867090532043445,0.15335055705261535,1021,223,415
Nordeste de Direita,-0.08756713638106603,0.252391013791655,0.009334787123046716,0.13498579704394115,1022,222,413
Horta Urbana,-0.0878464984524604,0.17877688782516557,-0.007894754658239281,0.11653323561672971,1023,221,411
Greve Geral contra o Golpe no Brasil,-0.08810547377104096,0.2815879709707331,-0.006074808667221524,0.15447727296463892,1024,220,410
República,-0.0883135762944568,0.28763183909871004,-0.005091333436148016,0.15458428698920013,1025,219,409
Lula Presidente do Brasil,-0.08857473007359395,0.17336589381377285,0.006018807693611876,0.1170317633288148,1026,218,408
ZonaCurva,-0.08861492751173475,0.27218025635365545,-0.016434257810787462,0.15060878126043378,1027,217,406
Luiza Erundina,-0.0891639815616802,0.2585638889842931,-0.03862184300206466,0.14955498788789648,1028,216,402
Botando Pilha,-0.08971902208159882,0.22603030450417017,-0.028151781793397206,0.11693444269730652,1029,215,401
PT Perdizes - SP,-0.08989386789427008,0.27747164221188825,-0.05018073568752976,0.14572553658942083,1030,214,400
Socialista Morena,-0.0898980505802351,0.21405855725118447,0.04124694887758726,0.12397603066300161,1031,213,399
TCPC - Testes De Coordenadas políticas Coerentes,-0.09021124115987574,0.25096476507103566,-0.04121773383273505,0.14530233886560806,1032,212,398
Bolsonaro: aqui não,-0.09064010219624542,0.20096729906821284,-0.02778775546216463,0.1343652285961392,1033,211,396
A Hora da Verdade,-0.09124044187023445,0.28582575445163527,-0.008062973805272855,0.1544436624356059,1034,210,394
Ocupa MinC RJ,-0.0913454077595496,0.27717625407759955,-0.03646039761775849,0.1496883547592178,1035,209,392
Catraca Livre,-0.0915646198154776,0.13571482501079404,0.2114855385681011,0.14348523422327425,1036,208,391
Defend Democracy in Brazil,-0.09211920624961513,0.2747270623184896,-0.01506572784962984,0.15393764973652463,1037,207,389
BRASIL ACIMA DE TUDO (OFICIAL) 🇧🇷,-0.09348699648191194,0.2769043862025861,-0.04484053083293741,0.14779702321265847,1038,206,384
Quem tem medo da História?,-0.09465652011911552,0.29017317471685006,-0.01955472359651138,0.15409388885835668,1039,205,381
Brasileiros no Japão,-0.0948237030731005,0.2805293389542561,-0.005112891881144267,0.15463973445558538,1040,204,379
Salvem a Democracia,-0.09587677276588608,0.2464941720178653,-0.007665913429337041,0.14498729792874981,1041,203,374
Deszumbizando,-0.09636672740427081,0.2812040253633615,-0.032747592785044514,0.15179732778202631,1042,202,371
Olaria da depressão,-0.09669608326004878,0.2828157138830018,-0.02275971140739558,0.15325970555617263,1043,201,369
PSOL Niterói,-0.09684258108794119,0.26449190003865014,-0.03596216432906366,0.1446013239586313,1044,200,368
Carlos Giannazi,-0.09685523747079935,0.294436426590886,-0.01537941508630651,0.15448479219009653,1045,199,366
Direita Elegante,-0.09691361941357679,0.2803983800447614,-0.05293694214821685,0.14784659486195195,1046,198,363
CWB Resiste,-0.09703807886377953,0.24117838778985937,-0.04453995316037506,0.14027961332914218,1047,197,362
Mulheres BR,-0.09774525830055274,0.26899219702011007,-0.018871891815968145,0.15203936343922037,1048,196,358
Jotta Rios,-0.09829970498058839,0.28121689607990386,-0.05608900109128244,0.1477670765055625,1049,195,354
CPERS/Sindicato,-0.09836052390229125,0.29187494488219823,-0.016033982252665738,0.1543636945568666,1050,194,353
Revoltada,-0.09862221447316019,0.25961715421470827,-0.05655635764184981,0.14921361582333326,1051,193,351
Rodrigo Neves,-0.09930481231193106,0.28835046349808147,-0.04091424340554552,0.1530191484098074,1052,192,349
Delegado Thomé - Cadidato a Deputado Estadual 40000,-0.09975050618141543,0.25826909963859257,-0.0022500092053158957,0.14908343362532717,1053,191,346
Conservadores Patriotas,-0.10011808661217006,0.2847127445669747,-0.010387998089423,0.1544552606171128,1054,190,344
Direita News 2.0,-0.10025622841747983,0.29446796039920364,-0.020590813937737498,0.15447568306139178,1055,189,342
Pátria Amada Brasil,-0.10029804703244662,0.2867692026044638,-0.04472933087072288,0.15228394434215012,1056,188,341
Ação Corrente do Bem,-0.101550133913291,0.2865850941218432,-0.009341290275908447,0.1545851989777057,1057,187,339
Rodinei Candeia,-0.10192779543569824,0.29311125637008606,-0.024746680318803064,0.15434385896185934,1058,186,338
Eliomar Coelho,-0.10223329867681763,0.2689163396210534,-0.02648895153945699,0.15138218074370813,1059,185,336
Entre Nós,-0.1025360846750763,0.2884769074632988,-0.007618928036111093,0.15471112474584967,1060,184,335
Pixuleco,-0.10289563832603756,0.26285840944412525,-0.026559991192481768,0.14688202564878694,1061,183,334
Grande mobilização Nacional contra a Corrupção,-0.10292551229199351,0.227787247096348,-0.017098194617691416,0.12176242950911233,1062,182,333
Movimento Direito Para Quem,-0.1031600798221349,0.2665639610202881,-0.04780637329686075,0.14401574549106905,1063,181,332
Catraca Livre Entretenimento,-0.10369815172356409,0.24292760163390625,0.011245585485970455,0.15383525057401545,1064,180,331
Caixa Zero,-0.10402047357572583,0.296990940328304,-0.004888845623156697,0.1549216341089171,1065,179,330
Dilma Rousseff Viva o Brasil,-0.10414009694791283,0.28730037583656937,-0.014805472166767062,0.15431491731120678,1066,178,329
O Antagonista,-0.10428554746753861,0.2947683709771604,-0.008445263958849097,0.15477363929146026,1067,177,328
Sou esquerda e dai?,-0.10514947660449467,0.2534192286576692,-0.035749937927965277,0.14462065473208763,1068,176,327
Porto Alegre da contramão,-0.10559631489646992,0.2634534845113551,-0.023546483872314245,0.1452371937544365,1069,175,325
Com Dilma contra o Golpe Fascista,-0.10570401922767318,0.29256749975862006,-0.005027189555136117,0.15493303126997934,1070,174,324
Rede Social Comunistas,-0.105841553737708,0.28393930920471966,-0.05424195190596789,0.1505108137231515,1071,173,322
PÁTRIA AMADA,-0.10620130750914471,0.27831900987351926,-0.04547722448970867,0.14958932071784392,1072,172,320
VIVA SANTO ANDRE,-0.10648630078448107,0.2810333233634005,-0.053693213296143634,0.15340348656850877,1073,171,319
Movimento Revolucionário Socialista,-0.10804011267261295,0.2788601042344948,-0.053737935834174695,0.1482913770755555,1074,170,316
Indignação Progressista,-0.10880574764283356,0.27695036434206377,-0.02703522698216134,0.1521995627897726,1075,169,313
A culpa não é minha eu votei no Ciro,-0.10944071168385935,0.2875082489691313,-0.008321187369658969,0.15472044330413365,1076,168,311
Patriotas Brasil,-0.11003800018899355,0.24879628043048302,-0.04227591053630231,0.14583176814493579,1077,167,309
Agência Pública,-0.11059137983444195,0.23430549691583893,-0.019845550674390172,0.14089481519923194,1078,166,307
Brasileiros.,-0.11163102184872663,0.28506099359954573,-0.057260730410579386,0.15102775181458594,1079,165,303
Edmilson Rodrigues,-0.1120684891462726,0.2739361993524271,-0.02996504123126159,0.1530804598460679,1080,164,299
Gaúchos da resistência.,-0.11413150613736155,0.16828598430341518,-0.10401094880146453,0.1119527015085084,1081,163,296
BLOQUEIE A GLOBO VOCÊ TAMBÉM!,-0.1144609767574012,0.19723341463653724,-0.11527180561453364,0.1341480998924611,1082,162,295
Pedra no Sapato,-0.11487882751683978,0.275275065250148,-0.0343294240877372,0.14586145593473793,1083,161,293
Lula Livre,-0.11491111753629066,0.24119728442441685,-0.020867881076276865,0.14644903577833493,1084,160,291
Sociologia para Jovens do século XXI,-0.11506920834552473,0.2770942869069552,-0.044064795608875974,0.15015192560068263,1085,159,290
Unifesp Livre,-0.11551559447066899,0.2743393703418007,-0.05433030266209474,0.147147320798689,1086,158,287
Professor Robson Salvador,-0.11618902115548459,0.28772038947961004,-0.005880180515547731,0.15509357331848028,1087,157,284
Mulheres contra Bolsonaro,-0.11633261096489325,0.27138148011363844,-0.061509632160107644,0.1435207961786521,1088,156,283
EmTransito,-0.11634588901687236,0.29642815555188506,-0.006380943636922719,0.15510636670071076,1089,155,282
O Brasil do Bem,-0.11651392687795549,0.27340335993963055,-0.07236534930865021,0.1410446035498168,1090,154,280
The Intercept glenn greenwald vazajato,-0.1180560246165082,0.25184782862351346,-0.0037158098491739964,0.14734007231149715,1091,153,278
The Guardian,-0.11864170856316483,0.29289520339329794,-0.046649726325721674,0.15454095910436527,1092,152,277
KAIU NA MÍDIA!!,-0.11894069116729354,0.29862498958460004,-0.009318659110376801,0.15505922130851152,1093,151,275
Causa Espécie,-0.11963670791695233,0.27155764992738035,-0.018199353621615254,0.1513983928534497,1094,150,271
Direita 22,-0.11984338603217311,0.2614989621221442,-0.09171129896761517,0.1451988469272525,1095,149,270
Estação das Flores®,-0.1199656210794403,0.24461647527737562,-0.03920486554596727,0.1379182162227586,1096,148,269
Mário Magalhães,-0.12012955266133525,0.28286936466268714,-0.011931374453176082,0.15480806304299283,1097,147,268
Mulheres da Resistência no Exterior,-0.12038897553321316,0.26595177952703286,-0.018705387002916424,0.1516036518795489,1098,146,267
Classe Média Sem Babaquice,-0.12131225014911311,0.248021776531736,0.009459838186035444,0.13958004080858763,1099,145,265
Kerexu,-0.1225253923460478,0.25398589926689097,-0.01370585469615636,0.14438111745026905,1100,144,263
Revista Resistência Mulheres e homens pela Democracia e Direitos Humanos,-0.12254549679443372,0.1719467267208519,-0.015214452497777933,0.11507593876009502,1101,143,262
Afrânio Silva Jardim,-0.12336120358240826,0.259450794144921,-0.03820740052741384,0.14511640405067294,1102,142,261
LULA PELA DEMOCRACIA,-0.12398593024507519,0.22564773883043507,-0.038211598987448546,0.1282415680965954,1103,141,259
NERD ATEU,-0.12421025958404053,0.2914247038990312,-0.053887719655738416,0.15419441290367636,1104,140,258
Todd Tomorrow,-0.1251613059260782,0.21843799863309518,0.010450165627004567,0.13460580479246995,1105,139,253
FORÇABRASIL,-0.12565581698350908,0.27733030978318596,-0.05813339729772904,0.14867163361701366,1106,138,252
O Globo,-0.12603688937465982,0.22526167954500428,4.3317440581290865e-4,0.1531547595228891,1107,137,251
Combate Racismo Ambiental,-0.126915711407836,0.28838942926606836,-0.006772150790819636,0.15529480858490993,1108,136,249
Brasil de Verdade,-0.12766231929515262,0.290064060221453,-0.011417986620400573,0.15506274732815278,1109,135,245
Questione,-0.12767242926972888,0.24911679176020496,-0.009038390030660861,0.14519472762127963,1110,134,244
Revista ISTOÉ,-0.12921563224185204,0.27693499144996747,-0.025832436449034622,0.15390575065192294,1111,133,242
Comenismo merdapostagem para jovens que estão MUITO cansados,-0.1292964123403322,0.2925257439184558,-0.012287215734134922,0.15506591030762162,1112,132,241
Sociedade Racionalista,-0.12939359673707854,0.25365590158354,0.003343622715549928,0.14386415166345393,1113,131,240
PSOL Carioca,-0.13061091624139218,0.2199953346617089,0.042318719042497316,0.1414936065416684,1114,130,236
Movimento São Paulo Independente,-0.13101539697762066,0.29031683848607415,-0.05956882120183014,0.15385904376232537,1115,129,234
"WILSON WITZEL 35,  É POVO DE NOVO!!!",-0.13124989902689463,0.29554305162993244,-0.008253998687486667,0.15535175914502547,1116,128,232
Portal da Educadora,-0.13173587728254302,0.224826833604341,-0.027998315117767847,0.14938503957784813,1117,127,231
DireitaNacional,-0.13211664282641725,0.3008666548113085,-0.01179731950171218,0.15527905785102644,1118,126,229
UOL Notícias,-0.1326372757305355,0.12456670697480288,0.07200786265953309,0.12666951705849738,1119,125,228
Contra tudo que representa a Escravidão,-0.13267370859163807,0.2346487361394322,-0.1040805615344621,0.14476719186473758,1120,124,227
Inteligente o suficiente para não votar em fascista,-0.13292035357381143,0.2781155157615792,-0.076189463406489355,0.1463847920487857,1121,123,225
Mães pelo Escola sem Partido,-0.13412323664489212,0.28655118024501014,-0.0151783598780531,0.1548893125164789,1122,122,223
GRUPO DE APOIO AO  GOVERNO DO BOLSONARO PRESIDENTE DO BRASIL,-0.13444186266201646,0.2012195278998048,-0.06270753676207708,0.12333446415261427,1123,121,221
Observatório da Mineração,-0.1346712783786705,0.2661317692397261,-0.0598285766925236,0.1448584075195138,1124,120,220
Cotidiano Cristão,-0.13651699074671342,0.2753953445166806,-0.02915103490882186,0.14928650841027785,1125,119,218
Frente Progressista,-0.13680454755393542,0.2946241057236117,-0.013343144948864339,0.15521483573640862,1126,118,217
À Esquerda,-0.13684231399212127,0.2184670653487374,-0.05905688174408766,0.1422877715419355,1127,117,216
Direita do Brasil - Conservadorismo,-0.13898141515393725,0.2651205856929929,-0.018217452594333026,0.15423834980368586,1128,116,212
Boicote o Consumismo,-0.1397681559987275,0.28281945504694783,-0.01191088196140082,0.15520246005319904,1129,115,207
Wilson Gomes,-0.13982906168636142,0.2728865321067396,-0.03861635398846741,0.14641232104147198,1130,114,206
revista piauí,-0.14000818152063452,0.2972529515025059,-0.0063383767696757595,0.1556923550907964,1131,113,205
Corrupção é com a PRIVATARIA TUCANA,-0.14019455657997318,0.2514584726466586,-0.08255339601914768,0.133152993430843,1132,112,204
Acervo do Conhecimento Histórico,-0.14153695890267964,0.23634765706913546,-0.029505086313833553,0.14871402908035836,1133,111,200
Sou conservador cristão,-0.14251049433426013,0.28256866069162273,-0.015498309840570823,0.15497835116015907,1134,110,198
Mauricio Stycer Vê TV,-0.14268296803475003,0.2949650617412049,-0.00861108908501558,0.15561533318289378,1135,109,197
Grupo de Apoio aos Povos Originários do Brasil,-0.14301895642232748,0.25954252513577125,-0.031317297612565825,0.14395878561920175,1136,108,196
Juntos Mudaremos o Brasil!,-0.1436666304463516,0.2953711114191639,-0.031006843950139897,0.15487132503431572,1137,107,195
EnDireita RS,-0.14501992538752706,0.2982163230490603,-0.06209960847819307,0.15673513642584563,1138,106,193
Todo Mundo Odeia o Bolsonaro,-0.14545014543777027,0.2502601714453565,-0.10093461651476737,0.12193175645426808,1139,105,190
O Planeta Está Com Febre,-0.1462833365104157,0.28726199926665913,-0.010888112089047193,0.15550126755503166,1140,104,189
Jeovah Santos Artista Plástico,-0.14669762034435982,0.2938637686083654,-0.07296574498195285,0.15571887031811463,1141,103,188
Solidariedade a Dilma,-0.14706652059201897,0.2703512160487041,-0.020542507326015046,0.14443097255669707,1142,102,187
LULA 2022,-0.14762603521558526,0.27638001524949385,-0.06221331677610196,0.14931219410735022,1143,101,186
Bruno da Rosa,-0.14798877343245548,0.2636461248820907,-0.0934453817037016,0.1330109019671244,1144,100,185
Direita Pernambuco,-0.14919867036540876,0.287189627255331,-0.03923719261144944,0.15381100774887338,1145,99,184
Judeus unidos contra Bolsonaro,-0.1512718551689647,0.24051801031511086,-0.08197276308324403,0.1400724733467562,1146,98,180
Bolsonaro é o Brasil,-0.1535973102337819,0.28159124266561875,-0.06404651122187341,0.15123900255349987,1147,97,179
Mulheres Unidas Com Bolsonaro,-0.15497130768576411,0.27759566191534574,-0.07433114723980509,0.1487508178651873,1148,96,176
Renato Simões,-0.15628303602390156,0.25818773963132663,-0.06773938359397243,0.1478188575632729,1149,95,175
🇧🇷 FECHADO COM O POVO PELO BEM DO BRASIL 2023 🇧🇷,-0.1589986691103404,0.24876092414444745,-0.07386555563130118,0.14385949942043239,1150,94,173
Bloco do Pink Floyd,-0.15925155878900832,0.263330391109157,-0.029543711219924357,0.15178564097383693,1151,93,171
Sergio Moro - Eu Apoio a Lava Jato,-0.1595419713040352,0.26924651177651493,-0.05296743193417057,0.14500149470368487,1152,92,170
Hipocrisia: A rainha absoluta,-0.16031439889046706,0.26209497309214,-0.02975194990147667,0.149476721932749,1153,91,166
Leandro Grespan,-0.1605347031797985,0.28025359560380714,-0.06668981792727723,0.15232078625686118,1154,90,165
Luciana Genro,-0.16060369451573356,0.22699333076337683,-0.056803469002356645,0.12408882124288685,1155,89,164
iG,-0.16099326760597985,0.23162267569696687,-0.011254885682914826,0.15566546877296583,1156,88,161
Gazeta do Povo,-0.1617149045472846,0.22545522640198662,-0.02040827650019778,0.15230728064148485,1157,87,160
Política Estadão,-0.1621063874618318,0.28311043493402055,-0.007450050162401746,0.1562231818696674,1158,86,158
Mulheres Unidas  A Favor de Bolsonaro,-0.16332979966520783,0.2945650094759495,-0.010652002110894898,0.15606255154355583,1159,85,155
"Deus, Pátria e Família",-0.16405208951733022,0.2774960541610071,-0.10942833825715548,0.15628172228231654,1160,84,153
A Caixa de Pandora,-0.1647990839688966,0.2596840948787736,-0.09674915387128775,0.133389761528175,1161,83,151
No Caminho Da Resistência,-0.16499964558793795,0.2209744063868658,-0.02081862149838502,0.14338352874371899,1162,82,149
Teologia da Libertação,-0.16510132864055943,0.2784475526093374,-0.08422619499940515,0.14863319198992597,1163,81,148
Stanley Burburinho,-0.16588032615965972,0.3004677773107811,-0.01971437505385208,0.15572977442985103,1164,80,147
Fernanda Melchionna,-0.16628961861006436,0.22991924660394056,-0.0702078236371842,0.1311705519815286,1165,79,146
Musas Lulettes e Fidelettes,-0.1676767858113847,0.2571996898009372,-0.049765675258623604,0.13955065757529414,1166,78,145
Babá,-0.16775812588286304,0.2407079059261895,-0.07032674793816403,0.13884067412305826,1167,77,144
Furacão CHEGA 🌪️,-0.1700455516559659,0.24331682060013926,-0.11001876318077645,0.1301211069525894,1168,76,143
O Brasil,-0.1728191366818728,0.2531938243760571,-0.06132034926429224,0.13980123979382555,1169,75,139
Analfabeto Político,-0.1741631078203054,0.16323732788085787,-5.165754745201446e-4,0.1098070414269842,1170,74,138
Em Defesa do Brasil,-0.1759599301113918,0.21963116045651304,-0.09062124146221417,0.13198801172658894,1171,73,133
Avaaz,-0.17699897193265798,0.3023084245591743,-0.06959570711337644,0.15773190490221595,1172,72,131
TV Poeira,-0.1780471007350058,0.19160509214573687,-0.03874914070859989,0.12685896428501284,1173,71,129
Livre.jor,-0.17974917059221135,0.2748162315218157,-0.04317267658284075,0.15300821454341879,1174,70,128
MULHERES COM BOLSONARO ALIANÇA PELO BRASIL [OFICIAL],-0.18473552306415486,0.22409371283994384,-0.07725763729096445,0.15330681811759875,1175,69,125
Flavio Serafini,-0.18500362536958584,0.22885030463098383,-0.08194626925037374,0.1327483893587078,1176,68,124
Movimento Voto Nulo,-0.1857190589474479,0.2132273168384498,-0.07817304316652537,0.10816284649496069,1177,67,123
Mídia NINJA,-0.1878962307690622,0.1685619118574002,-0.10673798732591676,0.13813340162093016,1178,66,121
a gata e o diabo,-0.1879278794641126,0.283286706971777,-0.01742932607962119,0.15618006433160164,1179,65,120
Igreja de Santa Cher na Terra,-0.19046200704888946,0.22509012758784458,-0.07910391963803794,0.12772924597167823,1180,64,119
Unidos pelo Serviço Público,-0.19058188598049455,0.26730204848160444,-0.07300438641193607,0.1472674985121675,1181,63,118
CartaCapital,-0.1926376829152891,0.27647908889807593,-0.01188420022158227,0.15671879459698107,1182,62,114
Vamos reeducar os governantes do Brasil,-0.19317678918593872,0.3031393752991676,-0.09029238384693934,0.15985784954712445,1183,61,113
HKA,-0.19461829017146434,0.27706441348252164,-0.043866301396908225,0.15365252085636286,1184,60,111
Todo dia um esforço diferente para não virar ancap,-0.19518794086405003,0.2950927253131074,-0.108838840153137,0.1579575247850151,1185,59,109
Cansei de Religião,-0.1967973543732048,0.29388448057360983,-0.06605748307065491,0.1551625640220525,1186,58,107
Metralhando a Corrupção,-0.19870266355974972,0.2721818392908526,-0.007462792552496781,0.15727729760240777,1187,57,106
"ST, SGTS, CABOS  E  SOLDADOS  DO  BRASIL",-0.19932750316312958,0.278555669216911,-0.07929463501516638,0.15154321979820753,1188,56,105
Brasil Acima de Tudo Deus Acima de Todos,-0.19939287029760794,0.25946935952751227,-0.08651569622579469,0.13956152329335808,1189,55,104
O Plutocrata 1.0,-0.20023488898818945,0.30216622646118907,-0.07509512656776407,0.15751944977416435,1190,54,103
"PATRIOTAS EM AÇÃO, CURITIBA",-0.20162652552110746,0.24736484514866036,-0.07491469099153383,0.11812931346816317,1191,53,102
ALIANÇA PELO BRASIL,-0.20231798486147334,0.2417340066434842,-0.03672613996420263,0.13073742373813582,1192,52,100
The Intercept Brasil,-0.20673909769535076,0.28855738546584786,-0.02036372316035794,0.15680728787409595,1193,51,97
Aliança Pelo Brasil,-0.20712841478976676,0.3010166126805976,-0.09048458467061275,0.15848460883480076,1194,50,96
MUD - Movimento de União Pela Democracia,-0.20977042141111796,0.23087047355068058,-0.05689331847579077,0.15044844105368535,1195,49,95
O Incomum,-0.21035890853777922,0.2937696038390495,-0.06665168518342186,0.15503495809959406,1196,48,94
República de Curitiba,-0.21043578987069364,0.24108243636952134,-0.04962770922833274,0.14876143098808767,1197,47,92
Eu amo meu nordeste,-0.21088077773381572,0.28388347635101546,-0.06242127563919192,0.15217484068711332,1198,46,91
Replicante Seletivo,-0.2113928430168064,0.24311560708152674,-0.10493150348813086,0.13198663215964435,1199,45,90
Joice Hasselmann,-0.21415117532297565,0.3121371929251312,-0.013966457904600526,0.1576406902786993,1200,44,89
Doutor Segurança - Jorge Lordello,-0.21541808245478922,0.3026391849391657,-0.02569530544414187,0.15682359312707253,1201,43,87
Veganismo e Libertação Animal,-0.21926307182842647,0.24475799434887935,-0.1065027348473696,0.1339166081127012,1202,42,86
Poder360,-0.22057771751174823,0.2517545934140716,-0.0408951617868649,0.15028760082874926,1203,41,85
Revoltados on LINE - Intervenção FFAA,-0.22467210945989707,0.19596353993554375,-0.09755577000797173,0.1286093935633655,1204,40,84
República Riograndense #direitarsbr,-0.22639436955656692,0.27089995694078955,-0.07789794079621436,0.15090029760343573,1205,39,79
Comuna Rubro-Negra,-0.22800056413867145,0.30338263443769997,-0.02178244572806374,0.1574326204363893,1206,38,75
Apenas Mais Uma de Ateu,-0.22872543362626202,0.21700064144668682,-0.06042961004439128,0.12009666547281152,1207,37,74
Carioca Rei do Amendoim,-0.229919389398456,0.24949300650580736,-0.10025747191149013,0.14242598092358333,1208,36,72
Unidos por Lula,-0.23224403280148226,0.2794708839547311,-0.033419889646739503,0.1555755105447379,1209,35,68
"letra, música & história",-0.23561132018285336,0.21238001025435543,-0.04154076874997085,0.1424813239518693,1210,34,67
Brigada Herzog,-0.24135723392917582,0.27702531957630944,-0.01690715012716253,0.15823910019376755,1211,33,63
Haddad Governador,-0.24192386648602576,0.2701839570747435,-0.06387017971112852,0.15242835547231476,1212,32,62
Direita Democrática Brasileira,-0.24377388238491082,0.25989640352853594,-0.09244122389956605,0.15087983833442517,1213,31,60
ALIANÇA PELO BRASIL - O NOVO PARTIDO DE JAIR BOLSONARO,-0.24533657933607222,0.279250493940613,-0.1255025689829158,0.15056702197313016,1214,30,59
Cartazes & Tirinhas LGBT,-0.2517644344695222,0.1436103998253841,-0.022319466589369452,0.12013800940593364,1215,29,56
Patrus Ananias,-0.2519879460881305,0.262566095327292,-0.015501715573814155,0.15540560406420573,1216,28,55
GRUPO DE APOIO AO BRASIL,-0.2618359737517432,0.23845500957518553,-0.09264354801035776,0.12640663606910332,1217,27,53
David Miranda,-0.2647290292513911,0.19618919308534571,-0.017838944223364902,0.12395547425417011,1218,26,52
Blog do Josias,-0.2703940271742149,0.19614636843068806,-0.04902976862056041,0.14975229798399683,1219,25,51
Rose Cipriano,-0.27118077976867166,0.27498345572056987,-0.13249044928801082,0.14917137742603837,1220,24,50
Sergio Moro 🇧🇷,-0.2752624027221549,0.19699799163644913,-0.21753767882291808,0.1071982665663435,1221,23,49
Avivalista PrValdir Soares,-0.27751567153501405,0.3004366466623953,-0.06359707533254277,0.15690693056568075,1222,22,46
Politizados,-0.28038456396965716,0.2486483580664738,-0.11313131489098055,0.12824317277113415,1223,21,44
Muda Mais,-0.28786519423313645,0.2387070629950195,-0.1225475121827747,0.1247316195336301,1224,20,42
Política Feita com a Verdade,-0.28999248955150736,0.23743739736448152,-0.15769876508281616,0.1531257154198163,1225,19,41
Curitiba Contra o PT,-0.3142425299039846,0.21206925679943525,-0.09206371631332319,0.11665309331063348,1226,18,36
PORTA DE PRIVADA.,-0.31646748394546076,0.21704652559528742,-0.09036005868228651,0.11394553856407348,1227,17,35
Correio Braziliense,-0.3282251798279778,0.2427427428058733,-0.017792888435508483,0.1588506650433957,1228,16,33
Brasil de Fato,-0.33582920248361126,0.22533319036615462,-0.14484167310769658,0.15370733394528735,1229,15,32
Grupo do SOLDADO DE AÇO RESISTÊNCIA PATRIÓTICA,-0.341345879427847,0.25264218551602946,-0.1554844775601475,0.13336762353539844,1230,14,30
LULA LÁ BRILHA UMA ESTRELA,-0.3450393829706422,0.17413777002327085,-0.06548351477859342,0.11753729979001289,1231,13,29
Amanda Brandão Armelau,-0.36145071556570785,0.27107519014658327,-0.2134789027650153,0.14593913471207398,1232,12,24
O Povo,-0.3658544834647113,0.21684096419480703,-0.033687888159788626,0.14684058531083702,1233,11,23
Grupo Sujeito Raro,-0.4022850947948093,0.2633069243111138,-0.2661580725507601,0.15424081713279228,1234,10,20
Eliane Brum,-0.4024341242664605,0.28455288312399446,-0.16968500007729487,0.15758378914360394,1235,9,19
EL PAÍS Brasil,-0.40380257132684516,0.2683368326249888,-0.033467112501819184,0.16475101617908952,1236,8,17
História da Ditadura,-0.41668127202632105,0.28709946391220553,-0.046971467875481634,0.16392385968378342,1237,7,16
"Somos Lulistas, Dilmistas E Petistas Roxos",-0.44477770999129523,0.27300337746881,-0.12170187318755193,0.15627942381187612,1238,6,13
Observatório da Violência Religiosa,-0.4454738111914667,0.2963371349274706,-0.03020052996408703,0.1686889304058303,1239,5,12
Quebrando o Tabu,-0.4630563840804308,0.19978379214239084,-0.10732382562255918,0.1343242358064538,1240,4,10
DIREITA RACIONAL,-0.47504421286345083,0.2834384352185232,-0.1619213460756782,0.15736828321388802,1241,3,9
FORA BOLSONARO!!,-0.49954809635221936,0.19216808872959876,-0.23451054180623387,0.12191666603596385,1242,2,6
BBC News Brasil,-0.5068525420293892,0.18651740725544388,-0.01784876852924362,0.1735912315945144,1243,1,5
